"Name","State","ID","Main","Accred","MainDegree","HighDegree","Control","Region","Locale","Latitude","Longitude","AdmitRate","MidACT","AvgSAT","Online","Enrollment","White","Black","Hispanic","Asian","Other","PartTime","NetPrice","Cost","TuitionIn","TuitionOut","TuitionFTE","InstructFTE","FacSalary","FullTimeFac","Pell","CompRate","Debt","PctWomen"
"Alabama A & M University","AL",100654,1,"Southern Association of Colleges and Schools Commission on Colleges",3,4,"Public","Southeast","City",34.783368,-86.568502,68.4,18,920,0,5196,2,89.6,1.1,0.2,7.2,7.8,14982,23167,10024,18634,10673,7073,8651,70.6,65.4,26.8,31000,59.5
"University of Alabama at Birmingham","AL",100663,1,"Southern Association of Colleges and Schools Commission on Colleges",3,4,"Public","Southeast","City",33.505697,-86.799345,86.7,27,1291,0,12776,51.3,25.3,7.1,8.2,8.1,19.9,16755,26257,8832,21216,11549,15256,11837,75.3,33.1,64.4,22300,62.5
"Amridge University","AL",100690,1,"Southern Association of Colleges and Schools Commission on Colleges",3,4,"Private","Southeast","City",32.362609,-86.17401,NA,NA,NA,1,228,28.5,66.2,3.1,0,2.2,43.4,NA,NA,NA,NA,16987,5927,4134,100,77.7,50,32189,63.6
"University of Alabama in Huntsville","AL",100706,1,"Southern Association of Colleges and Schools Commission on Colleges",3,4,"Public","Southeast","City",34.724557,-86.640449,78.1,28,1259,0,6985,71,8.7,6.7,3.9,9.7,16.1,18240,25777,11878,24770,9212,8733,10267,65,21.7,62.9,20705,40.2
"Alabama State University","AL",100724,1,"Southern Association of Colleges and Schools Commission on Colleges",3,4,"Public","Southeast","City",32.364317,-86.295677,96.6,18,963,0,3296,1.6,92.5,1.2,0.1,4.6,7.7,13527,21900,11068,19396,9246,9349,8071,69.6,69.8,27.7,31000,64
"The University of Alabama","AL",100751,1,"Southern Association of Colleges and Schools Commission on Colleges",3,4,"Public","Southeast","City",33.211875,-87.545978,80.1,26,1304,0,31360,73.4,10.7,5.8,1.5,8.7,7.9,20888,31024,11940,32300,13878,8923,10777,77.7,17.9,72.8,22750,56
"Athens State University","AL",100812,1,"Southern Association of Colleges and Schools Commission on Colleges",3,4,"Public","Southeast","Town",34.806793,-86.964698,NA,NA,NA,0,2465,75.7,12.6,5,0.5,6.2,55.1,NA,NA,NA,NA,6843,8776,9088,46.4,41.3,NA,18051,70.7
"Auburn University at Montgomery","AL",100830,1,"Southern Association of Colleges and Schools Commission on Colleges",3,4,"Public","Southeast","City",32.36736,-86.177544,92.2,21,1051,0,3307,40.5,45.8,1.8,2.9,9,26.1,12630,19771,9100,19348,8348,7938,8366,69.9,45.9,35.8,25000,67.6
"Auburn University","AL",100858,1,"Southern Association of Colleges and Schools Commission on Colleges",3,4,"Public","Southeast","City",32.599378,-85.488258,43.7,NA,1292,0,25234,82.7,4.2,4,2.8,6.3,9.1,24297,33650,12176,32960,17158,8493,11608,85.4,12.5,80.8,21000,50.1
"Birmingham-Southern College","AL",100937,1,"Southern Association of Colleges and Schools Commission on Colleges",3,3,"Private","Southeast","City",33.513774,-86.850552,57.2,25,1218,0,968,74,15.2,5.6,2.3,3,0.6,NA,35495,21250,21250,10340,10997,7029,83.2,22.7,64.6,25000,47.5
"Faulkner University","AL",101189,1,"Southern Association of Colleges and Schools Commission on Colleges",3,4,"Private","Southeast","City",32.384181,-86.21641,82.4,20,1021,0,1587,44.6,40.6,4.6,1.1,9.1,23.9,NA,36169,23920,23920,11939,7286,6486,56,46.1,33,23000,56
"Huntingdon College","AL",101435,1,"Southern Association of Colleges and Schools Commission on Colleges",3,3,"Private","Southeast","City",32.351034,-86.284366,66,22,1086,0,810,66.9,19.1,5.7,0.4,7.9,2.4,NA,39717,28350,28350,14459,8160,7476,79,39.2,50.2,27000,44.1
"Heritage Christian University","AL",101453,1,"Association for Biblical Higher Education",3,4,"Private","Southeast","City",34.856153,-87.663051,100,NA,NA,0,72,84.7,8.3,5.6,0,1.4,59.7,NA,17810,11632,11632,4856,8422,5201,45.5,39.3,NA,NA,8.3
"Jacksonville State University","AL",101480,1,"Southern Association of Colleges and Schools Commission on Colleges",3,4,"Public","Southeast","Suburb",33.822938,-85.765321,78.5,20,1055,0,7066,61.3,25.9,0.2,0.5,12.1,10.7,17979,22153,11952,21912,7053,6828,7560,65,43.9,52.2,22189,59.7
"University of West Alabama","AL",101587,1,"Southern Association of Colleges and Schools Commission on Colleges",3,4,"Public","Southeast","Rural",32.588132,-88.186329,68.9,19,1015,0,2424,44.4,37,3,0.2,15.5,21.6,14006,22456,10990,20090,8138,7680,6914,36.5,45.6,38.5,24944,70.1
"Miles College","AL",101675,1,"Southern Association of Colleges and Schools Commission on Colleges",3,3,"Private","Southeast","Suburb",33.482442,-86.908751,NA,NA,NA,0,1257,3.2,95.1,0.6,0,1.1,4.5,NA,22653,12714,12714,4563,4405,5200,52.7,74.5,26.4,31217,54.7
"University of Mobile","AL",101693,1,"Southern Association of Colleges and Schools Commission on Colleges",3,4,"Private","Southeast","Rural",30.793247,-88.128934,84.1,NA,1220,0,1108,63.6,16.2,1.9,1.4,16.9,4.9,NA,37908,25880,25880,10548,8085,5603,100,28.3,45.7,26500,63.1
"University of Montevallo","AL",101709,1,"Southern Association of Colleges and Schools Commission on Colleges",3,4,"Public","Southeast","Town",33.10625,-86.865099,59.8,23,NA,0,2128,65.8,17.1,7.1,0.4,9.6,7.8,17174,26185,13710,26730,8514,11337,8552,62.2,41.7,54.8,24000,63.2
"University of North Alabama","AL",101879,1,"Southern Association of Colleges and Schools Commission on Colleges",3,4,"Public","Southeast","City",34.80731,-87.680407,95.7,NA,NA,0,5408,72.6,10.2,4.6,1.4,11.2,14.9,10527,21621,11220,21420,8254,8349,8707,58.3,29.2,52.3,22077,62.9
"Oakwood University","AL",101912,1,"Southern Association of Colleges and Schools Commission on Colleges",3,4,"Private","Southeast","City",34.756344,-86.652705,68,NA,NA,0,1378,0.9,74.4,9.4,0.1,15.2,5.3,NA,38377,20040,20040,12279,8281,4842,85.4,49,46.7,27000,57.3
"Samford University","AL",102049,1,"Southern Association of Colleges and Schools Commission on Colleges",3,4,"Private","Southeast","Suburb",33.464128,-86.791799,83.3,26,1227,0,3668,85.1,5.3,4.1,1.4,4.1,1.6,NA,52514,36725,36725,19873,15323,9179,99.7,10.5,77.8,19500,67.8
"Selma University","AL",102058,1,NA,3,3,"Private","Southeast","Town",32.420387,-87.032392,NA,NA,NA,0,30,0,100,0,0,0,63.3,NA,NA,4800,4800,4575,8020,428,NA,NA,NA,NA,56.7
"University of South Alabama","AL",102094,1,"Southern Association of Colleges and Schools Commission on Colleges",3,4,"Public","Southeast","City",30.696033,-88.178711,65.4,23,1118,0,8171,60.4,22.2,4.7,4,8.7,13.8,16717,22667,9116,17732,9557,10863,7772,62.8,38.5,47.7,24929,61.2
"Spring Hill College","AL",102234,1,"Southern Association of Colleges and Schools Commission on Colleges",3,4,"Private","Southeast","City",30.694751,-88.138199,72.6,19,1094,0,932,60.6,13.1,9.4,1.5,15.3,3.4,NA,35488,21732,21732,12477,8453,6821,67.6,35.3,61.6,27000,57
"Stillman College","AL",102270,1,"Southern Association of Colleges and Schools Commission on Colleges",3,3,"Private","Southeast","City",33.200006,-87.585278,64.5,NA,NA,0,727,2.8,95.2,0.7,0.3,1.1,17.3,NA,25678,11392,11392,8144,4757,5140,57.8,69.9,24.8,29067,55.4
"Talladega College","AL",102298,1,"Southern Association of Colleges and Schools Commission on Colleges",3,4,"Private","Southeast","Town",33.433472,-86.112704,NA,NA,NA,0,832,1.4,83.9,4.8,0,9.9,5.7,NA,22267,13866,13866,10172,2381,6413,51.1,70.3,35.3,28500,48
"Troy University","AL",102368,1,"Southern Association of Colleges and Schools Commission on Colleges",3,4,"Public","Southeast","Town",31.799583,-85.95802,94.8,21,1050,0,10316,53,32.3,4.6,0.6,9.5,31.5,15002,22005,9312,18624,9533,7548,7183,49.5,42.3,45.5,25000,64.7
"Tuskegee University","AL",102377,1,"Southern Association of Colleges and Schools Commission on Colleges",3,4,"Private","Southeast","Town",32.4309,-85.708492,29.7,22,1091,0,2100,0.6,90.9,1.9,0.3,6.3,5.4,NA,41924,22614,22614,12867,18434,7526,84.8,57.2,67.3,27000,61.9
"United States Sports Academy","AL",102395,1,"Southern Association of Colleges and Schools Commission on Colleges",3,4,"Private","Southeast","City",30.639329,-87.91163,100,NA,NA,1,94,38.3,24.5,13.8,0,23.4,75.5,NA,NA,16418,16418,17734,9921,7124,37.9,54.3,NA,NA,18.1
"University of Alaska Anchorage","AK",102553,1,"Northwest Commission on Colleges and Universities",3,4,"Public","West","City",61.190163,-149.82619,65.3,NA,NA,0,6778,49.2,3.6,11.5,9.4,26.3,47.8,10978,23461,7508,21635,8360,14817,9517,52.2,19.3,30,20210,60.2
"Alaska Bible College","AK",102580,1,"Association for Biblical Higher Education",3,3,"Private","West","Suburb",61.598553,-149.111972,NA,NA,NA,0,31,90.3,3.2,0,0,6.4,32.3,NA,19679,10900,10900,9882,6856,NA,NA,52.3,50,NA,35.5
"University of Alaska Fairbanks","AK",102614,1,"Northwest Commission on Colleges and Universities",3,4,"Public","West","City",64.85756,-147.823146,NA,22,NA,0,4010,53.3,3.3,9.6,2.2,31.5,44.2,8529,19814,7896,22032,9407,19579,9649,61.8,21.6,38.5,20291,59.9
"Alaska Pacific University","AK",102669,1,"Northwest Commission on Colleges and Universities",3,4,"Private","West","City",61.190968,-149.804168,99.3,NA,NA,0,457,32.8,4.8,1.5,6.6,54.3,17.5,NA,36422,20760,20760,11908,13750,6837,50,37.9,36.1,23500,82.3
"Brookline College-Phoenix","AZ",104090,1,"Accrediting Bureau of Health Education Schools",3,4,"Profit","West","City",33.566102,-112.112473,NA,NA,NA,0,841,25.4,12.6,32.5,3.2,26.3,0,NA,NA,NA,NA,18658,5610,6818,41,46.8,57.4,9500,89.2
"Arizona State University Campus Immersion","AZ",104151,1,"Higher Learning Commission",3,4,"Public","West","City",33.417721,-111.934383,89.8,NA,NA,0,64778,45.2,4.3,26,8.8,15.8,7.7,12817,26937,11618,30592,18226,12980,11931,73.8,31.2,66.9,19500,49.1
"University of Arizona","AZ",104179,1,"Western Association of Schools and Colleges Senior Colleges and University Commission",3,4,"Public","West","City",32.232672,-110.950815,86.8,25,1229,0,37979,49.4,4.1,27.9,5.3,13.3,20.6,14721,27682,13275,39577,13864,13072,11438,75.1,27.8,67.9,19620,55.9
"Embry-Riddle Aeronautical University-Prescott","AZ",104586,0,"Southern Association of Colleges and Schools Commission on Colleges",3,4,"Private","West","City",34.616766,-112.449741,68,26,1278,0,3114,57.7,1.9,15.1,6.1,19.3,4.6,NA,58036,40464,40464,30906,14621,9249,73,17.8,70.6,23666,27.4
"Grand Canyon University","AZ",104717,1,"Higher Learning Commission",3,4,"Profit","West","City",33.513231,-112.129929,77.9,NA,NA,0,65147,48.8,15.3,23.4,2.9,9.6,63.3,NA,31440,17800,17800,11396,2669,7083,8.8,42.5,45.1,22114,70.1
"Northern Arizona University","AZ",105330,1,"Higher Learning Commission",3,4,"Public","West","City",35.188449,-111.653724,80,NA,NA,0,23090,55.7,2.9,26.3,3.1,12,13.3,15533,28648,12274,27536,7152,6866,9187,66.5,31.4,59.1,19000,63.2
"Prescott College","AZ",105589,1,"Higher Learning Commission",3,4,"Private","West","City",34.5452,-112.477185,98.4,NA,NA,0,313,66.4,3.8,4.5,3.8,21.4,22.4,NA,45439,35450,35450,13743,6185,4189,40.4,45.1,55.3,16300,63.9
"Arizona Christian University","AZ",105899,1,"Higher Learning Commission",3,3,"Private","West","Suburb",33.622952,-112.181776,70.1,20,NA,0,1028,48.6,10.7,26.8,1.3,12.7,9.7,NA,47865,31650,31650,12924,4421,5342,42.4,36.1,45.3,23000,38.7
"University of Arkansas at Little Rock","AR",106245,1,"Higher Learning Commission",3,4,"Public","Southeast","City",34.723254,-92.339778,61.5,22,1089,0,4802,49.3,26,3.4,2.2,19.1,40.1,16711,21300,8366,18957,5714,9365,7801,100,39.7,41.9,22000,63.4
"University of Arkansas for Medical Sciences","AR",106263,1,"Higher Learning Commission",3,4,"Public","Southeast","City",34.750152,-92.322348,NA,NA,NA,0,1287,60.8,11.8,9.2,8.1,10.1,40.8,NA,NA,NA,NA,16879,42864,8393,89.8,30.2,NA,14000,84
"Arkansas Baptist College","AR",106306,1,"Higher Learning Commission",3,3,"Private","Southeast","City",34.734751,-92.290555,NA,NA,NA,0,497,3.4,83.9,8.1,0,4.6,9.9,NA,22715,8760,8760,2589,4785,4977,41.5,63.3,8.3,25375,23.3
"Lyon College","AR",106342,1,"Higher Learning Commission",3,3,"Private","Southeast","Town",35.777619,-91.625354,59.8,24,NA,0,489,51.1,6.1,3.3,1.2,38.3,1.6,NA,44749,31000,31000,10188,13400,5817,86.2,36.8,38.3,21500,40.5
"University of Arkansas","AR",106397,1,"Higher Learning Commission",3,4,"Public","Southeast","City",36.070009,-94.176981,78.9,25,1167,0,26002,74.2,4.3,10.7,2.8,8,10,16050,24611,9656,27410,9780,10615,10237,80.1,18.2,69.2,21500,56
"University of Arkansas at Pine Bluff","AR",106412,1,"Higher Learning Commission",3,4,"Public","Southeast","Town",34.244031,-92.018683,69.3,16,878,0,2155,2.6,90.2,2.6,0.3,4.3,14.6,9607,19968,8668,15838,4516,10561,6013,80.4,66.2,41.1,24202,56.6
"Arkansas State University","AR",106458,1,"Higher Learning Commission",3,4,"Public","Southeast","City",35.842388,-90.679988,69.5,23,1119,0,7463,68.7,14.4,4.7,1,11.1,31.7,11857,21176,7456,13312,4086,5907,7516,100,36,52.8,20500,62.4
"University of Central Arkansas","AR",106704,1,"Higher Learning Commission",3,4,"Public","Southeast","City",35.077945,-92.457672,91.2,23,1118,0,7563,65.1,17.3,6.7,2.1,8.7,12.5,15889,23167,9778,16728,5772,8720,7312,79,36.3,50.1,20346,61.8
"Central Baptist College","AR",106713,1,"Higher Learning Commission",3,3,"Private","Southeast","City",35.083838,-92.445021,63.9,21,1011,0,489,59.7,16.6,9.8,0.8,13.1,6.1,NA,28293,17700,17700,8909,3872,5826,31,43.2,39.2,22250,42.9
"Crowley's Ridge College","AR",106810,1,"Higher Learning Commission",3,3,"Private","Southeast","Rural",36.064845,-90.584395,NA,NA,NA,0,171,80.7,17.5,0.6,0,1.2,0.6,NA,23894,15000,15000,8195,3845,5781,35.9,49.8,31,26228,46.2
"Harding University","AR",107044,1,"Higher Learning Commission",3,4,"Private","Southeast","Town",35.247386,-91.726143,45.1,24,1182,0,3198,78.9,5.1,4.5,1.5,9.9,5.9,NA,34168,23148,23148,14293,11222,7650,73.4,19.7,69.5,26500,55.8
"Henderson State University","AR",107071,1,"Higher Learning Commission",3,4,"Public","Southeast","Town",34.128155,-93.059703,70.7,21,1019,0,1800,61.8,22.2,7.3,1.8,6.8,10.6,18465,26032,7560,9768,3609,7446,6933,100,44.8,39.2,19500,52.4
"Hendrix College","AR",107080,1,"Higher Learning Commission",3,4,"Private","Southeast","City",35.101565,-92.443256,60.3,28,1246,0,1127,68.8,7.4,9.1,3.2,11.4,0.7,NA,49928,35100,35100,9685,12168,7889,100,25.2,68.6,26688,50.8
"John Brown University","AR",107141,1,"Higher Learning Commission",3,4,"Private","Southeast","Town",36.189812,-94.560283,56.6,26,1218,0,1354,70.8,1.3,9.4,2,16.5,6.1,NA,42128,29720,29720,10239,9020,7120,95.8,23.3,71.2,21250,59.1
"Ouachita Baptist University","AR",107512,1,"Higher Learning Commission",3,4,"Private","Southeast","Town",34.126093,-93.052471,72.3,NA,1180,0,1587,80.1,6.4,5.9,1.2,6.4,1.6,NA,43878,31180,31180,10749,9184,6735,93.5,22.8,65.1,21050,57.5
"University of the Ozarks","AR",107558,1,"Higher Learning Commission",3,3,"Private","Southeast","Town",35.476278,-93.467221,60.1,21,1087,0,767,42.4,6.3,13.4,1.3,36.6,0.4,NA,35272,25950,25950,11356,13947,6847,80,35.7,41,20875,52
"Philander Smith University","AR",107600,1,"Higher Learning Commission",3,3,"Private","Southeast","City",34.737131,-92.283015,NA,NA,NA,0,766,0.7,84.7,1.3,0,13.3,12.3,NA,25951,13014,13014,5600,5767,5455,100,71.4,30.5,24736,58.5
"Williams Baptist University","AR",107877,1,"Higher Learning Commission",3,4,"Private","Southeast","Rural",36.125676,-90.940277,59.3,22,1050,0,556,80.4,7.4,1.8,0.2,10.2,1.3,NA,30718,19450,19450,6396,3977,5698,100,42.4,45,21820,53.1
"Southern Arkansas University Main Campus","AR",107983,1,"Higher Learning Commission",3,4,"Public","Southeast","Town",33.291618,-93.235922,63.6,22,1088,0,2787,62.6,22.6,6.6,0.7,7.6,5.4,16307,24242,9680,15110,6266,5645,7293,56.3,42.6,44.5,18750,56
"University of Arkansas-Fort Smith","AR",108092,1,"Higher Learning Commission",3,4,"Public","Southeast","City",35.384184,-94.373729,NA,NA,NA,0,4143,59,4,17.6,5.2,14.1,21.9,10737,17947,6168,13440,3054,7696,7266,67.2,40.2,42.1,18250,61.5
"Academy of Art University","CA",108232,1,"Western Association of Schools and Colleges Senior Colleges and University Commission",3,4,"Profit","West","City",37.787943,-122.400578,NA,NA,NA,0,4485,22.4,10.7,17.4,6.2,43.3,51.4,NA,44484,26728,26728,33051,12268,9759,20.4,41.9,43.9,31000,57.2
"Art Center College of Design","CA",109651,1,"Western Association of Schools and Colleges Senior Colleges and University Commission",3,4,"Private","West","City",34.169031,-118.185102,71,NA,NA,0,2113,10.4,1.2,9.8,30.3,48.3,13.2,NA,70276,49942,49942,38458,24277,8183,28.1,26.3,75.5,31000,58
"Azusa Pacific University","CA",109785,1,"Western Association of Schools and Colleges Senior Colleges and University Commission",3,4,"Private","West","Suburb",34.130047,-117.888375,87,22,1132,0,3344,27.9,6.5,37.6,13.4,14.6,12.1,NA,54157,42330,42330,19562,10509,9703,37.1,39.9,61.3,23219,68.2
"Bethesda University","CA",110060,1,"Transnational Association of Christian Colleges and Schools",3,4,"Private","West","City",33.842295,-117.941323,NA,NA,NA,0,181,4.4,8.8,22.1,6.1,58.6,12.7,NA,23846,6560,6560,5314,3830,5200,14.6,24.1,NA,9000,22.1
"Biola University","CA",110097,1,"Western Association of Schools and Colleges Senior Colleges and University Commission",3,4,"Private","West","Suburb",33.906203,-118.014374,56.6,26,1250,0,3474,41.7,2.9,22.2,14.2,19.1,8.8,NA,57785,44382,44382,21617,12193,9852,100,25.8,72.1,23875,60.9
"California Institute of Integral Studies","CA",110316,1,"Western Association of Schools and Colleges Senior Colleges and University Commission",3,4,"Private","West","City",37.774924,-122.416102,NA,NA,NA,0,87,50.6,10.3,19.5,3.5,16.1,9.2,NA,NA,NA,NA,27767,12666,9376,33.2,40.5,NA,18750,75.9
"California Baptist University","CA",110361,1,"Western Association of Schools and Colleges Senior Colleges and University Commission",3,4,"Private","West","City",33.929321,-117.425619,79.9,NA,NA,0,8077,34.5,6.8,40.5,6.1,12.2,10.5,NA,49531,38058,38058,19790,9763,10131,42.2,43.1,63.2,26063,63.3
"California College of the Arts","CA",110370,1,"Western Association of Schools and Colleges Senior Colleges and University Commission",3,4,"Private","West","City",37.767485,-122.399451,75.7,NA,NA,0,1134,19.7,3.6,14.7,15.1,46.9,4.3,NA,74618,54706,54706,30790,20500,8191,22,23.5,72.2,27000,62.5
"California Institute of Technology","CA",110404,1,"Western Association of Schools and Colleges Senior Colleges and University Commission",3,4,"Private","West","City",34.137349,-118.125878,2.7,NA,NA,0,982,21.2,3.5,22,34.4,18.9,0,NA,79947,60864,60864,21222,111976,21904,94.5,14,94,NA,45.3
"California Lutheran University","CA",110413,1,"Western Association of Schools and Colleges Senior Colleges and University Commission",3,4,"Private","West","City",34.224566,-118.878924,87.2,26,1258,0,2510,38.2,4.6,40,5.5,11.7,2,NA,60992,48012,48012,19499,10507,10491,100,31.2,73.2,21669,53.8
"California Polytechnic State University-San Luis Obispo","CA",110422,1,"Western Association of Schools and Colleges Senior Colleges and University Commission",3,4,"Public","West","Suburb",35.299513,-120.657311,30.4,NA,NA,0,20976,51.4,0.7,21.5,14.2,12.2,4.9,18766,29680,10319,28229,11103,10298,11479,67.7,17,85.5,18500,48.8
"California State University-Bakersfield","CA",110486,1,"Western Association of Schools and Colleges Senior Colleges and University Commission",3,4,"Public","West","City",35.350005,-119.104711,86.6,NA,NA,0,8108,12.7,4,68.3,7,8,18.3,7191,18410,7637,19517,4224,7867,10170,53.1,59.4,49.7,16600,66.1
"California State University-Stanislaus","CA",110495,1,"Western Association of Schools and Colleges Senior Colleges and University Commission",3,4,"Public","West","Suburb",37.52577,-120.852511,96.6,NA,NA,0,8836,17.8,2.4,62.7,8.9,8.1,21.5,5752,16968,7734,19614,4600,9129,10393,53.9,57.5,55.3,13540,66.5
"California State University-San Bernardino","CA",110510,1,"Western Association of Schools and Colleges Senior Colleges and University Commission",3,4,"Public","West","City",34.182622,-117.323801,91.1,NA,NA,0,16712,10.3,5,72,5.6,7.1,19.3,8215,18750,7486,19366,2482,8461,10524,48.5,58.7,54.4,14715,61.9
"California State Polytechnic University-Pomona","CA",110529,1,"Western Association of Schools and Colleges Senior Colleges and University Commission",3,4,"Public","West","Suburb",34.057912,-117.821476,55.4,NA,NA,0,25080,13.6,2.6,53.1,22.6,8,14.4,11902,21655,7439,19319,4252,7519,11457,45.7,46.4,66.3,16000,45.5
"California State University-Chico","CA",110538,1,"Western Association of Schools and Colleges Senior Colleges and University Commission",3,4,"Public","West","City",39.729712,-121.844859,95,NA,NA,0,12853,43.2,2.6,37.8,5.8,10.7,10.1,15578,24766,7972,19852,5183,8305,10529,56,41.4,64.2,16552,54.2
"California State University-Dominguez Hills","CA",110547,1,"Western Association of Schools and Colleges Senior Colleges and University Commission",3,4,"Public","West","City",33.864766,-118.255917,89.1,NA,NA,0,13903,4.8,11.3,71.7,6.6,5.7,25.3,4058,14958,7060,18940,3792,7689,10596,45.5,61.8,46.5,13807,61.1
"California State University-Fresno","CA",110556,1,"Western Association of Schools and Colleges Senior Colleges and University Commission",3,4,"Public","West","City",36.811154,-119.744569,95.4,NA,NA,0,20985,15.9,2.9,61.3,12.3,7.6,16.3,6744,17508,6663,18543,3732,8043,10280,54.7,58.1,56.2,14505,59.4
"California State University-Fullerton","CA",110565,1,"Western Association of Schools and Colleges Senior Colleges and University Commission",3,4,"Public","West","Suburb",33.881506,-117.885446,66.7,NA,NA,0,35249,15.5,2.2,52.3,22.2,7.8,21.2,7485,17337,7007,18887,5329,7614,11275,50.3,47.9,69.3,13750,57.8
"California State University-East Bay","CA",110574,1,"Western Association of Schools and Colleges Senior Colleges and University Commission",3,4,"Public","West","Suburb",37.657694,-122.054135,96.2,NA,NA,0,10709,15.4,9.1,40.5,22.8,12.2,23.9,11159,20693,6995,18875,5674,7193,11289,43.5,44.1,45.5,16544,59.5
"California State University-Long Beach","CA",110583,1,"Western Association of Schools and Colleges Senior Colleges and University Commission",3,4,"Public","West","City",33.782818,-118.11204,40,NA,NA,0,32780,15.4,3.6,50,22,9.1,15.8,8721,18983,6884,18764,4899,8316,11017,44.9,49.6,72.7,14289,58.1
"California State University-Los Angeles","CA",110592,1,"Western Association of Schools and Colleges Senior Colleges and University Commission",3,4,"Public","West","City",34.066927,-118.168965,86.9,NA,NA,0,22690,4.4,3.9,75.7,11.1,4.9,17.7,5385,17010,6805,18685,3182,6877,11009,44.3,66.2,51.4,13000,58.1
"California State University-Northridge","CA",110608,1,"Western Association of Schools and Colleges Senior Colleges and University Commission",3,4,"Public","West","City",34.240126,-118.529319,91.2,NA,NA,0,32103,19.6,4.9,56.4,9.1,9.9,18.6,8293,19585,7069,18949,4743,7256,11077,45,56.6,56,13872,54.2
"California State University-Sacramento","CA",110617,1,"Western Association of Schools and Colleges Senior Colleges and University Commission",3,4,"Public","West","City",38.559415,-121.423549,93.2,NA,NA,0,28544,22.4,6.4,38.9,20.4,11.9,21,10911,21396,7484,19364,5697,7956,10507,45.2,50.3,54.5,15000,56.3
"University of California-Berkeley","CA",110635,1,"Western Association of Schools and Colleges Senior Colleges and University Commission",3,4,"Public","West","City",37.871918,-122.260463,11.3,NA,NA,0,32475,20.3,2.1,20.3,35.1,22.3,5.1,17371,41130,14395,44467,21880,21722,19420,69.9,27.1,94,13000,55.5
"University of California-Davis","CA",110644,1,"Western Association of Schools and Colleges Senior Colleges and University Commission",3,4,"Public","West","Suburb",38.539667,-121.749567,37.3,NA,NA,0,31512,21.2,1.8,24,31.2,21.9,2.7,15674,36975,14858,44930,19257,30652,16824,87.8,32.8,86.3,13000,59.7
"University of California-Irvine","CA",110653,1,"Western Association of Schools and Colleges Senior Colleges and University Commission",3,4,"Public","West","City",33.648434,-117.841248,21.1,NA,NA,0,28651,13.1,2,26.5,38.1,20.3,2.5,12426,34731,13939,44011,17049,27117,17533,84.2,37.9,86.6,15000,56.1
"University of California-Los Angeles","CA",110662,1,"Western Association of Schools and Colleges Senior Colleges and University Commission",3,4,"Public","West","City",34.07178,-118.442179,8.6,NA,NA,0,32423,25.7,3.3,22.2,29.5,19.3,2,15637,35689,13401,43473,20398,63796,20770,73.4,27.2,92.5,14000,60.4
"University of California-Riverside","CA",110671,1,"Western Association of Schools and Colleges Senior Colleges and University Commission",3,4,"Public","West","City",33.97246,-117.32741,68.7,NA,NA,0,22842,10.9,3.2,39,36.7,10.2,3.9,14306,34100,13874,43946,12416,15901,15655,89.5,49.4,76,17500,51.7
"University of California-San Diego","CA",110680,1,"Western Association of Schools and Colleges Senior Colleges and University Commission",3,4,"Public","West","City",32.877749,-117.235866,23.7,NA,NA,0,33092,18.6,1.7,23.7,33.9,22.1,2.9,15069,35274,14906,44978,19384,24212,17627,87.8,31.9,87.7,15500,52.4
"University of California-Santa Barbara","CA",110705,1,"Western Association of Schools and Colleges Senior Colleges and University Commission",3,4,"Public","West","Suburb",34.416297,-119.846426,25.9,NA,NA,0,23419,31.2,1.9,25.1,18.6,23.1,2.7,15482,36607,14617,44689,17901,15515,18754,88.5,30.1,85.7,13993,55.8
"University of California-Santa Cruz","CA",110714,1,"Western Association of Schools and Colleges Senior Colleges and University Commission",3,4,"Public","West","City",36.995584,-122.058801,46.9,NA,NA,0,17502,31.8,1.9,28.1,23.2,15.1,4.4,17601,37707,14240,44312,13138,12859,16319,83.5,32,76.9,16666,49.9
"Sofia University","CA",110778,1,"Western Association of Schools and Colleges Senior Colleges and University Commission",3,4,"Profit","West","City",37.430325,-122.10866,NA,NA,NA,0,11,36.4,0,0,9.1,54.6,9.1,NA,NA,NA,NA,4652,1765,6039,35.6,50,NA,NA,90.9
"California Christian College","CA",110918,1,NA,3,3,"Private","West","City",36.749366,-119.711123,100,NA,NA,0,13,30.8,23.1,30.8,7.7,7.7,76.9,NA,NA,10890,10890,11511,4610,NA,NA,64.3,NA,NA,46.2
"Haven University","CA",111045,1,"Transnational Association of Christian Colleges and Schools",3,4,"Private","West","Suburb",33.777392,-117.939412,NA,NA,NA,0,26,0,11.5,3.9,7.7,76.9,3.9,NA,NA,7010,7010,6195,5980,1500,NA,8.6,NA,NA,57.7
"California Institute of the Arts","CA",111081,1,"Western Association of Schools and Colleges Senior Colleges and University Commission",3,4,"Private","West","Suburb",34.39327,-118.566837,24.8,NA,NA,0,931,35.1,4.3,14.2,9.1,37.3,1.8,NA,75865,55056,55056,30481,25914,9671,45.9,21.4,63.8,25000,61
"California State University Maritime Academy","CA",111188,1,"Western Association of Schools and Colleges Senior Colleges and University Commission",3,4,"Public","West","City",38.069061,-122.231551,95.5,NA,NA,0,808,48.4,2.7,22.4,10.9,15.6,3.6,19615,27186,7116,18996,8204,24231,11558,76.9,28.4,63.1,24965,20.2
"Chapman University","CA",111948,1,"Western Association of Schools and Colleges Senior Colleges and University Commission",3,4,"Private","West","City",33.79302,-117.852518,72.5,29,1316,0,7665,49.3,2.2,17.9,16.1,14.4,4.4,NA,78549,60672,60672,35115,19055,12925,99.8,19.4,83.6,20500,60.2
"Concordia University-Irvine","CA",112075,1,"Western Association of Schools and Colleges Senior Colleges and University Commission",3,4,"Private","West","City",33.653665,-117.812305,69,25,NA,0,1691,41.8,3.7,25.4,9.5,19.6,12.8,NA,54221,40180,40180,16060,9268,7499,100,25.8,63,24247,60.1
"San Diego Christian College","CA",112084,1,"Western Association of Schools and Colleges Senior Colleges and University Commission",3,4,"Private","West","Suburb",32.843454,-116.978089,NA,NA,NA,0,328,29.3,7.9,40.2,2.4,20.1,22.6,NA,50518,26300,26300,12796,3097,7455,22.6,33.4,34.7,24941,53
"Claremont McKenna College","CA",112260,1,"Western Association of Schools and Colleges Senior Colleges and University Commission",3,4,"Private","West","Suburb",34.102154,-117.711188,10.3,34,1514,0,1383,35.4,5.9,16.3,15.6,26.8,0.4,NA,78723,60715,60715,35957,33513,15333,91.6,20.1,91.3,13500,51
"University of Silicon Valley","CA",112394,1,"Western Association of Schools and Colleges Senior Colleges and University Commission",3,4,"Profit","West","City",37.414049,-121.94087,64.7,NA,NA,0,373,27.4,9.1,22.8,20.1,20.6,19.6,NA,36955,22480,22480,26904,5691,7538,14.5,46.4,43.8,31000,27.1
"California College of ASU","CA",112570,1,"Western Association of Schools and Colleges Senior Colleges and University Commission",3,3,"Private","West","City",34.039355,-118.25968,NA,NA,NA,0,291,39.5,16.2,11.7,6.5,26.1,32.6,NA,38107,26175,26175,11415,4251,6156,7.1,57,47.9,25000,41.9
"Design Institute of San Diego","CA",113582,1,"Western Association of Schools and Colleges Senior Colleges and University Commission",3,4,"Profit","West","City",32.880926,-117.167374,100,NA,NA,0,90,46.7,8.9,20,16.7,7.8,21.1,NA,36656,27875,27875,27791,7526,7500,NA,52.9,75,36844,91.1
"Dominican University of California","CA",113698,1,"Western Association of Schools and Colleges Senior Colleges and University Commission",3,4,"Private","West","City",37.981279,-122.512051,93.2,23,1192,0,1139,25.3,5.2,27.9,31.4,10.2,10.8,NA,67130,49426,49426,20367,13352,9493,35.8,26.8,78.9,27000,72.3
"Fresno Pacific University","CA",114813,1,"Western Association of Schools and Colleges Senior Colleges and University Commission",3,4,"Private","West","City",36.726831,-119.735199,75,21,NA,0,1743,20.2,5.7,61.5,4.5,8.1,47.9,NA,41576,34188,34188,15967,5859,8595,100,56,50.2,23146,72.4
"Golden Gate University","CA",115083,1,"Western Association of Schools and Colleges Senior Colleges and University Commission",3,4,"Private","West","City",37.789374,-122.398969,NA,NA,NA,0,601,32.3,20.5,22.1,10.5,14.6,30.8,NA,NA,NA,NA,17304,7060,9852,100,17.7,NA,29875,30.4
"Harvey Mudd College","CA",115409,1,"Western Association of Schools and Colleges Senior Colleges and University Commission",3,3,"Private","West","Suburb",34.106515,-117.709837,13.4,35,1539,0,906,25.3,6,21,22.4,25.4,0,NA,82236,62817,62817,36122,31715,14478,93.2,12.9,92,25000,49.5
"Holy Names University","CA",115728,1,NA,3,4,"Private","West","City",37.802276,-122.187804,100,NA,NA,0,564,14.4,18.6,29.1,8.5,29.4,16,NA,55459,42115,42115,15161,11019,8613,18.5,42.8,53.7,24125,63.8
"California State Polytechnic University-Humboldt","CA",115755,1,"Western Association of Schools and Colleges Senior Colleges and University Commission",3,4,"Public","West","Town",40.877481,-124.078293,98.2,NA,NA,0,5373,50.2,3,30.6,2.7,13.4,13.2,13952,24202,7864,19744,4595,11576,10576,53.9,48.7,45.6,18000,56.9
"Humphreys University-Stockton and Modesto Campuses","CA",115773,1,"Western Association of Schools and Colleges Senior Colleges and University Commission",3,4,"Private","West","City",38.011489,-121.316918,NA,NA,NA,0,158,22.1,6.3,42.4,8.2,20.9,55.1,NA,28850,14760,14760,15686,7794,5996,15.8,51.3,75,35500,82.3
"Life Pacific University","CA",117104,1,"Western Association of Schools and Colleges Senior Colleges and University Commission",3,4,"Private","West","Suburb",34.098705,-117.829388,94.5,NA,NA,0,395,41,6.6,36.5,4,11.9,12.9,NA,32241,19140,19140,13025,6782,6007,25,47.1,46.7,22395,53.9
"University of La Verne","CA",117140,1,"Western Association of Schools and Colleges Senior Colleges and University Commission",3,4,"Private","West","Suburb",34.100855,-117.773262,73.5,21,1116,0,3363,16.5,7.6,62.3,5.1,8.5,17.2,NA,59394,47000,47000,20482,10487,9825,28.9,47.5,63.2,23500,60.5
"Laguna College of Art and Design","CA",117168,1,"Western Association of Schools and Colleges Senior Colleges and University Commission",3,4,"Private","West","Rural",33.561448,-117.772564,88.4,NA,NA,0,729,46.4,2.5,22.2,15.1,13.9,11.2,NA,54255,34600,34600,24804,12356,6865,13.4,32.5,63.1,27000,74.4
"Lincoln University","CA",117557,1,NA,3,4,"Private","West","City",37.804788,-122.269745,NA,NA,NA,0,177,10.2,53.1,4.5,2.8,29.4,3.4,NA,34141,11420,11420,7725,5671,5694,37.5,47.9,81.2,NA,26.6
"Southern California Seminary","CA",117575,1,"Transnational Association of Christian Colleges and Schools",3,4,"Private","West","Suburb",32.799614,-116.905461,NA,NA,NA,0,31,48.4,16.1,22.6,6.4,6.4,90.3,NA,NA,18240,18240,11238,6857,5571,29.6,31.7,NA,NA,35.5
"La Sierra University","CA",117627,1,"Western Association of Schools and Colleges Senior Colleges and University Commission",3,4,"Private","West","City",33.910704,-117.500054,91.8,23,NA,0,1216,9.4,6.2,52.5,17.2,14.8,4.7,NA,46981,34902,34902,31174,11659,8065,93.3,46.3,53.8,27000,59.1
"Loma Linda University","CA",117636,1,"Western Association of Schools and Colleges Senior Colleges and University Commission",3,4,"Private","West","Suburb",34.051241,-117.260605,NA,NA,NA,0,910,22,3.3,41.9,24.8,8,14,NA,NA,NA,NA,37943,25110,9906,95.9,31.5,NA,20854,72.6
"The Master's University and Seminary","CA",117751,1,"Western Association of Schools and Colleges Senior Colleges and University Commission",3,4,"Private","West","Suburb",34.381755,-118.518193,78.2,NA,NA,0,1496,62.6,1.9,21.3,4.6,9.7,23.9,NA,43642,32870,32870,13067,8583,7203,32.7,24.8,73.3,20500,47.5
"Loyola Marymount University","CA",117946,1,"Western Association of Schools and Colleges Senior Colleges and University Commission",3,4,"Private","West","City",33.97085,-118.415744,41.3,30,1378,0,7138,41.2,7.1,23.6,10,18.1,2.1,NA,72553,55926,55926,37946,16731,12799,57.9,13.3,81.5,19500,53.1
"Menlo College","CA",118693,1,"Western Association of Schools and Colleges Senior Colleges and University Commission",3,3,"Private","West","Suburb",37.453475,-122.190797,61.7,NA,NA,0,786,16.9,3.6,31,8.8,39.7,2.9,NA,63412,49090,49090,18112,8993,10214,26.5,31.7,57,21750,43.5
"Middlebury Institute of International Studies at Monterey","CA",119058,0,"New England Commission on Higher Education",3,4,"Private","West","Suburb",36.599736,-121.897325,NA,NA,NA,0,13,61.5,0,15.4,7.7,15.4,7.7,NA,NA,NA,NA,23939,14059,10925,79.8,23.1,NA,13857,69.2
"Mount Saint Mary's University","CA",119173,1,"Western Association of Schools and Colleges Senior Colleges and University Commission",3,4,"Private","West","City",34.085315,-118.482879,75.8,NA,NA,0,1778,8.8,6.5,56.2,17.7,10.8,12.8,NA,62383,46740,46740,20866,11735,9125,28.3,55.1,59.6,25949,93
"National University","CA",119605,1,"Western Association of Schools and Colleges Senior Colleges and University Commission",3,4,"Private","West","City",32.829299,-117.127296,NA,NA,NA,0,7993,30.6,12.4,32.2,7.1,17.7,46.2,NA,36459,13320,13320,12146,4375,8980,10.3,25.1,22.2,25000,52.2
"Newschool of Architecture and Design","CA",119775,1,"Western Association of Schools and Colleges Senior Colleges and University Commission",3,4,"Profit","West","City",32.71331,-117.153305,45,NA,NA,0,229,34.9,6.6,30.1,10,18.4,13.1,NA,56958,30291,30291,20292,6200,6918,21.2,4.7,41.7,31000,42.4
"San Francisco Bay University","CA",120166,0,NA,3,4,"Private","West","City",37.485056,-121.927899,69.4,NA,NA,0,24,0,0,0,12.5,87.5,0,NA,NA,8720,8720,3685,25324,5463,40,0,NA,NA,33.3
"Occidental College","CA",120254,1,"Western Association of Schools and Colleges Senior Colleges and University Commission",3,3,"Private","West","City",34.127124,-118.210908,39.4,32,1434,0,1935,48.8,4,16.6,13.5,17,1.1,NA,77878,60566,60566,32778,20611,11782,71.1,17.1,82.7,23000,58.9
"Otis College of Art and Design","CA",120403,1,"Western Association of Schools and Colleges Senior Colleges and University Commission",3,4,"Private","West","City",33.956607,-118.416615,83.3,25,NA,0,1264,22.5,6.4,20,16.7,34.4,2.5,NA,68808,52460,52460,35328,19758,8782,13.1,32.1,61.6,27000,69.9
"Hope International University","CA",120537,1,"Western Association of Schools and Colleges Senior Colleges and University Commission",3,4,"Private","West","Suburb",33.87616,-117.88573,32.2,NA,NA,0,590,30.3,8.5,26.1,4.4,30.7,14.8,NA,49503,35700,35700,13856,5159,8196,28.6,47.7,50,23000,56.6
"Palo Alto University","CA",120698,1,"Western Association of Schools and Colleges Senior Colleges and University Commission",3,4,"Private","West","Rural",37.382216,-122.187437,NA,NA,NA,0,32,25,6.2,31.2,21.9,15.6,9.4,NA,NA,NA,NA,27504,18144,13713,56.3,52.7,NA,20500,90.6
"Pacific Oaks College","CA",120768,1,"Western Association of Schools and Colleges Senior Colleges and University Commission",3,4,"Private","West","City",34.153382,-118.151323,39.7,NA,NA,0,398,16.6,13.6,52.5,4.8,12.6,100,NA,NA,11692,11692,22766,5791,5929,13.5,51.1,NA,29105,92.5
"Pacific States University","CA",120838,1,"Accrediting Commission of Career Schools and Colleges",3,4,"Private","West","City",34.061315,-118.298408,33.3,NA,NA,0,8,0,0,0,0,100,0,NA,NA,7530,7530,9767,2500,NA,NA,0,14.3,NA,75
"Pacific Union College","CA",120865,1,"Western Association of Schools and Colleges Senior Colleges and University Commission",3,4,"Private","West","Rural",38.570585,-122.440308,48.5,NA,1075,0,772,20.2,6.3,29.8,25.4,18.3,12.6,NA,45219,33678,33678,15619,19081,6541,95.1,39.5,46.6,27500,64
"University of the Pacific","CA",120883,1,"Western Association of Schools and Colleges Senior Colleges and University Commission",3,4,"Private","West","City",37.981424,-121.312301,93.2,28,1276,0,3266,18.5,4,25.6,35.7,16.2,2.8,NA,64996,53682,53682,34018,22264,11341,52.5,36.9,73.7,19500,54
"Pepperdine University","CA",121150,1,"Western Association of Schools and Colleges Senior Colleges and University Commission",3,4,"Private","West","Suburb",34.037786,-118.707077,48.7,28,1399,0,3656,45.5,3.9,18.4,14,18.2,5.7,NA,80152,63142,63142,32100,12339,13499,45.2,19.3,84,23510,58.5
"Pitzer College","CA",121257,1,"Western Association of Schools and Colleges Senior Colleges and University Commission",3,3,"Private","West","Suburb",34.104107,-117.706675,18.4,NA,NA,0,1212,48.7,4.6,13.2,12,21.4,2.7,NA,79558,60578,60578,57556,23805,12023,62.1,10.7,85.4,16750,59.1
"Platt College-San Diego","CA",121275,1,NA,3,3,"Profit","West","City",32.76373,-117.063483,NA,NA,NA,0,69,24.6,24.6,26.1,14.5,10.1,0,NA,33745,15310,15310,12164,3867,4873,NA,45.3,86.7,15895,33.3
"Point Loma Nazarene University","CA",121309,1,"Western Association of Schools and Colleges Senior Colleges and University Commission",3,4,"Private","West","City",32.718391,-117.250265,81.9,26,NA,0,3149,53.3,2.2,25.7,7,11.8,13.3,NA,54207,41100,41100,23705,9648,10735,100,23.1,75.9,22990,65.2
"Pomona College","CA",121345,1,"Western Association of Schools and Colleges Senior Colleges and University Commission",3,3,"Private","West","Suburb",34.099027,-117.714556,7,34,1520,0,1699,31.6,10.1,15.9,17.4,25.1,0,NA,77810,59238,59238,23672,35005,14220,96,18.3,94.6,11782,54.7
"University of Redlands","CA",121691,1,"Western Association of Schools and Colleges Senior Colleges and University Commission",3,4,"Private","West","City",34.064218,-117.163218,81.9,29,1215,0,2301,37.7,4.6,42.2,5.1,10.4,10.8,NA,70206,55678,55678,17408,11716,10637,96.2,33.2,66.9,26000,59.1
"Samuel Merritt University","CA",122296,1,"Western Association of Schools and Colleges Senior Colleges and University Commission",3,4,"Private","West","City",37.82029,-122.266331,NA,NA,NA,0,674,23.9,7.9,24.8,31.6,11.9,12.9,NA,NA,NA,NA,35207,21566,11216,47.9,18.3,NA,20825,79.4
"San Diego State University","CA",122409,1,"Western Association of Schools and Colleges Senior Colleges and University Commission",3,4,"Public","West","City",32.77525,-117.071228,39.3,NA,NA,0,31810,34.8,4,35.2,13.4,12.7,10.6,12721,23482,8174,20054,8152,8256,11821,50,32.3,78,15000,57.1
"University of San Diego","CA",122436,1,"Western Association of Schools and Colleges Senior Colleges and University Commission",3,4,"Private","West","City",32.770816,-117.192073,52.6,NA,NA,0,5569,46.9,3.9,24.3,7.5,17.3,2,NA,72092,54554,54554,28353,17754,12918,51.7,18,82.6,22940,56.5
"San Francisco Conservatory of Music","CA",122506,1,"Western Association of Schools and Colleges Senior Colleges and University Commission",3,4,"Private","West","City",37.775543,-122.420292,41.6,NA,NA,0,221,32.1,4.1,10,7.2,46.6,0,NA,73761,52800,52800,25701,37265,15249,100,17.3,63,27000,38.9
"San Francisco State University","CA",122597,1,"Western Association of Schools and Colleges Senior Colleges and University Commission",3,4,"Public","West","City",37.721224,-122.476799,94.2,NA,NA,0,21035,16,6.1,39.8,25.3,12.8,18.7,12912,23609,7524,19404,5374,9273,11792,48.6,41.6,54.7,15371,55.4
"University of San Francisco","CA",122612,1,"Western Association of Schools and Colleges Senior Colleges and University Commission",3,4,"Private","West","City",37.776618,-122.450477,71.2,29,1323,0,5980,23.9,7.7,21.3,26,21,3.1,NA,73981,55532,55532,28940,18791,13538,41.1,28.2,74.4,23000,64.6
"William Jessup University","CA",122728,1,"Western Association of Schools and Colleges Senior Colleges and University Commission",3,4,"Private","West","Suburb",38.819728,-121.292312,65.9,NA,1130,0,1123,46,8.3,24.7,3.3,17.7,20,NA,53732,37150,37150,15107,7403,7553,26.2,33.5,51.5,23700,58.7
"San Jose State University","CA",122755,1,"Western Association of Schools and Colleges Senior Colleges and University Commission",3,4,"Public","West","City",37.336569,-121.880621,76.7,NA,NA,0,26735,12.8,3.6,31.4,39.2,13,19.5,14370,24114,7899,19779,7207,8493,11494,43.6,36.3,68.4,15000,47.8
"Santa Clara University","CA",122931,1,"Western Association of Schools and Colleges Senior Colleges and University Commission",3,4,"Private","West","City",37.348362,-121.93784,52.1,32,1379,0,6103,39.8,3.1,18.5,21,17.5,1.9,NA,75576,57534,57534,37957,21697,13933,66.1,11,88.5,19162,48.3
"Scripps College","CA",123165,1,"Western Association of Schools and Colleges Senior Colleges and University Commission",3,4,"Private","West","Suburb",34.104147,-117.711294,27.9,33,1467,0,1073,54,4,13,12.9,16.1,0.2,NA,79740,60712,60712,39220,30251,11906,75.9,11.1,84.1,13500,100
"Shasta Bible College and Graduate School","CA",123280,1,"Transnational Association of Christian Colleges and Schools",3,4,"Private","West","City",40.566034,-122.314419,100,NA,NA,0,24,83.3,0,16.7,0,0,66.7,NA,23673,14460,14460,4293,4090,3980,NA,75.9,50,NA,54.2
"Simpson University","CA",123457,1,"Western Association of Schools and Colleges Senior Colleges and University Commission",3,4,"Private","West","City",40.61334,-122.332981,NA,NA,NA,0,704,49.3,2.4,25,5.1,18.2,8.7,NA,52041,37480,37480,18778,13204,7005,100,42.4,46.6,18750,60.2
"Saint Mary's College of California","CA",123554,1,"Western Association of Schools and Colleges Senior Colleges and University Commission",3,4,"Private","West","Suburb",37.840731,-122.109031,87.9,NA,NA,0,1994,38.2,7,30.8,16.2,7.9,4.1,NA,71268,53932,53932,22362,14027,10989,20.5,23,72.1,23691,56.4
"Sonoma State University","CA",123572,1,"Western Association of Schools and Colleges Senior Colleges and University Commission",3,4,"Public","West","Suburb",38.340274,-122.677066,94,NA,NA,0,5892,41,2.9,41,4.8,10.2,14.1,14528,23866,8060,19940,5796,9445,11481,48.5,34.3,59.7,16705,62.1
"Vanguard University of Southern California","CA",123651,1,"Western Association of Schools and Colleges Senior Colleges and University Commission",3,4,"Private","West","City",33.662686,-117.900911,74.8,22,NA,0,2001,32.1,4.6,46.9,4.7,11.7,8.6,NA,53254,38700,38700,18869,7773,8750,97.7,42.1,59.5,22000,66.8
"Southern California Institute of Architecture","CA",123952,1,"Western Association of Schools and Colleges Senior Colleges and University Commission",3,4,"Private","West","City",34.044215,-118.232799,59.8,NA,1100,0,245,15.9,2,12.7,10.6,58.8,9,NA,67666,50690,50690,33174,17058,12118,66.7,20.7,85.7,NA,39.6
"University of Southern California","CA",123961,1,"Western Association of Schools and Colleges Senior Colleges and University Commission",3,4,"Private","West","City",34.021281,-118.284169,12,34,1520,0,20505,29.9,6.5,17.5,24.6,21.6,2.2,NA,81298,64726,64726,39668,38078,16526,58.8,21.7,92.5,18000,52.1
"Thomas Aquinas College","CA",124292,1,"Western Association of Schools and Colleges Senior Colleges and University Commission",3,3,"Private","West","Rural",34.429009,-119.087141,84.7,28,1328,0,516,62,0,19.8,1.9,16.3,0,NA,38428,27000,27000,16238,15819,9803,100,20.7,85.1,18000,51.5
"Walden University","MN",125231,1,"Higher Learning Commission",3,4,"Profit","Midwest","City",44.98125,-93.265738,NA,NA,NA,1,6274,43.4,35.1,10,1.5,10,75.7,NA,NA,12483,12483,10970,3286,7401,7.9,47.3,NA,20834,84.7
"Westmont College","CA",125727,1,"Western Association of Schools and Colleges Senior Colleges and University Commission",3,3,"Private","West","Suburb",34.450151,-119.662517,82,29,1380,0,1284,52.3,2,23.1,6.9,15.7,0.9,NA,67000,50066,50066,19420,20804,10155,64.6,19,73.6,23250,61.1
"Whittier College","CA",125763,1,"Western Association of Schools and Colleges Senior Colleges and University Commission",3,4,"Private","West","Suburb",33.978773,-118.032299,75.4,26,1231,0,1124,26.2,4.9,44.4,6.8,17.7,3,NA,62130,49864,49864,19920,16255,8676,74.1,34.2,65.6,24937,55.4
"Woodbury University","CA",125897,1,"Western Association of Schools and Colleges Senior Colleges and University Commission",3,4,"Private","West","City",34.208011,-118.341147,62.6,NA,NA,0,868,36.5,4.3,33.4,12.6,13.3,8.1,NA,55779,44908,44908,27336,18020,7447,33.5,51.3,54.8,26960,52.8
"Yeshiva Ohr Elchonon Chabad West Coast Talmudical Seminary","CA",126076,1,"Association of Advanced Rabbinical and Talmudic Schools",3,3,"Private","West","City",34.085465,-118.346613,61.5,NA,NA,0,142,97.2,0,0,0,2.8,0,NA,27600,15700,15700,20175,34055,11422,NA,58.5,18,NA,0
"Adams State University","CO",126182,1,"Higher Learning Commission",3,4,"Public","West","Town",37.473636,-105.879642,99.2,21,1066,0,1307,37.2,9,37.5,1.2,15.1,19,12836,22772,9776,21848,7611,9366,6799,42.2,35.5,28,19500,43.3
"University of Colorado Denver/Anschutz Medical Campus","CO",126562,1,"Higher Learning Commission",3,4,"Public","West","City",39.745149,-104.837722,74.6,25,1150,0,10922,41,6.2,26.3,10.5,16,23.5,13782,23895,9562,26818,14823,35419,9457,66,26.1,43.9,20500,56.2
"University of Colorado Colorado Springs","CO",126580,1,"Higher Learning Commission",3,4,"Public","West","City",38.892735,-104.800296,84.8,NA,1180,0,9102,57.1,4.5,19.5,3.9,15,20.6,16772,23180,9129,22041,10584,10471,6638,54.9,28.3,42.5,20000,54
"University of Colorado Boulder","CO",126614,1,"Higher Learning Commission",3,4,"Public","West","City",40.008781,-105.270823,80.7,28,1301,0,30598,68.3,1.8,13,6.2,10.7,6.3,20971,32351,13106,40356,21926,18223,12587,74.4,14.3,74.7,19500,46
"Colorado Christian University","CO",126669,1,"Higher Learning Commission",3,4,"Private","West","Suburb",39.71388,-105.09456,NA,NA,NA,0,5399,60.4,14.9,15.5,1.4,7.8,66.4,NA,48130,37432,37432,10877,3600,7016,18.8,32.5,60.6,28312,70.8
"Colorado College","CO",126678,1,"Higher Learning Commission",3,4,"Private","West","City",38.84886,-104.822697,16.3,NA,1402,0,2174,66.9,3,11,4.6,14.6,1.6,NA,79229,65028,65028,37645,27469,11843,82.1,14,86.1,18257,55.5
"Colorado School of Mines","CO",126775,1,"Higher Learning Commission",3,4,"Public","West","Suburb",39.751443,-105.223364,58,31,1403,0,5662,69.5,1.1,12.3,5.8,11.2,4.6,27978,37114,20040,42120,22348,17235,13173,65.6,13.3,81.8,23000,32.1
"Colorado State University-Fort Collins","CO",126818,1,"Higher Learning Commission",3,4,"Public","West","City",40.574805,-105.080732,90.8,26,1199,0,25150,70.7,2.2,15.6,2.9,8.6,11.7,18512,28277,12874,32734,17469,14965,11238,72.4,21.2,66.6,20000,54.5
"Colorado Technical University-Colorado Springs","CO",126827,1,"Higher Learning Commission",3,4,"Profit","West","City",38.895069,-104.85716,NA,NA,NA,0,22315,27.4,19.4,0.3,0.8,52.2,39.2,NA,22634,12696,12696,13920,1352,7644,NA,70.8,19.6,29832,66.6
"University of Denver","CO",127060,1,"Higher Learning Commission",3,4,"Private","West","City",39.678005,-104.963259,77.7,29,1348,0,5986,68.5,2.5,13.3,4,11.6,5.4,NA,72540,56439,56439,30641,17434,11739,48.4,15.1,77.4,21844,55.4
"Fort Lewis College","CO",127185,1,"Higher Learning Commission",3,4,"Public","West","Town",37.275939,-107.867422,91,20,1147,0,3113,39.6,1.1,14,0.6,44.7,8.3,14766,24017,9212,19724,4131,8984,7761,74.6,37.6,38.8,18389,54.2
"Colorado Mesa University","CO",127556,1,"Higher Learning Commission",3,4,"Public","West","City",39.080643,-108.553275,81.8,23,1062,0,7654,65.8,1.9,21.4,1.5,9.5,16.2,15483,22346,9297,23019,9520,9472,7275,57.9,30,39.1,22000,53.4
"Metropolitan State University of Denver","CO",127565,1,"Higher Learning Commission",3,4,"Public","West","City",39.744202,-105.00504,97.9,21,1025,0,14947,44.4,7.3,35.5,4.6,8.2,38.5,15602,22428,10260,28092,9161,7492,7194,100,33.2,29,21500,55.3
"Naropa University","CO",127653,1,"Higher Learning Commission",3,4,"Private","West","City",40.014235,-105.266987,100,NA,NA,0,338,67.2,0.9,10.7,3,18.3,9.5,NA,51737,34600,34600,21520,9622,6062,37.2,53.8,31,24712,70.7
"Nazarene Bible College","CO",127714,1,"Higher Learning Commission",3,3,"Private","West","City",38.944824,-104.803251,NA,NA,NA,1,316,78.5,5.7,9.8,1.3,4.7,93.7,NA,NA,10002,10002,9413,6687,4767,100,15.8,66.7,34787,55.1
"University of Northern Colorado","CO",127741,1,"Higher Learning Commission",3,4,"Public","West","City",40.410855,-104.692777,78.5,23,1106,0,6024,61.2,4.4,25.3,2.1,6.9,10.9,17465,26352,11332,24722,10393,9771,8284,57.8,26.5,51.9,20470,66.7
"Regis University","CO",127918,1,"Higher Learning Commission",3,4,"Private","West","City",39.788175,-105.030756,76.1,25,1149,0,2239,49.8,5.1,29.6,6.3,9.2,20.8,NA,52045,42220,42220,19281,9878,8234,44.9,24.5,66.8,25000,65.3
"Rocky Mountain College of Art and Design","CO",127945,1,"Higher Learning Commission",3,4,"Profit","West","Suburb",39.74332,-105.069911,NA,NA,NA,0,2041,57,10.4,14.2,3.6,14.8,44.2,NA,30447,22607,22607,18578,4449,5290,32.6,48.3,40.9,31000,74
"Colorado State University Pueblo","CO",128106,1,"Higher Learning Commission",3,4,"Public","West","City",38.30859,-104.579033,98.8,22,1031,0,3008,44.4,6.2,34.7,2,12.7,19.1,12815,22545,9245,16324,4379,4155,7134,49.6,33.4,35,21500,52.7
"United States Air Force Academy","CO",128328,1,"Higher Learning Commission",3,3,"Public","West","Rural",39.010957,-104.891358,16.2,32,1401,0,4085,63.4,5.8,11.9,7.2,11.6,0,NA,NA,NA,NA,0,35366,11297,98.3,NA,99.9,NA,29.4
"Western Colorado University","CO",128391,1,"Higher Learning Commission",3,4,"Public","West","Town",38.549936,-106.919132,91.8,24,1154,0,1673,70.5,3.4,12,1.3,12.9,7,15175,24833,10813,22837,10024,11128,7081,73.4,14.2,47,20250,41.8
"Albertus Magnus College","CT",128498,1,"New England Commission on Higher Education",3,4,"Private","Northeast","City",41.332519,-72.923848,80.5,NA,NA,0,978,33.7,30.9,23.6,1.8,9.9,10.5,NA,53621,37682,37682,15564,8133,7944,46.9,46.8,49.6,30964,58.6
"Bais Binyomin Academy","NY",128586,1,"Association of Advanced Rabbinical and Talmudic Schools",3,0,"Private","Northeast","Suburb",41.123013,-74.078802,100,NA,NA,0,60,98.3,0,0,0,1.7,0,NA,28592,10050,10050,15257,21571,4300,NA,75,NA,NA,0
"University of Bridgeport","CT",128744,1,"New England Commission on Higher Education",3,4,"Private","Northeast","City",41.164741,-73.190166,81.5,NA,1090,0,1604,23.4,34.4,29.5,3.7,9,16.5,NA,53749,35760,35760,18207,7724,7153,32.3,52.2,46.9,25750,70.3
"Central Connecticut State University","CT",128771,1,"New England Commission on Higher Education",3,4,"Public","Northeast","Suburb",41.692502,-72.765991,76.7,23,1061,0,7500,56.2,13.2,18,5.3,7.4,19,16210,22904,12106,24994,11616,17641,10384,48,35.8,53.5,22300,45.5
"Charter Oak State College","CT",128780,1,"New England Commission on Higher Education",3,4,"Public","Northeast","Suburb",41.666848,-72.781239,NA,NA,NA,1,1426,53.6,17.3,20.6,2.9,5.5,72.2,14288,18386,8254,10796,8040,5232,NA,0,37.2,100,18683,75.7
"Connecticut College","CT",128902,1,"New England Commission on Higher Education",3,3,"Private","Northeast","City",41.379833,-72.107321,40.4,32,1427,0,1915,67.4,4.4,11.7,3.3,13.1,0,NA,79575,63005,63005,24578,16852,9804,71.5,16,84.1,23500,61.5
"University of Connecticut","CT",129020,1,"New England Commission on Higher Education",3,4,"Public","Northeast","Town",41.809098,-72.249948,54.5,30,1340,0,18768,51.3,7,15.1,13.1,13.5,2.4,23512,35236,19434,42102,17270,24731,13573,66.3,24.1,83.2,21500,52.9
"Eastern Connecticut State University","CT",129215,1,"New England Commission on Higher Education",3,4,"Public","Northeast","Town",41.721673,-72.218753,73.8,NA,1079,0,3534,65.2,8.9,13,2.7,10.2,7.3,18092,28648,12910,16146,8513,17123,10202,58.6,29.4,60.1,24250,58.7
"Fairfield University","CT",129242,1,"New England Commission on Higher Education",3,4,"Private","Northeast","Suburb",41.157673,-73.255903,52.2,29,1325,0,4706,80.9,1.1,6.6,2.1,9.2,1.1,NA,71215,54455,54455,27815,14889,12734,100,7.4,84.2,26000,58
"University of Hartford","CT",129525,1,"New England Commission on Higher Education",3,4,"Private","Northeast","City",41.798591,-72.715213,82.8,26,1201,0,3876,50.4,17,15.4,4.3,12.8,5.1,NA,60887,46148,46148,15949,16064,8170,43.7,28.3,56.9,27000,56.1
"Holy Apostles College and Seminary","CT",129534,1,"New England Commission on Higher Education",3,4,"Private","Northeast","Suburb",41.60682,-72.647853,NA,NA,NA,0,196,60.7,0,18.4,5.6,15.3,51.5,NA,11530,9440,9440,7436,5742,4469,34.8,20.1,NA,12541,53.1
"Mitchell College","CT",129774,1,"New England Commission on Higher Education",3,3,"Private","Northeast","City",41.328013,-72.09523,76.8,NA,NA,0,480,50.8,15.2,18.3,1.9,13.7,3.1,NA,52006,37250,37250,32612,6495,7429,100,41.6,62.2,25150,47.1
"University of New Haven","CT",129941,1,"New England Commission on Higher Education",3,4,"Private","Northeast","Suburb",41.291314,-72.961472,91.2,27,1180,0,4765,57.5,11.3,19.3,3.2,8.7,5.9,NA,60918,44184,44184,19231,10343,10949,35,27.9,62.1,27000,56.6
"Paier College","CT",130110,1,NA,3,3,"Profit","Northeast","City",41.163451,-73.194727,95.4,NA,NA,0,198,45,22.7,22.2,4.6,5.5,26.8,NA,34613,24480,24480,17247,9780,6699,100,49.3,57.1,NA,66.2
"Post University","CT",130183,1,"New England Commission on Higher Education",3,4,"Profit","Northeast","City",41.535549,-73.081497,NA,NA,NA,0,14297,42,31.8,14.3,1.1,10.7,57.7,NA,27054,16610,16610,13688,2340,6935,4.4,71.2,31.6,30157,74.1
"Quinnipiac University","CT",130226,1,"New England Commission on Higher Education",3,4,"Private","Northeast","Suburb",41.418915,-72.894117,83.8,NA,1216,0,6021,74.3,4.4,10.5,3.8,7,2.9,NA,68761,51790,51790,26743,16012,11363,36.2,15,77.3,26000,61.5
"Sacred Heart University","CT",130253,1,"New England Commission on Higher Education",3,4,"Private","Northeast","Suburb",41.220893,-73.243332,65.7,NA,NA,0,6729,76.6,3.7,12.3,1.5,5.9,6.7,NA,64621,46580,46580,24573,10076,10207,33.4,15.9,72.9,25000,66.8
"University of Saint Joseph","CT",130314,1,"New England Commission on Higher Education",3,4,"Private","Northeast","City",41.781041,-72.72965,74.9,NA,1170,0,821,60.4,10.8,17.7,6,5.1,4.1,NA,54432,44366,44366,22596,14327,9035,95.5,36.6,60.8,27000,73.3
"Southern Connecticut State University","CT",130493,1,"New England Commission on Higher Education",3,4,"Public","Northeast","City",41.333225,-72.947897,82.9,NA,NA,0,6246,45.8,18.6,22.7,3.6,9.3,14.8,19291,25857,12438,25326,11951,16895,10278,51.5,40.4,53.2,22250,61.3
"Trinity College","CT",130590,1,"New England Commission on Higher Education",3,4,"Private","Northeast","City",41.747451,-72.690882,36.1,31,1387,0,2141,61,6.1,8.6,4.2,20.1,1.4,NA,79605,63930,63930,33240,30410,10943,84.3,13.1,83.6,23000,51.4
"United States Coast Guard Academy","CT",130624,1,NA,3,3,"Public","Northeast","City",41.375823,-72.101583,23.9,27,1294,0,1037,62.6,3.1,11.4,7.3,15.6,0,NA,NA,NA,NA,0,44152,7742,92.8,NA,86.5,NA,41.3
"Wesleyan University","CT",130697,1,"New England Commission on Higher Education",3,4,"Private","Northeast","City",41.554665,-72.657146,14.4,33,1426,0,3006,54.4,5.5,10.6,9,20.5,0.2,NA,82245,64322,64322,33097,29813,13221,89.7,14.5,93.2,17000,53.7
"Western Connecticut State University","CT",130776,1,"New England Commission on Higher Education",3,4,"Public","Northeast","City",41.400365,-73.444264,83.5,NA,1126,0,3679,52.2,8.8,27.2,4.8,7,14,16707,22683,12345,25239,10278,16416,10756,100,33.1,51.2,24147,51.5
"Yale University","CT",130794,1,"New England Commission on Higher Education",3,4,"Private","Northeast","City",41.311158,-72.926688,4.6,34,1547,0,6639,35.1,8.3,14.8,22.4,19.4,0.8,NA,82170,62250,62250,20206,65019,21343,73.1,18.8,97.8,12975,51
"Delaware State University","DE",130934,1,"Middle States Commission on Higher Education",3,4,"Public","Northeast","City",39.187173,-75.54053,54.9,NA,939,0,4588,8.1,71.4,7.3,0.8,12.4,12.7,12544,24248,8358,18280,9219,8123,8207,59.2,45.7,45.5,26000,65.6
"University of Delaware","DE",130943,1,"Middle States Commission on Higher Education",3,4,"Public","Northeast","Suburb",39.679577,-75.752822,73.8,29,1290,0,18665,68.4,6.4,9.7,5.6,9.8,3.4,17713,28744,15410,37930,17981,20152,13734,98.5,15.6,79.6,24572,58.8
"Goldey-Beacom College","DE",130989,1,"Middle States Commission on Higher Education",3,4,"Private","Northeast","Suburb",39.741501,-75.689624,62.7,NA,NA,0,617,37.9,22.5,15.9,1.3,22.4,13.5,NA,23846,13050,13050,9696,5343,8629,23,39.8,67.1,18900,50.2
"Wilmington University","DE",131113,1,"Middle States Commission on Higher Education",3,4,"Private","Northeast","Suburb",39.682299,-75.586998,NA,NA,NA,0,8210,49.2,21.3,15.7,3,10.7,66.5,NA,19155,12030,12030,10288,4325,8279,6,27.3,19.6,20000,62
"American University","DC",131159,1,"Middle States Commission on Higher Education",3,4,"Private","Northeast","City",38.936005,-77.088875,40.6,31,1386,0,7669,56,7.6,12.1,6.7,17.6,3.4,NA,68494,53889,53889,33086,16736,12842,56.1,12.5,79.4,22750,64.2
"The Catholic University of America","DC",131283,1,"Middle States Commission on Higher Education",3,4,"Private","Northeast","City",38.933651,-76.997909,85.6,NA,NA,0,2958,62.7,7.9,16.2,2.9,10.3,5.8,NA,70559,54186,54186,22332,20169,10443,47.5,12.3,76.3,26000,57.2
"University of the District of Columbia","DC",131399,1,"Middle States Commission on Higher Education",3,4,"Public","Northeast","City",38.943819,-77.066247,NA,NA,NA,0,2912,3.9,56.1,22.7,1.7,15.6,57.4,14144,19905,6152,13004,8150,14128,8115,33.4,41.8,35.1,24872,64.3
"Gallaudet University","DC",131450,1,"Middle States Commission on Higher Education",3,4,"Private","Northeast","City",38.907371,-76.993675,59.2,17,896,0,910,41.9,17.5,21.8,5.1,13.8,6.4,NA,39402,17712,17712,14573,33245,10533,100,56,43.7,18000,52.2
"George Washington University","DC",131469,1,"Middle States Commission on Higher Education",3,4,"Private","Northeast","City",38.89923,-77.048363,49,32,1420,0,10798,49.8,7.7,13,13.6,15.9,5.3,NA,77900,62200,62200,33192,22278,15557,52.2,14.7,84.8,20449,62.9
"Georgetown University","DC",131496,1,"Middle States Commission on Higher Education",3,4,"Private","Northeast","City",38.908809,-77.073463,12.2,34,1507,0,7343,50.2,5.1,7.2,14.2,23.4,2.7,NA,81515,62052,62052,41802,31282,16570,46.1,11.5,95.6,15500,58
"Howard University","DC",131520,1,"Middle States Commission on Higher Education",3,4,"Private","Northeast","City",38.922392,-77.018966,53.4,24,1164,0,9243,0.3,68.5,6.5,3.6,21.1,2.4,NA,48214,31050,31050,16524,18805,11374,67.2,40.5,70,24500,72.4
"Strayer University-District of Columbia","DC",131803,1,"Middle States Commission on Higher Education",3,4,"Profit","Northeast","City",38.904881,-77.034133,NA,NA,NA,0,315,7.6,82.2,7.3,0.3,2.5,92.1,NA,NA,13515,13515,12703,1822,819,78.6,67.7,18.2,40621,76.8
"Trinity Washington University","DC",131876,1,"Middle States Commission on Higher Education",3,4,"Private","Northeast","City",38.927398,-77.004261,97,NA,NA,0,1369,1.6,57.4,33.9,1.2,5.8,34.8,NA,32886,25610,25610,13944,7143,6611,20.9,54.4,38,28250,97.5
"Baptist University of Florida","FL",132408,1,"Southern Association of Colleges and Schools Commission on Colleges",3,4,"Private","Southeast","Rural",30.962708,-85.503931,92.1,20,1045,0,254,74.8,7.1,2.4,2.8,13,34.2,NA,19539,12450,12450,7031,7943,4640,100,32,59.4,23590,50.4
"Barry University","FL",132471,1,"Southern Association of Colleges and Schools Commission on Colleges",3,4,"Private","Southeast","Suburb",25.878908,-80.198925,59.6,NA,NA,0,2539,12.2,37.8,37.3,1.3,11.3,11.7,NA,44485,32500,32500,17604,11193,8661,31.7,51.2,39,26997,64.2
"Bethune-Cookman University","FL",132602,1,"Southern Association of Colleges and Schools Commission on Colleges",3,4,"Private","Southeast","City",29.207195,-81.032946,85,17,903,0,2628,0.7,80.4,5.8,0,13.1,3.8,NA,29551,14794,14794,6072,9272,6832,72.4,76.3,34.7,31000,63
"Lynn University","FL",132657,1,"Southern Association of Colleges and Schools Commission on Colleges",3,4,"Private","Southeast","City",26.385985,-80.122806,80.1,23,1126,0,2789,48.7,10.1,19.7,1.7,19.8,6.2,NA,58188,41550,41550,22438,7000,5981,46.2,25.1,52.1,17940,51.1
"Albizu University-Miami","FL",132842,0,"Middle States Commission on Higher Education",3,4,"Private","Southeast","City",25.795181,-80.354942,88.9,NA,NA,0,217,3.2,1.4,83.9,0,11.5,54.4,NA,36515,13719,13719,13995,5263,5998,93.3,65.4,66.7,5500,83.9
"Johnson University Florida","FL",132879,0,NA,3,3,"Private","Southeast","Suburb",28.302547,-81.363053,79.3,20,960,0,154,27.9,22.7,26.6,0.7,22.1,5.2,NA,29073,18614,18614,16246,10357,5689,100,64.4,48.6,21500,36.4
"University of Central Florida","FL",132903,1,"Southern Association of Colleges and Schools Commission on Colleges",3,4,"Public","Southeast","Suburb",28.602159,-81.200889,41,28,1281,0,57874,44.7,9.8,30.1,7.4,8,30,9949,22662,6368,22467,4378,7680,11135,98,34.4,75.6,18190,55
"South University-West Palm Beach","FL",133465,0,"Southern Association of Colleges and Schools Commission on Colleges",3,4,"Profit","Southeast","Suburb",26.69215,-80.200219,NA,NA,NA,0,303,18.8,50.2,21.4,2,7.6,20.5,NA,25718,17014,17014,14590,9152,7607,41.3,59.1,8.7,26123,79.9
"Eckerd College","FL",133492,1,"Southern Association of Colleges and Schools Commission on Colleges",3,3,"Private","Southeast","City",27.715798,-82.687043,65.1,NA,1238,0,1986,76.2,2.5,9.2,2.1,10.1,2.9,NA,65354,48900,48900,23587,14620,7551,82.7,20.2,67.5,27000,70.1
"Edward Waters University","FL",133526,1,"Southern Association of Colleges and Schools Commission on Colleges",3,3,"Private","Southeast","City",30.34479,-81.684879,83.5,NA,NA,0,1142,4.8,85.1,3.5,0.4,6.1,7.7,NA,26598,14878,14878,11718,3469,5548,100,77.9,30.3,NA,46.9
"Embry-Riddle Aeronautical University-Daytona Beach","FL",133553,1,"Southern Association of Colleges and Schools Commission on Colleges",3,4,"Private","Southeast","City",29.189903,-81.048367,64.5,26,1237,0,7155,57.6,4.9,15,4.9,17.6,4.5,NA,57754,40564,40564,29916,13378,10362,89.7,17,63.5,23666,25.2
"Florida Agricultural and Mechanical University","FL",133650,1,"Southern Association of Colleges and Schools Commission on Colleges",3,4,"Public","Southeast","City",30.428504,-84.290226,32.9,20,1077,0,7436,2.8,90.1,4.6,0.3,2.1,11.1,11558,23985,5785,17725,2889,8376,8540,99.5,55.5,60.4,23548,66.5
"Florida Atlantic University","FL",133669,1,"Southern Association of Colleges and Schools Commission on Colleges",3,4,"Public","Southeast","City",26.372421,-80.102978,81.3,23,1112,0,23074,40.4,18.7,29,3.9,8.1,32.3,8636,20118,4879,17324,6037,8817,10231,71.6,36,62.1,17236,57.8
"Flagler College","FL",133711,1,"Southern Association of Colleges and Schools Commission on Colleges",3,4,"Private","Southeast","Suburb",29.892733,-81.314887,81,23,1168,0,2591,72.7,3.4,12.3,1,10.6,2.6,NA,38585,23760,23760,14140,8474,7711,50.7,29.8,57.2,24250,68.3
"AdventHealth University","FL",133872,1,"Southern Association of Colleges and Schools Commission on Colleges",3,4,"Private","Southeast","City",28.576142,-81.367687,33.7,NA,NA,0,917,29.9,16.2,35.9,5,13,62.5,NA,35258,20340,20340,19761,11802,8494,94.3,37.3,54.7,24590,83.9
"Florida Institute of Technology","FL",133881,1,"Southern Association of Colleges and Schools Commission on Colleges",3,4,"Private","Southeast","City",28.065773,-80.623123,64.4,27,1213,0,3114,54.5,4.9,14.2,1.8,24.6,4.8,NA,57630,43670,43670,22066,11147,10635,98.3,20.3,67,27000,31.7
"Florida International University","FL",133951,1,"Southern Association of Colleges and Schools Commission on Colleges",3,4,"Public","Southeast","Suburb",25.75732,-80.373928,63.9,24,1154,0,39277,9.2,11.6,66.8,2.6,9.8,35.8,8722,19666,6565,18963,5510,7912,10604,97.8,52.9,69.2,16500,56.2
"Florida Memorial University","FL",133979,1,"Southern Association of Colleges and Schools Commission on Colleges",3,4,"Private","Southeast","Suburb",25.918278,-80.270753,69.9,NA,NA,0,1098,1.5,74.6,7.7,0.1,16.1,6.2,NA,31302,16836,16836,18147,6895,7174,55.6,65.1,35.5,30063,54.2
"Florida Southern College","FL",134079,1,"Southern Association of Colleges and Schools Commission on Colleges",3,4,"Private","Southeast","City",28.032443,-81.948203,56.6,28,1206,0,2702,68.8,6.1,14.8,2.5,7.7,3.1,NA,55055,40500,40500,17779,9381,8888,100,26.8,68.1,25000,62.7
"Florida State University","FL",134097,1,"Southern Association of Colleges and Schools Commission on Colleges",3,4,"Public","Southeast","City",30.443147,-84.295064,25,28,1309,0,32691,58.3,7.8,23,3.4,7.4,9.8,6450,23308,5656,18786,7288,11639,12077,83.7,28.2,84.8,18000,57.2
"University of Florida","FL",134130,1,"Southern Association of Colleges and Schools Commission on Colleges",3,4,"Public","Southeast","City",29.64629,-82.347911,23.4,31,1397,0,33673,50.8,5.1,24.1,11.2,8.9,8.9,6275,21359,6381,28659,9021,16490,12651,88.6,22.1,90,15000,56.3
"Full Sail University","FL",134237,1,"Accrediting Commission of Career Schools and Colleges",3,4,"Profit","Southeast","Suburb",28.596546,-81.301286,NA,NA,NA,0,25526,36.5,27.7,18.4,1.7,15.7,0,NA,37873,26307,26307,15494,4068,5250,94.3,52.4,41,27000,30.9
"Hobe Sound Bible College","FL",134510,1,"Association for Biblical Higher Education",3,4,"Private","Southeast","Suburb",27.066304,-80.13184,NA,NA,NA,0,165,72.1,6.7,7.9,0.6,12.7,52.7,NA,17228,7960,7960,6354,12990,2079,56.5,45,31.2,NA,49.1
"AI Miami International University of Art and Design","FL",134811,1,NA,3,4,"Profit","Southeast","City",25.790008,-80.18839,NA,NA,NA,0,866,27.9,21,31.3,0.9,18.8,32.6,NA,39876,20794,20794,17818,2348,5737,6.4,52.5,14.7,30382,70.2
"Jacksonville University","FL",134945,1,"Southern Association of Colleges and Schools Commission on Colleges",3,4,"Private","Southeast","City",30.353227,-81.60458,57.7,23,1165,0,2541,50.8,17.4,14.8,2.4,14.5,8.1,NA,58927,43670,43670,16050,9751,8135,74.7,9.6,53.1,22000,62
"Luther Rice College & Seminary","GA",135364,1,"Southern Association of Colleges and Schools Commission on Colleges",3,4,"Private","Southeast","Suburb",33.698126,-84.123179,67.6,NA,NA,0,212,51.9,40.6,3.8,1.4,2.3,88.2,NA,NA,9808,9808,9327,3974,3694,55.6,47.8,NA,34153,30.7
"Trinity International University-Florida","FL",135610,0,NA,3,4,"Private","Southeast","Suburb",25.68307,-80.417646,NA,NA,NA,0,66,19.7,22.7,45.5,0,12.1,50,NA,NA,14160,14160,14914,6943,5636,NA,45.8,NA,26082,51.5
"University of Miami","FL",135726,1,"Southern Association of Colleges and Schools Commission on Colleges",3,4,"Private","Southeast","Suburb",25.72126,-80.278662,18.9,32,1409,0,12215,46.8,9,23.5,4.5,16.2,3.1,NA,73776,57194,57194,34960,30563,14083,72.7,16.1,84.1,17500,53.2
"University of North Florida","FL",136172,1,"Southern Association of Colleges and Schools Commission on Colleges",3,4,"Public","Southeast","City",30.27194,-81.509144,70.5,23,1104,0,13866,58.3,11.5,15.9,5.9,8.4,22.5,8852,18984,6389,20793,5231,7374,8618,97.7,30.5,67.7,15531,57.2
"Nova Southeastern University","FL",136215,1,"Southern Association of Colleges and Schools Commission on Colleges",3,4,"Private","Southeast","Suburb",26.082288,-80.249891,75.8,25,1164,0,6885,26.8,14.7,34.4,12,12.1,9.7,NA,53370,36300,36300,30448,17047,10878,42.8,39,62,24250,72.2
"Palm Beach Atlantic University","FL",136330,1,"Southern Association of Colleges and Schools Commission on Colleges",3,4,"Private","Southeast","City",26.7044,-80.05247,94.7,23,1126,0,2396,59,8.7,18.1,1.8,12.4,4.8,NA,52625,35900,35900,16297,10374,8683,100,25.3,56.3,22500,65.7
"Ringling College of Art and Design","FL",136774,1,"Southern Association of Colleges and Schools Commission on Colleges",3,3,"Private","Southeast","City",27.360931,-82.547803,64.7,NA,NA,0,1704,43.9,3.2,14.2,9.9,28.8,1.4,NA,73962,52826,52826,40443,19100,9157,72.7,22.1,76.6,27000,72.8
"Rollins College","FL",136950,1,"Southern Association of Colleges and Schools Commission on Colleges",3,4,"Private","Southeast","Suburb",28.592787,-81.349239,50,NA,1265,0,2567,58.4,5.8,17.1,3.4,15.3,3.1,NA,70679,56110,56110,21368,12478,9811,71.2,24,77.7,25500,59.6
"Saint Leo University","FL",137032,1,"Southern Association of Colleges and Schools Commission on Colleges",3,4,"Private","Southeast","Town",28.336776,-82.257801,80.1,22,1102,0,6717,29.2,20.1,17.1,1.2,32.3,41.3,NA,40214,27050,27050,13601,6914,8507,24,43.7,49.3,25278,61.1
"St. John Vianney College Seminary","FL",137272,1,"Southern Association of Colleges and Schools Commission on Colleges",3,4,"Private","Southeast","Suburb",25.742579,-80.337411,100,NA,NA,0,42,33.3,7.1,31,2.4,26.2,0,NA,NA,23100,23100,63451,27547,3586,45.2,0,100,NA,4.8
"University of South Florida","FL",137351,1,"Southern Association of Colleges and Schools Commission on Colleges",3,4,"Public","Southeast","City",28.061458,-82.413232,43.9,27,1235,0,36763,45.5,8,22.5,8.3,15.7,19.3,9203,21383,6410,17324,6451,10340,10835,72.2,31.6,74.1,17988,56.7
"St. Thomas University","FL",137476,1,"Southern Association of Colleges and Schools Commission on Colleges",3,4,"Private","Southeast","Suburb",25.922071,-80.253273,65.1,19,NA,0,1896,12,33.1,35,0.3,19.7,10.9,NA,50684,33760,33760,14363,5311,8566,100,27.5,42.6,19125,48.4
"Stetson University","FL",137546,1,"Southern Association of Colleges and Schools Commission on Colleges",3,4,"Private","Southeast","City",29.035475,-81.300746,93.8,26,1205,0,2517,52.6,11.7,19.7,1.8,14.2,1.9,NA,67631,52320,52320,18287,12220,10402,66,35.6,63.7,23250,56.8
"Southeastern University","FL",137564,1,"Southern Association of Colleges and Schools Commission on Colleges",3,4,"Private","Southeast","City",28.029733,-81.918382,60.9,22,NA,0,4931,56.8,11.3,22,1.5,8.4,13.9,NA,42569,30148,30148,10461,3916,6832,100,27.4,42.7,21500,60.2
"Talmudic College of Florida","FL",137777,1,"Association of Advanced Rabbinical and Talmudic Schools",3,3,"Private","Southeast","City",25.811996,-80.136293,NA,NA,NA,0,33,87.9,0,0,0,12.1,0,NA,31000,15250,15250,6844,50403,4687,58.3,33.3,54.5,NA,0
"The University of Tampa","FL",137847,1,"Southern Association of Colleges and Schools Commission on Colleges",3,4,"Private","Southeast","City",27.948455,-82.46483,26.4,26,NA,0,9593,68.7,2.8,12.3,1.5,14.7,2.5,NA,48273,32218,32218,20492,7709,9439,100,16.7,65.7,24211,58.5
"Trinity Baptist College","FL",137953,1,"Transnational Association of Christian Colleges and Schools",3,4,"Private","Southeast","City",30.311171,-81.79626,49.6,19,987,0,319,65.8,18.5,9.7,0.6,5.3,32.9,NA,23973,14300,14300,12101,1996,3915,40,58,28.9,24250,43.3
"Trinity College of Florida","FL",137962,1,"Association for Biblical Higher Education",3,3,"Private","Southeast","Suburb",28.194732,-82.678318,59.8,21,966,0,175,45.7,23.4,21.1,2.9,6.9,16.6,NA,25298,16300,16300,10504,5277,4763,41.4,58.4,4,23250,45.7
"Warner University","FL",138275,1,"Southern Association of Colleges and Schools Commission on Colleges",3,4,"Private","Southeast","Rural",27.825751,-81.599972,55.1,19,968,0,738,38.8,34.2,19.2,0.5,7.3,6.5,NA,39677,28044,28044,12776,4824,5582,32.7,53.8,40.5,22250,47.3
"Webber International University","FL",138293,1,"Southern Association of Colleges and Schools Commission on Colleges",3,4,"Private","Southeast","Rural",27.838778,-81.532315,49,NA,NA,0,1093,39.8,32.7,8.3,0.7,18.5,18.2,NA,46822,30798,30798,14714,3279,5204,38.9,55.2,32.8,25250,29.5
"University of West Florida","FL",138354,1,"Southern Association of Colleges and Schools Commission on Colleges",3,4,"Public","Southeast","Rural",30.549076,-87.218511,48,24,1166,0,8806,62.3,10.1,10.9,3.4,13.3,29.9,8300,18357,6360,19241,6053,6035,9178,100,33.5,53.1,16624,58.2
"Abraham Baldwin Agricultural College","GA",138558,1,"Southern Association of Colleges and Schools Commission on Colleges",3,3,"Public","Southeast","Town",31.481889,-83.528281,67,19,986,0,3160,79.5,8.4,8.6,0.9,2.7,25.1,7021,13323,3165,10071,3980,6832,7036,85.4,36.6,39.7,16750,58.8
"Agnes Scott College","GA",138600,1,"Southern Association of Colleges and Schools Commission on Colleges",3,4,"Private","Southeast","Suburb",33.769268,-84.295459,66.5,NA,1276,0,923,37,31.6,14.4,5.7,11.2,0.2,NA,58167,45786,45786,14874,17960,9271,71.9,39,76.8,26749,100
"The Art Institute of Atlanta","GA",138813,1,NA,3,3,"Profit","Southeast","City",33.936024,-84.355252,NA,NA,NA,0,456,7.7,71.5,9.2,0.9,10.7,37.9,NA,42388,20794,20794,23110,2728,5825,8.2,63.5,13.8,30977,55
"Point University","GA",138868,1,"Southern Association of Colleges and Schools Commission on Colleges",3,4,"Private","Southeast","Town",32.87912,-85.184931,24.2,19,990,0,1041,49.8,22.9,9.2,0.5,17.7,24.5,NA,34203,22300,22300,9915,6234,5965,13.8,32.5,25.6,25250,50.5
"Clark Atlanta University","GA",138947,1,"Southern Association of Colleges and Schools Commission on Colleges",3,4,"Private","Southeast","City",33.747628,-84.412584,56.3,19,974,0,3419,0.4,59.5,0.1,0.1,39.9,4.8,NA,39446,24730,24730,21110,9706,7797,60.3,68.3,46.2,27000,76.4
"Berry College","GA",139144,1,"Southern Association of Colleges and Schools Commission on Colleges",3,4,"Private","Southeast","Suburb",34.290414,-85.189202,66.3,27,1210,0,2232,72.7,8.1,10.3,2.9,6,0.6,NA,54975,39376,39376,12424,14802,8883,78.9,25.3,64.7,23250,63.1
"Beulah Heights University","GA",139153,1,"Transnational Association of Christian Colleges and Schools",3,4,"Private","Southeast","City",33.736993,-84.35768,NA,NA,NA,0,143,19.6,51.7,7.7,10.5,10.5,45.5,NA,NA,8492,8492,14061,5854,5789,13,30.4,NA,NA,46.2
"Brenau University","GA",139199,1,"Southern Association of Colleges and Schools Commission on Colleges",3,4,"Private","Southeast","City",34.303117,-83.821513,86.6,23,NA,0,1184,47.3,27.4,14.4,1.9,9,28,NA,45992,32685,32685,18874,9631,7748,55.4,46.7,45.7,27000,93
"Brewton-Parker College","GA",139205,1,"Southern Association of Colleges and Schools Commission on Colleges",3,3,"Private","Southeast","Rural",32.185718,-82.586136,94.8,21,NA,0,646,40.7,37,11.6,0.9,9.8,11.3,NA,34951,21696,21696,9558,4595,4620,95,41.9,19.7,24990,37
"College of Coastal Georgia","GA",139250,1,"Southern Association of Colleges and Schools Commission on Colleges",3,3,"Public","Southeast","City",31.181983,-81.486169,98.3,19,997,0,2812,59.3,20.5,8,1.7,10.5,35.9,12514,18167,3483,10389,2526,7499,7883,75.5,38.2,22.9,15039,70.3
"Clayton  State University","GA",139311,1,"Southern Association of Colleges and Schools Commission on Colleges",3,4,"Public","Southeast","Suburb",33.594079,-84.328174,56.3,NA,980,0,4540,10.8,65.3,11.1,5.7,7.1,35.6,10514,17613,5068,15790,4615,7048,8151,70.2,51.6,34.5,25706,69.8
"Columbus State University","GA",139366,1,"Southern Association of Colleges and Schools Commission on Colleges",3,4,"Public","Southeast","City",32.50096,-84.94106,87.8,21,1020,0,5637,42.1,39.1,8.5,2.8,7.5,27.3,13601,20838,5751,16805,6093,8412,8166,62.1,43.4,43.4,26000,58.3
"Covenant College","GA",139393,1,"Southern Association of Colleges and Schools Commission on Colleges",3,4,"Private","Southeast","Suburb",34.965161,-85.375066,84.1,26,1315,0,808,87.4,1.2,0.5,3,7.9,1.2,NA,51713,38860,38860,16105,11008,8009,98.5,20.3,74,22500,52.7
"Dalton State College","GA",139463,1,"Southern Association of Colleges and Schools Commission on Colleges",3,3,"Public","Southeast","City",34.774221,-85.002775,NA,NA,NA,0,4260,53.9,3.4,35.4,1.9,5.4,36.4,5066,11918,3283,10189,3199,5034,7678,71.8,49.8,22.4,12937,61.7
"South University-Savannah","GA",139579,1,"Southern Association of Colleges and Schools Commission on Colleges",3,4,"Profit","Southeast","City",31.999481,-81.105531,NA,NA,NA,0,195,29.7,54.9,7.2,1.5,6.7,17.4,NA,28993,17014,17014,19776,9227,9338,59.1,57.4,14.3,26123,74.9
"Emmanuel University","GA",139630,1,"Southern Association of Colleges and Schools Commission on Colleges",3,3,"Private","Southeast","Rural",34.283641,-83.14822,62.7,21,NA,0,730,59.9,13.4,7,0.5,19.2,3.6,NA,33421,22924,22924,10429,5472,5079,50,31.8,37.4,24325,42.9
"Emory University","GA",139658,1,"Southern Association of Colleges and Schools Commission on Colleges",3,4,"Private","Southeast","City",33.790183,-84.325512,11.3,33,1493,0,7017,33.1,8.5,11.4,23.7,23.3,1,NA,75594,57948,57948,28251,47765,15288,74.1,18.8,90,18250,57.2
"Fort Valley State University","GA",139719,1,"Southern Association of Colleges and Schools Commission on Colleges",3,4,"Public","Southeast","Town",32.537595,-83.89537,43.1,18,871,0,2347,1.8,92.4,2.3,0.5,2.9,11.4,13584,20211,5832,16572,3294,4938,7315,74.9,72.8,45.6,31000,64.2
"Georgia Institute of Technology-Main Campus","GA",139755,1,"Southern Association of Colleges and Schools Commission on Colleges",3,4,"Public","Southeast","City",33.77242,-84.394832,17.1,32,1480,0,17379,38.4,7.9,8.2,29.9,15.6,7.3,14588,29148,11764,32876,13629,11059,15290,89.1,13.3,92.6,21672,39.8
"Georgia Southwestern State University","GA",139764,1,"Southern Association of Colleges and Schools Commission on Colleges",3,4,"Public","Southeast","Town",32.054662,-84.217738,73.2,21,1075,0,2092,54.9,31.5,6.8,2,4.8,24.7,12387,19915,4980,15702,4760,7110,7821,74.5,38.7,36.2,18851,65.3
"Georgia College & State University","GA",139861,1,"Southern Association of Colleges and Schools Commission on Colleges",3,4,"Public","Southeast","Town",33.082787,-83.231962,80,24,1144,0,5185,83.2,3.3,6.4,1.6,5.5,8.1,19583,28118,8974,28154,8887,7655,8458,80.6,16.3,62.4,22250,64.8
"Georgia Southern University","GA",139931,1,"Southern Association of Colleges and Schools Commission on Colleges",3,4,"Public","Southeast","Town",32.426153,-81.784045,88.9,21,1057,0,20996,57.7,25.7,8,2,6.6,15.2,15266,22652,6485,17539,5643,5520,8874,83,37.1,52.7,23250,57.2
"Georgia State University","GA",139940,1,"Southern Association of Colleges and Schools Commission on Colleges",3,4,"Public","Southeast","City",33.7527,-84.38667,66.8,23,1127,0,28439,18.1,42.4,14.2,15.9,9.5,24.2,17202,27149,8478,23709,8322,6121,9850,74.1,51.4,54.9,20903,59.6
"University of Georgia","GA",139959,1,"Southern Association of Colleges and Schools Commission on Colleges",3,4,"Public","Southeast","City",33.956262,-83.374039,42.5,31,1335,0,30566,67.8,6.2,7.3,12.1,6.6,5.9,15117,27821,11180,30220,11813,9989,12233,89.8,18.5,88.1,18500,58.1
"LaGrange College","GA",140234,1,"Southern Association of Colleges and Schools Commission on Colleges",3,4,"Private","Southeast","Town",33.038564,-85.043113,59.1,NA,NA,0,597,57.5,26.3,4,0.8,11.4,2,NA,46803,33700,33700,14706,13227,6460,100,40.3,50.6,25730,42.7
"Life University","GA",140252,1,"Southern Association of Colleges and Schools Commission on Colleges",3,4,"Private","Southeast","City",33.932781,-84.514729,97.8,19,983,0,910,30.9,26.4,18.1,2.8,21.9,15.8,NA,40129,14406,14406,23284,6809,7434,58.7,39.7,31.2,16666,49.3
"Mercer University","GA",140447,1,"Southern Association of Colleges and Schools Commission on Colleges",3,4,"Private","Southeast","City",32.829134,-83.649392,74.7,30,1288,0,4568,44.8,30.5,7.6,8.2,8.9,11.2,NA,55068,39708,39708,18247,13309,9271,96.9,33.1,73.5,24199,64.3
"Morehouse College","GA",140553,1,"Southern Association of Colleges and Schools Commission on Colleges",3,3,"Private","Southeast","City",33.745982,-84.414917,60,23,1090,0,2564,0.2,98.4,0,0,1.3,14.9,NA,48890,29468,29468,26543,19765,6625,56.9,43.3,59,25000,0
"Morris Brown College","GA",140571,1,"Transnational Association of Christian Colleges and Schools",3,3,"Private","Southeast","City",33.753707,-84.407668,NA,NA,NA,0,252,0,99.6,0.4,0,0,33.3,NA,19079,9558,9558,8356,2975,4194,100,33.8,25,NA,55.6
"Oglethorpe University","GA",140696,1,"Southern Association of Colleges and Schools Commission on Colleges",3,3,"Private","Southeast","Suburb",33.875441,-84.333687,71,27,1207,0,1426,37.2,22.7,22.9,4,13.2,2.5,NA,57647,43990,43990,12765,6431,7373,100,37.1,57.1,25000,62.5
"Paine College","GA",140720,1,"Transnational Association of Christian Colleges and Schools",3,3,"Private","Southeast","City",33.469545,-81.993225,51.5,NA,NA,0,299,1,80.6,3.7,0,14.7,8.7,NA,27632,14596,14596,12940,8154,3663,69.4,68.4,17.8,NA,56.5
"Piedmont University","GA",140818,1,"Southern Association of Colleges and Schools Commission on Colleges",3,4,"Private","Southeast","Town",34.566042,-83.542126,64.3,23,1108,0,1212,67.2,12.6,10.5,1.4,8.3,6.6,NA,42631,29190,29190,15102,9932,7641,54.7,42.1,48.4,25000,69.1
"Reinhardt University","GA",140872,1,"Southern Association of Colleges and Schools Commission on Colleges",3,4,"Private","Southeast","Rural",34.319756,-84.554264,62.3,NA,NA,0,1014,55.6,21.4,8.6,1,13.4,8.4,NA,42776,27300,27300,13629,7313,5937,54.5,36.4,37.4,23900,47.4
"Savannah College of Art and Design","GA",140951,1,"Southern Association of Colleges and Schools Commission on Colleges",3,4,"Private","Southeast","City",32.072964,-81.09395,81.7,NA,1179,0,13352,52.5,11.5,6.9,6.1,23,14.2,NA,58970,39605,39605,26057,8386,10062,86.4,18.9,72.5,25148,69.9
"Savannah State University","GA",140960,1,"Southern Association of Colleges and Schools Commission on Colleges",3,4,"Public","Southeast","City",32.024781,-81.063377,NA,NA,NA,0,2648,3.1,85.8,5.3,0,5.7,12.3,9867,17228,5498,16218,4438,6787,7926,70.8,63.4,28.3,28000,61.7
"Shorter University","GA",140988,1,"Southern Association of Colleges and Schools Commission on Colleges",3,4,"Private","Southeast","City",34.257543,-85.196529,97.5,21,1059,0,1121,62.2,19.3,9.6,1.2,7.7,5.9,NA,33819,22810,22810,8933,4553,5141,58.5,39.9,31.9,25000,54.4
"Spelman College","GA",141060,1,"Southern Association of Colleges and Schools Commission on Colleges",3,3,"Private","Southeast","City",33.745279,-84.411527,28.4,NA,NA,0,3098,7.1,84.8,0,1.4,6.8,25,NA,47717,28885,28885,17670,14753,9151,66.7,42.4,74,25000,94.6
"Thomas University","GA",141167,1,"Southern Association of Colleges and Schools Commission on Colleges",3,4,"Private","Southeast","Town",30.815576,-83.963587,46.1,20,1010,0,726,36.4,25.1,5.9,1.9,30.7,30.3,NA,18420,11080,11080,22546,11703,4744,22,43.1,67,21198,52.2
"Toccoa Falls College","GA",141185,1,"Southern Association of Colleges and Schools Commission on Colleges",3,4,"Private","Southeast","Town",34.593414,-83.357617,68,22,1114,0,835,73.7,10.8,6.7,3.1,5.7,8.4,NA,33983,22350,22350,10492,5043,5511,32.9,22.7,46.4,22250,60.8
"Truett McConnell University","GA",141237,1,"Southern Association of Colleges and Schools Commission on Colleges",3,4,"Private","Southeast","Rural",34.596306,-83.748911,80.8,21,1077,0,828,74,8.3,5.2,1,11.5,5.3,NA,35484,24440,24440,9397,4291,4489,100,11.2,46.3,23439,51.3
"Valdosta State University","GA",141264,1,"Southern Association of Colleges and Schools Commission on Colleges",3,4,"Public","Southeast","City",30.847402,-83.289282,89.5,20,1027,0,7277,43.6,38.9,10.7,1.4,5.4,21.9,13063,20694,6007,17062,5923,6576,8077,70.3,51.8,40.3,24779,67.1
"Wesleyan College","GA",141325,1,"Southern Association of Colleges and Schools Commission on Colleges",3,4,"Private","Southeast","City",32.876037,-83.715417,66.8,24,NA,0,510,37.6,38.2,11.2,1,11.9,19,NA,39010,27650,27650,10855,11481,5852,100,42.7,45.6,24094,99.8
"University of West Georgia","GA",141334,1,"Southern Association of Colleges and Schools Commission on Colleges",3,4,"Public","Southeast","Town",33.573621,-85.097762,80.1,21,1026,0,7939,49.6,33.2,9,1.1,7.2,21.6,16374,23870,5941,16996,7292,8870,8259,72.6,43.9,43.2,23970,64.5
"Young Harris College","GA",141361,1,"Southern Association of Colleges and Schools Commission on Colleges",3,4,"Private","Southeast","Rural",34.933523,-83.84587,77.3,NA,NA,0,837,67.9,8.2,5.3,0.7,17.9,0.5,NA,44631,30905,30905,8142,7976,5734,36.6,24.2,49.2,27000,56
"Chaminade University of Honolulu","HI",141486,1,"Western Association of Schools and Colleges Senior Colleges and University Commission",3,4,"Private","West","City",21.28995,-157.807851,93.4,NA,NA,0,1505,9.2,1.5,12.5,25.2,51.5,14.1,NA,41667,28544,28544,17146,10607,8730,100,41.6,66.4,23250,72.2
"University of Hawaii at Hilo","HI",141565,1,"Western Association of Schools and Colleges Senior Colleges and University Commission",3,4,"Public","West","Town",19.701189,-155.080847,84.2,19,1020,0,2381,20.8,1.2,15.9,13.4,48.7,23.1,13444,21526,7838,20798,7424,17697,11242,76.6,39.5,42.5,20500,64.5
"University of Hawaii at Manoa","HI",141574,1,"Western Association of Schools and Colleges Senior Colleges and University Commission",3,4,"Public","West","City",21.298598,-157.818979,72.8,24,1113,0,13915,20.4,1.5,13.9,33.6,30.6,18.6,11753,22185,12186,34218,11945,20940,13414,78.4,25.4,62.3,18500,60.2
"Hawaii Pacific University","HI",141644,1,"Western Association of Schools and Colleges Senior Colleges and University Commission",3,4,"Private","West","City",21.310306,-157.859645,87.1,25,1173,0,2650,29.4,6.4,21,16.8,26.4,16.8,NA,49353,31940,31940,16498,6004,8802,51.5,21.3,45,22000,66.4
"University of Hawaii-West Oahu","HI",141981,1,"Western Association of Schools and Colleges Senior Colleges and University Commission",3,3,"Public","West","Suburb",21.35531,-158.056403,96.4,19,1033,0,2491,8.1,1.8,15.4,36.5,38.3,39.8,8454,15528,7584,20544,5489,12763,10631,53.8,30.9,32.7,14500,65.1
"Boise Bible College","ID",142090,1,"Association for Biblical Higher Education",3,3,"Private","West","Suburb",43.658651,-116.291321,100,21,950,0,95,88.4,4.2,3.2,0,4.2,15.8,NA,25426,9770,9770,5303,13487,6124,91.7,57.3,46.9,NA,44.2
"Boise State University","ID",142115,1,"Northwest Commission on Colleges and Universities",3,4,"Public","West","City",43.604284,-116.203301,83.9,NA,NA,0,16979,71.9,1.7,14.8,2.7,9,21.1,18016,23497,8364,25701,9805,7862,8947,58.7,19.2,59.7,20500,56.9
"Idaho State University","ID",142276,1,"Northwest Commission on Colleges and Universities",3,4,"Public","West","City",42.863832,-112.432312,NA,NA,NA,0,6830,72.2,1.5,14.9,1.2,10.1,21.9,17203,20725,7958,25936,9564,13705,8378,93.4,28.6,37.1,20039,59.9
"University of Idaho","ID",142285,1,"Northwest Commission on Colleges and Universities",3,4,"Public","West","Town",46.727406,-117.014167,73.9,24,1129,0,7120,74.9,1.1,10.7,1.6,11.6,6.9,13355,22108,8396,27632,10332,11686,10198,83.4,24.8,61.1,21982,50
"The College of Idaho","ID",142294,1,"Northwest Commission on Colleges and Universities",3,4,"Private","West","Suburb",43.652284,-116.677992,45.5,26,1175,0,1052,54.9,2.1,14,1.9,27.2,0.8,NA,47926,34630,34630,7779,8988,7494,60.5,24.1,59.9,24500,50.5
"Lewis-Clark State College","ID",142328,1,"Northwest Commission on Colleges and Universities",3,4,"Public","West","City",46.412199,-117.024875,86.8,NA,940,0,2344,77.1,1.3,9,0.6,12,21.2,11695,17295,6999,20252,5669,7996,7129,96.9,24.1,35.2,18500,63.5
"Northwest Nazarene University","ID",142461,1,"Northwest Commission on Colleges and Universities",3,4,"Private","West","Suburb",43.562411,-116.565783,88.2,23,1139,0,1115,74.8,1.8,13.4,1.3,8.8,10,NA,46897,36298,36298,10703,6095,6688,100,26.9,58.2,23750,56.3
"Brigham Young University-Idaho","ID",142522,1,"Northwest Commission on Colleges and Universities",3,3,"Private","West","Town",43.818408,-111.782431,95.6,23,1107,0,42213,63.6,2.7,18.8,1.4,13.5,60.8,NA,12807,4536,4536,2770,4757,9057,NA,26.2,53.8,13969,56.2
"American Academy of Art College","IL",142887,1,NA,3,3,"Profit","Midwest","City",41.87742,-87.624788,NA,NA,NA,0,111,39.6,14.4,36,6.3,3.6,20.7,NA,44105,37670,37670,38611,8592,4573,76.2,57.9,58.9,27000,59.5
"American Islamic College","IL",142957,1,NA,3,4,"Private","Midwest","City",41.954969,-87.646898,100,NA,NA,0,5,0,80,20,0,0,80,NA,NA,7650,7650,1359,88651,8888,NA,0,NA,NA,40
"School of the Art Institute of Chicago","IL",143048,1,"Higher Learning Commission",3,4,"Private","Midwest","City",41.88105,-87.625758,79,NA,NA,0,2819,35.4,4.4,11.3,10.3,38.6,7.9,NA,72278,54530,54530,36587,17049,11530,21.4,19,66.8,27000,75.1
"Augustana College","IL",143084,1,"Higher Learning Commission",3,4,"Private","Midwest","City",41.502365,-90.55057,61.2,NA,1145,0,2274,60.7,3.9,12.9,2.8,19.7,0.7,NA,59262,47916,47916,15256,10776,8014,77.9,21.5,77.6,27000,54.6
"Aurora University","IL",143118,1,"Higher Learning Commission",3,4,"Private","Midwest","Suburb",41.753631,-88.349023,81.9,22,1087,0,3987,40.5,6,39.6,3.6,10.4,8.1,NA,38012,27420,27420,13846,5442,8761,24,44.1,59.8,20318,67
"Blackburn College","IL",143288,1,"Higher Learning Commission",3,3,"Private","Midwest","Town",39.287896,-89.870241,64.4,20,NA,0,342,80.7,7,7.9,0.3,4.1,1.5,NA,35726,26055,26055,13711,9688,7001,73.5,56,35.7,24242,54.1
"Blessing Rieman College of Nursing and Health Sciences","IL",143297,1,"Higher Learning Commission",3,4,"Private","Midwest","Town",39.949641,-91.357497,NA,NA,NA,0,151,92,2.6,0,2,3.3,19.9,NA,NA,NA,NA,19653,27452,6946,100,33.3,NA,13000,88.1
"Bradley University","IL",143358,1,"Higher Learning Commission",3,4,"Private","Midwest","City",40.696896,-89.616786,75.1,27,1208,0,4133,64.8,8.8,13.8,4.4,8.2,2.6,NA,50881,37800,37800,17340,13967,9364,59.8,30.1,76.1,27000,50.9
"The Chicago School at Chicago","IL",143978,0,"Western Association of Schools and Colleges Senior Colleges and University Commission",3,4,"Private","Midwest","City",41.888293,-87.63379,7,NA,NA,0,34,26.5,11.8,47.1,5.9,8.8,50,NA,NA,13224,13224,25445,7999,8530,83.6,40,NA,20000,79.4
"Chicago State University","IL",144005,1,"Higher Learning Commission",3,4,"Public","Midwest","City",41.718446,-87.609384,48.5,NA,NA,0,1364,2.2,75,6.9,0.9,15,31.4,6916,21961,12018,12018,7648,24261,8654,100,60.3,27.6,30625,67.6
"University of Chicago","IL",144050,1,"Higher Learning Commission",3,4,"Private","Midwest","City",41.787994,-87.599539,5.4,34,1532,0,7511,32.1,6.7,16.3,19.8,25,0,NA,84126,64260,64260,33893,81430,18261,85.4,12.9,95.6,15000,46.9
"Columbia College Chicago","IL",144281,1,"Higher Learning Commission",3,4,"Private","Midwest","City",41.874261,-87.624667,94.8,NA,NA,0,6378,44,17,25.8,3.5,9.6,4.6,NA,45611,31026,31026,17425,10441,9013,29.7,40.5,47.2,25000,60.3
"Concordia University-Chicago","IL",144351,1,"Higher Learning Commission",3,4,"Private","Midwest","Suburb",41.898696,-87.809482,93,NA,NA,0,1285,43,12.1,34.9,2.3,7.6,10,NA,44022,34964,34964,15714,6423,4155,68.6,44,48.3,23000,53.4
"DePaul University","IL",144740,1,"Higher Learning Commission",3,4,"Private","Midwest","City",41.877618,-87.62724,70.2,NA,1221,0,13968,48.2,7.5,23.2,12.1,9.1,7.9,NA,57824,42840,42840,22193,12633,11885,48.8,31.3,69.3,23168,55
"East-West University","IL",144883,1,"Higher Learning Commission",3,3,"Private","Midwest","City",41.871309,-87.624793,NA,NA,NA,0,529,2.1,37.4,36.7,0.8,23.1,0,NA,29168,23400,23400,10693,7606,7209,100,79.1,11.6,26986,50.1
"Eastern Illinois University","IL",144892,1,"Higher Learning Commission",3,4,"Public","Midwest","Town",39.479843,-88.175658,68,20,1000,0,4586,55.8,21,10,1.2,12,12.5,12388,25334,13101,15528,4707,10573,8604,76.3,31.1,54.6,21500,61.3
"Elmhurst University","IL",144962,1,"Higher Learning Commission",3,4,"Private","Midwest","Suburb",41.897164,-87.945369,76,26,1107,0,2897,48.7,5.2,28.2,7.7,10.2,2.5,NA,51455,40232,40232,17182,8003,6253,39.1,36.4,63.5,20489,61.4
"Eureka College","IL",144971,1,"Higher Learning Commission",3,3,"Private","Midwest","Town",40.71482,-89.269624,86.7,20,NA,0,544,70.2,12.5,8.5,0.4,8.4,3.9,NA,38968,28380,28380,13529,7580,5772,64.8,46,53.6,23250,45.8
"Governors State University","IL",145336,1,"Higher Learning Commission",3,4,"Public","Midwest","Suburb",41.449103,-87.716441,57.5,19,945,0,2589,29.5,40,19.4,2.4,8.8,37.2,9833,20901,10468,17980,9860,17382,7796,36.1,53.1,20.7,18618,63.2
"Greenville University","IL",145372,1,"Higher Learning Commission",3,4,"Private","Midwest","Town",38.894162,-89.40824,94.1,18,1003,0,902,59.8,13.1,7.3,0.3,19.5,8.1,NA,43239,30548,30548,11079,7304,6065,100,38.3,57.5,23875,46.5
"Hebrew Theological College","IL",145497,1,"Higher Learning Commission",3,3,"Private","Midwest","City",42.010103,-87.760874,71.4,NA,NA,0,73,94.5,0,2.7,0,2.7,30.1,NA,21196,14200,14200,12099,14321,3753,37.1,14,20.4,14000,79.4
"University of Illinois Chicago","IL",145600,1,"Higher Learning Commission",3,4,"Public","Midwest","City",41.871837,-87.650503,78.7,27,1232,0,21567,23.4,7.6,36.3,21.1,11.7,9.3,11139,24375,14046,28654,12313,28565,12948,71.1,49.6,61.6,16704,53.2
"Benedictine University","IL",145619,1,"Higher Learning Commission",3,4,"Private","Midwest","Suburb",41.777569,-88.097307,93.1,24,NA,0,2026,41.6,8.6,18.6,18.4,12.8,11.9,NA,46422,34290,34290,13600,7521,9011,39.7,43,53.4,22500,47.3
"University of Illinois Urbana-Champaign","IL",145637,1,"Higher Learning Commission",3,4,"Public","Midwest","City",40.104718,-88.229114,44.8,32,1440,0,34031,39.3,5.9,13.8,22.2,18.8,2.2,16109,31636,15714,33686,15194,15089,13469,73.3,24.9,84.7,19500,46.7
"Illinois Wesleyan University","IL",145646,1,"Higher Learning Commission",3,3,"Private","Midwest","City",40.489901,-88.992014,42.2,27,1263,0,1518,69.1,7.3,9.2,7.1,7.3,0.4,NA,66835,53814,53814,19812,17187,8665,57.4,24.5,79.5,27000,48.8
"Illinois College","IL",145691,1,"Higher Learning Commission",3,3,"Private","Midwest","Town",39.7313,-90.246171,77.2,21,1076,0,1011,71.4,8.7,10.1,0.9,8.9,2.7,NA,46023,36346,36346,11627,8472,7438,76.7,39.2,67.3,25565,53
"Illinois Institute of Technology","IL",145725,1,"Higher Learning Commission",3,4,"Private","Midwest","City",41.8313,-87.627321,61.4,29,1328,0,2877,36.3,4.9,21.2,16.9,20.7,6.7,NA,67233,50640,50640,18147,13755,13589,57.5,29.3,75,25000,32.8
"Illinois State University","IL",145813,1,"Higher Learning Commission",3,4,"Public","Midwest","Suburb",40.509403,-88.990058,86.2,24,1111,0,18019,68.6,10.5,13,2.6,5.3,5.9,19966,32151,15170,27011,11452,8624,8941,75.9,30.3,67,20482,56.5
"Judson University","IL",146339,1,"Higher Learning Commission",3,4,"Private","Midwest","City",42.061754,-88.291336,58.2,22,1032,0,781,35.9,11.4,37.4,1.8,13.6,6.4,NA,39201,30910,30910,10252,8534,6770,30.1,32.9,53.1,25000,49.5
"Knox College","IL",146427,1,"Higher Learning Commission",3,3,"Private","Midwest","Town",40.943064,-90.373165,73.3,28,1311,0,1051,48.6,6.4,13.1,4.5,27.4,0.4,NA,63874,53259,53259,15027,19093,7545,73.9,29.8,74.6,27000,56
"Lake Forest College","IL",146481,1,"Higher Learning Commission",3,4,"Private","Midwest","Suburb",42.249574,-87.827454,59.7,29,1281,0,1724,47.4,3.4,20.4,6.3,22.5,2.4,NA,65637,52902,52902,14769,11521,8931,62.7,35.4,77.8,26158,58.6
"Lakeview College of Nursing","IL",146533,1,"Higher Learning Commission",3,3,"Private","Midwest","Town",40.13855,-87.644379,NA,NA,NA,0,116,62.1,12.9,1.7,7.8,15.5,26.7,NA,NA,NA,NA,17723,12029,6814,44,58.6,NA,15000,81
"Lewis University","IL",146612,1,"Higher Learning Commission",3,4,"Private","Midwest","Suburb",41.605432,-88.079032,74.1,23,1133,0,3650,56.5,6.2,24,6.7,6.7,14.4,NA,44513,36530,36530,18160,10506,10026,42.9,31.5,62.3,21500,48.4
"Lincoln Christian University","IL",146667,1,NA,3,4,"Private","Midwest","Town",40.148924,-89.346721,NA,NA,NA,0,85,74.1,11.8,3.5,3.5,7.1,40,NA,21428,14920,14920,9076,5786,4563,80,44.6,63.4,20250,41.2
"Loyola University Chicago","IL",146719,1,"Higher Learning Commission",3,4,"Private","Midwest","City",42.000765,-87.656872,79.1,30,1308,0,11626,50.8,6.2,20.8,13.1,9.1,4.1,NA,62997,49498,49498,25689,12219,10827,50,22.4,70.9,24157,68.9
"Trinity College of Nursing & Health Sciences","IL",146755,1,"Higher Learning Commission",3,4,"Private","Midwest","City",41.484924,-90.568862,NA,NA,NA,0,81,63,8.6,14.8,4.9,8.6,19.8,NA,NA,NA,NA,25467,10687,6733,84.6,37.2,NA,24000,86.4
"McKendree University","IL",147013,1,"Higher Learning Commission",3,4,"Private","Midwest","Suburb",38.608154,-89.816822,68.3,NA,NA,0,1528,56.4,10.9,6,0.3,26.5,7.8,NA,46576,33430,33430,12069,5586,6966,100,31.8,55.5,23250,49.5
"Methodist College","IL",147129,1,"Higher Learning Commission",3,4,"Private","Midwest","City",40.7804,-89.682864,33.3,NA,NA,0,433,70.7,15.5,2.8,3.9,7.2,52,NA,36059,18008,18008,23393,13174,5050,37.3,46.1,73.7,31250,90.8
"Millikin University","IL",147244,1,"Higher Learning Commission",3,4,"Private","Midwest","City",39.842612,-88.976298,75.4,23,1087,0,1603,66.1,18.6,4.4,1.9,9,3.2,NA,40918,26892,41632,12764,12358,6282,72.8,35.3,57.8,27000,54.9
"Monmouth College","IL",147341,1,"Higher Learning Commission",3,3,"Private","Midwest","Town",40.914824,-90.63731,90.7,26,1141,0,761,68.6,8.8,11.8,1.5,9.3,2.2,NA,54707,42214,42214,11536,16393,6421,74.7,32.7,56.8,27000,49.1
"Moody Bible Institute","IL",147369,1,"Higher Learning Commission",3,4,"Private","Midwest","City",41.897822,-87.633459,94.1,NA,NA,0,1716,60.7,5.4,9.2,2.9,21.9,19.6,NA,31963,16178,16178,8215,9051,8807,33,35.6,60.7,18149,49.2
"National Louis University","IL",147536,1,"Higher Learning Commission",3,4,"Private","Midwest","City",41.880093,-87.624699,92,NA,NA,0,3791,15.1,19.9,54.4,2.2,8.5,29,NA,23734,11580,11580,14580,5793,6379,99.5,58.7,30.7,19750,73.2
"National University of Health Sciences","IL",147590,1,"Higher Learning Commission",3,4,"Private","Midwest","Suburb",41.861697,-88.013171,NA,NA,NA,0,30,60,13.3,3.3,3.3,20,43.3,NA,NA,NA,NA,21904,13922,5404,100,58.1,NA,12500,70
"North Central College","IL",147660,1,"Higher Learning Commission",3,4,"Private","Midwest","City",41.77576,-88.14279,60.9,25,1138,0,2304,62.6,5.4,16.7,4.2,11,2,NA,54661,43046,43046,16818,11110,8931,59.1,26.1,63.3,24500,50.8
"North Park University","IL",147679,1,"Higher Learning Commission",3,4,"Private","Midwest","City",41.975268,-87.709948,68,23,1120,0,1866,31.5,9.1,33.6,9.2,16.6,6.5,NA,41988,34020,34020,16173,6728,5951,100,44.2,55,25500,58.1
"Northern Illinois University","IL",147703,1,"Higher Learning Commission",3,4,"Public","Midwest","Suburb",41.933869,-88.766428,70.7,NA,NA,0,11408,43.6,20.7,23.8,6.6,5.4,13,13484,26534,12662,12662,7353,15735,9624,70.4,45.4,53.1,22162,52.7
"Northwestern University","IL",147767,1,"Higher Learning Commission",3,4,"Private","Midwest","City",42.050356,-87.679858,7.2,35,1526,0,8837,37.3,6.7,14.2,20.9,20.9,2.8,NA,83803,63468,63468,34176,41413,18705,81,18.2,96.5,15000,53.8
"Northeastern Illinois University","IL",147776,1,"Higher Learning Commission",3,4,"Public","Midwest","City",41.980399,-87.718983,62.7,NA,NA,0,4058,22.1,11.9,41.3,9.9,14.7,38.7,13209,24517,12101,22192,8483,19837,8723,57.5,50.8,18.7,14600,58.7
"Olivet Nazarene University","IL",147828,1,"Higher Learning Commission",3,4,"Private","Midwest","Suburb",41.155237,-87.875165,57.8,23,NA,0,2460,64.3,9.5,12.4,2.5,11.3,2.8,NA,49685,37940,37940,13043,8392,7194,40.4,35,66.6,25000,55.7
"Principia College","IL",148016,1,"Higher Learning Commission",3,3,"Private","Midwest","Rural",38.948835,-90.350285,47.9,25,1125,0,316,44.6,3.2,5.7,1.6,44.9,4.4,NA,NA,32130,32130,6172,37125,8486,100,0,76.8,NA,40.5
"Quincy University","IL",148131,1,"Higher Learning Commission",3,4,"Private","Midwest","Town",39.938898,-91.385975,61.7,24,NA,0,1027,71.2,10.6,6.5,1.2,10.5,3.7,NA,43381,31940,31940,8121,6710,5917,49.5,29.3,50,24000,46.4
"Rockford University","IL",148405,1,"Higher Learning Commission",3,4,"Private","Midwest","City",42.270639,-89.019536,54.9,21,980,0,908,41.7,13.2,16.6,1.9,26.5,4.5,NA,45985,35050,35050,14687,8683,6502,38.2,49.1,40.1,22274,53.7
"Roosevelt University","IL",148487,1,"Higher Learning Commission",3,4,"Private","Midwest","City",41.876055,-87.624952,88.3,24,973,0,2362,31.9,20.9,32.7,5.1,9.5,13,NA,46360,33068,33068,18945,13610,8764,31.3,48.1,42.6,22000,60.2
"Dominican University","IL",148496,1,"Higher Learning Commission",3,4,"Private","Midwest","Suburb",41.902678,-87.823003,89.5,25,1012,0,2119,21.1,5,66.2,2.9,4.9,5.1,NA,43574,36500,36500,17682,12637,7568,37.3,48.2,58.7,24411,71.2
"Rush University","IL",148511,1,"Higher Learning Commission",3,4,"Private","Midwest","City",41.874742,-87.668581,NA,NA,NA,0,115,21.7,25.2,39.1,7.8,6.1,58.3,NA,NA,NA,NA,31140,16717,12669,59.1,38.1,NA,21988,78.3
"Saint Francis Medical Center College of Nursing","IL",148575,1,"Higher Learning Commission",3,4,"Private","Midwest","City",40.701241,-89.590322,NA,NA,NA,0,244,77,3.3,1.6,3.3,14.7,20.1,NA,NA,NA,NA,14265,15354,7439,74,29.6,NA,15000,85.2
"University of St Francis","IL",148584,1,"Higher Learning Commission",3,4,"Private","Midwest","Suburb",41.532225,-88.096057,58.4,23,1166,0,1390,49.5,9.4,29.5,3.7,7.9,15.4,NA,43760,36000,36000,12325,6433,7873,88.1,37.5,65,21079,67.2
"St. John's College-Department of Nursing","IL",148593,1,"Higher Learning Commission",3,4,"Private","Midwest","City",39.807602,-89.64532,NA,NA,NA,0,82,86.6,3.7,2.4,2.4,4.9,20.7,NA,NA,NA,NA,25105,30646,8264,94.7,28,NA,18750,92.7
"Saint Xavier University","IL",148627,1,"Higher Learning Commission",3,4,"Private","Midwest","City",41.707199,-87.714749,84.1,NA,NA,0,2963,32.4,11.7,49.5,2.2,4.1,7.3,NA,41127,35770,35770,15890,6471,8003,33.2,54.7,52.8,22223,62.8
"University of Illinois Springfield","IL",148654,1,"Higher Learning Commission",3,4,"Public","Midwest","City",39.729524,-89.616796,82,24,1125,0,2348,63,13.2,11,3.9,8.9,29.4,11807,24287,12077,21842,6524,10688,8791,65,35.9,53.2,19128,54.3
"Saint Anthony College of Nursing","IL",149028,1,"Higher Learning Commission",3,4,"Private","Midwest","City",42.310147,-88.991968,NA,NA,NA,0,181,69.6,5.5,17.7,5.5,1.7,32,NA,33151,27811,27811,24407,13867,7737,54.4,40.2,NA,20000,90.1
"Southern Illinois University-Carbondale","IL",149222,1,"Higher Learning Commission",3,4,"Public","Midwest","Town",37.714193,-89.217273,91.5,24,1068,0,7922,66,16.7,9.4,1.8,6,15.5,16729,28970,15416,15416,10109,20842,7964,79.4,36,49.3,21543,50.1
"Southern Illinois University-Edwardsville","IL",149231,1,"Higher Learning Commission",3,4,"Public","Midwest","Suburb",38.793949,-89.997779,97.5,23,1080,0,9283,68.7,13.8,6.3,2.4,8.8,17.1,12446,24429,12558,12558,10622,16253,8994,74.3,32.2,53.5,20500,57.3
"Telshe Yeshiva-Chicago","IL",149329,1,"Association of Advanced Rabbinical and Talmudic Schools",3,4,"Private","Midwest","City",41.975536,-87.71755,94.3,NA,NA,0,79,97.5,0,0,0,2.5,0,NA,20200,16000,16000,29819,17040,2438,89.5,43.8,10,NA,0
"Trinity Christian College","IL",149505,1,"Higher Learning Commission",3,4,"Private","Midwest","Suburb",41.667687,-87.783973,70.7,24,1088,0,783,55.6,13.9,20,2,8.4,10.9,NA,46996,34325,34325,11864,10500,7188,50,32.5,68.8,25009,61.6
"Trinity International University-Illinois","IL",149514,1,"Higher Learning Commission",3,4,"Private","Midwest","Suburb",42.197945,-87.880851,91.3,18,1076,0,409,44.7,19.8,20,1.7,13.7,14.4,NA,46333,33898,33898,20589,14922,7415,22.5,34.5,49.6,26082,37.6
"VanderCook College of Music","IL",149639,1,"Higher Learning Commission",3,4,"Private","Midwest","City",41.836833,-87.629138,100,NA,NA,0,67,41.8,14.9,26.9,4.5,11.9,3,NA,36975,29800,29800,16392,7303,6574,38.4,27.5,57.1,27000,55.2
"Oak Point University","IL",149763,1,NA,3,4,"Private","Midwest","Suburb",41.848066,-87.930551,NA,NA,NA,0,371,23.2,22.6,25.3,21,7.8,41.8,NA,NA,NA,NA,30354,22134,8013,75.6,42,NA,25000,77.1
"Western Illinois University","IL",149772,1,"Higher Learning Commission",3,4,"Public","Midwest","Town",40.468086,-90.686899,75,NA,NA,0,5196,55.5,22.5,12.6,1.3,8.1,14,11990,27039,14406,14406,6699,14131,9254,86.8,44,47.3,25251,57
"Wheaton College","IL",149781,1,"Higher Learning Commission",3,4,"Private","Midwest","Suburb",41.870176,-88.099643,88.4,30,1367,0,2141,68.6,2.6,7.7,10.1,11.1,2.8,NA,54537,42240,42240,20647,16672,9678,67.5,20.9,88.3,23250,55.8
"Anderson University","IN",150066,1,"Higher Learning Commission",3,4,"Private","Midwest","City",40.112768,-85.664315,51.7,22,1090,0,1111,74.1,10.3,5.5,1.5,8.6,7.5,NA,48027,34080,34080,13747,10919,6405,100,36.5,59.3,27000,51.2
"Ball State University","IN",150136,1,"Higher Learning Commission",3,4,"Public","Midwest","City",40.203431,-85.409043,69,24,1191,0,13466,74.7,9.7,7.2,1.9,6.4,6.3,15419,24478,10440,27924,8639,10690,7979,79.8,33.6,63.9,23250,61.2
"Bethel University","IN",150145,1,"Higher Learning Commission",3,4,"Private","Midwest","City",41.678399,-86.194686,99.5,NA,850,0,1115,67.8,7.4,11.1,1.9,11.8,8.4,NA,41570,32040,32040,12966,9058,5893,98.7,37.8,56.9,25000,59.9
"Butler University","IN",150163,1,"Higher Learning Commission",3,4,"Private","Midwest","City",39.8374,-86.172167,82.1,28,1262,0,4304,80.4,3.9,6.3,4,5.3,1.3,NA,62673,44460,44460,21529,13481,9163,100,13.5,80.8,26000,59.1
"Calumet College of Saint Joseph","IN",150172,1,"Higher Learning Commission",3,4,"Private","Midwest","Suburb",41.671008,-87.494123,NA,NA,NA,0,562,29.7,29.2,36.1,1.2,3.7,30.8,NA,28094,21650,21650,16171,8361,5687,29.8,46.7,25,21534,36.5
"DePauw University","IN",150400,1,"Higher Learning Commission",3,3,"Private","Midwest","Town",39.640904,-86.860363,65.8,28,1275,0,1732,59.2,5.8,8.1,2.7,24.3,0.4,NA,70394,55410,55410,16418,23819,9899,87.2,16.4,79.2,27000,50.7
"Earlham College","IN",150455,1,"Higher Learning Commission",3,4,"Private","Midwest","Town",39.823431,-84.915037,73.2,28,1261,0,589,56.5,7.6,8.7,2.7,24.4,0.3,NA,62999,50058,50058,10227,33226,7584,92.7,24.9,74.7,23488,53.1
"University of Evansville","IN",150534,1,"Higher Learning Commission",3,4,"Private","Midwest","City",37.971549,-87.531644,76.3,26,1180,0,1460,76.8,4.7,4.9,3.1,10.6,2.7,NA,52798,41336,41336,16024,13635,8987,92.2,21.1,65,24606,61.6
"Franklin College","IN",150604,1,"Higher Learning Commission",3,4,"Private","Midwest","Suburb",39.478298,-86.047182,92.9,23,1096,0,859,80.9,5.6,5.4,2,6.2,1,NA,49403,36136,36136,12805,9929,6801,72.6,39.1,63,27000,47
"Goshen College","IN",150668,1,"Higher Learning Commission",3,4,"Private","Midwest","City",41.563582,-85.827795,93.5,27,1132,0,704,46.6,4.6,29.4,2.4,17.1,5.3,NA,47366,36660,36660,14343,12534,6181,51.3,31.5,63.8,22974,61.7
"Grace College and Theological Seminary","IN",150677,1,"Higher Learning Commission",3,4,"Private","Midwest","Town",41.22595,-85.814228,84.6,23,1103,0,1458,79.4,3.2,7.5,1.7,8.2,2.5,NA,39454,29048,29048,8228,6621,7676,98.3,30.2,66.3,19500,60.7
"Hanover College","IN",150756,1,"Higher Learning Commission",3,3,"Private","Midwest","Town",38.715642,-85.460051,74.1,28,1214,0,949,76.9,4.7,2.6,0.6,15.1,0.4,NA,55210,41559,41559,13880,20134,8459,100,25.6,69.2,25250,50
"Holy Cross College","IN",150774,1,"Higher Learning Commission",3,3,"Private","Midwest","Suburb",41.698996,-86.253822,76.2,31,1320,0,422,54.3,5.7,24.9,1.7,13.5,2.4,NA,47029,34800,34800,16764,6780,6380,45.1,27.4,32.6,24000,41.7
"Huntington University","IN",150941,1,"Higher Learning Commission",3,4,"Private","Midwest","Town",40.898152,-85.497317,77.5,22,1100,0,1066,83.8,3.6,2.1,1.8,8.8,14.5,NA,40132,28830,28830,14814,12045,7123,100,34.8,70.6,25576,62.1
"Purdue University Fort Wayne","IN",151102,1,"Higher Learning Commission",3,4,"Public","Midwest","City",41.117278,-85.108962,80.7,23,1101,0,5482,71.4,6.6,9.5,5.3,7.3,17.6,11347,19050,8985,21573,8403,9103,7622,96.5,26.2,35.7,21500,49
"Indiana University-Indianapolis","IN",151111,1,"Higher Learning Commission",3,4,"Public","Midwest","City",39.772948,-86.172217,82.9,25,1157,0,17278,61.2,10.4,13.1,6.9,8.3,13.6,11577,21624,10144,32582,12283,20282,9176,51.6,35.9,56.3,20000,59.3
"University of Indianapolis","IN",151263,1,"Higher Learning Commission",3,4,"Private","Midwest","City",39.709571,-86.133969,76.1,NA,NA,0,3444,59.5,13.1,9.1,4,14.2,6,NA,47597,34972,34972,15724,10770,7891,100,38.4,59.9,26864,61.3
"Indiana Institute of Technology","IN",151290,1,"Higher Learning Commission",3,4,"Private","Midwest","City",41.078365,-85.116479,64.7,NA,NA,0,1341,36.8,10.1,3.4,1.1,48.5,3.7,NA,41982,29560,29560,7628,3270,8688,100,33,37.3,26391,40.6
"University of Southern Indiana","IN",151306,1,"Higher Learning Commission",3,4,"Public","Midwest","Suburb",37.962374,-87.677214,94.4,24,1139,0,5491,84.6,3.8,4,2,5.6,12,13135,20435,10210,22255,6934,8305,7710,100,22.9,51.1,20105,63.5
"Indiana State University","IN",151324,1,"Higher Learning Commission",3,4,"Public","Midwest","City",39.469073,-87.407846,92.3,NA,NA,0,6926,69.1,16.3,6.9,1.6,6.2,17.2,13241,23136,9732,21160,6695,10823,7665,69.8,37.8,44.1,24000,56.7
"Indiana University-Kokomo","IN",151333,1,"Higher Learning Commission",3,4,"Public","Midwest","City",40.460062,-86.132048,85.8,23,1105,0,2419,77.7,4.6,10.2,1.5,6,16,6934,13332,7941,21301,6299,6963,6756,55.7,34.5,41.6,16961,65.5
"Indiana University-South Bend","IN",151342,1,"Higher Learning Commission",3,4,"Public","Midwest","City",41.665324,-86.221991,86.9,21,1064,0,3666,62,8.3,20,2.1,7.7,22.4,8505,15251,7941,21301,6284,8767,6862,59.9,41.2,36.2,21355,65
"Indiana University-Bloomington","IN",151351,1,"Higher Learning Commission",3,4,"Public","Midwest","City",39.16609,-86.526559,82.4,29,1322,0,35401,67.7,4.2,8.2,9.2,10.8,2.4,15878,27131,11447,39120,18848,15159,11322,84.9,17.4,81.1,19509,49.6
"Indiana University-Northwest","IN",151360,1,"Higher Learning Commission",3,4,"Public","Midwest","Suburb",41.557324,-87.337249,80.3,22,1068,0,2711,46,16.8,29.2,3.2,4.7,27.6,6488,13597,7941,21301,6387,8284,7291,45.4,43.2,37.3,21710,74.7
"Indiana University-Southeast","IN",151379,1,"Higher Learning Commission",3,4,"Public","Midwest","Suburb",38.345191,-85.819985,85.2,23,1124,0,3133,80.7,5.8,5.7,2.1,5.8,28.6,8516,14752,7941,21301,6614,9196,7406,50.7,34,34.6,19684,61.1
"Indiana University-East","IN",151388,1,"Higher Learning Commission",3,4,"Public","Midwest","Town",39.868707,-84.881923,77.6,22,1092,0,2472,75.5,6,6.9,2.1,9.5,36.3,8360,15899,7941,21301,7385,7633,7374,43.9,35.9,42.5,18000,65.1
"Manchester University","IN",151777,1,"Higher Learning Commission",3,4,"Private","Midwest","Town",41.01154,-85.762249,66.4,NA,NA,0,914,60.5,8.1,8.5,0.8,22.1,2.4,NA,46583,35772,35772,16024,10763,7639,79,44.6,48.1,26854,51.4
"Marian University","IN",151786,1,"Higher Learning Commission",3,4,"Private","Midwest","City",39.813233,-86.202643,93.8,NA,NA,0,2347,60.4,15.3,11.5,2.7,10.1,12.1,NA,51522,37600,37600,19172,11643,7512,54.6,22.3,63.6,27000,62.7
"Indiana Wesleyan University-Marion","IN",151801,1,"Higher Learning Commission",3,4,"Private","Midwest","Town",40.517937,-85.667503,86.7,23,1120,0,2097,82.2,5,4.4,2.4,6,1.2,NA,41692,29684,29684,13422,12036,7614,100,25.9,66.7,24250,63.7
"Martin University","IN",151810,1,"Higher Learning Commission",3,4,"Private","Midwest","City",39.798144,-86.103953,NA,NA,NA,0,161,3.1,91.9,0.6,0,4.3,58.4,NA,25074,13200,13200,11282,5413,5304,68.8,77.2,28.6,42002,66.5
"University of Notre Dame","IN",152080,1,"Higher Learning Commission",3,4,"Private","Midwest","Suburb",41.703058,-86.238959,12.9,34,1515,0,8917,63.7,3.9,13,5.7,13.6,0.2,NA,78347,60301,60301,26835,32251,15767,88.1,11.5,96.3,19000,48.6
"Oakland City University","IN",152099,1,"Higher Learning Commission",3,4,"Private","Midwest","Rural",38.340891,-87.35144,55.7,19,1010,0,604,61.9,12.6,3.5,1.5,20.5,5.8,NA,40024,26400,26400,10557,2536,5965,21.6,28.2,53.5,16758,45
"Rose-Hulman Institute of Technology","IN",152318,1,"Higher Learning Commission",3,4,"Private","Midwest","City",39.483602,-87.326749,73,31,1398,0,2154,68.2,3.8,5.1,7.8,15.1,1.2,NA,72651,54602,54602,23506,19910,11313,94.5,12.2,80.8,25000,24.4
"University of Saint Francis-Fort Wayne","IN",152336,1,"Higher Learning Commission",3,4,"Private","Midwest","City",41.087205,-85.177246,98.1,22,1050,0,1572,68.6,10.6,9.7,1.8,9.2,9.2,NA,43022,34050,34050,17756,10577,6962,95.8,44,55.8,25976,66.3
"Saint Mary-of-the-Woods College","IN",152381,1,"Higher Learning Commission",3,4,"Private","Midwest","Rural",39.508546,-87.463791,78.2,20,1021,0,801,74.5,8.5,8.2,1.1,7.6,11.2,NA,43905,32700,32700,12869,11295,5495,27.8,54.4,51.9,19512,76.5
"Saint Mary's College","IN",152390,1,"Higher Learning Commission",3,4,"Private","Midwest","Suburb",41.707274,-86.256947,83.9,26,1259,0,1378,76.9,1.7,14.9,1.6,4.9,0.4,NA,63986,49930,49930,17537,16763,7575,65.9,26.9,74.9,27000,100
"Taylor University","IN",152530,1,"Higher Learning Commission",3,4,"Private","Midwest","Rural",40.456246,-85.497034,74.6,NA,1233,0,1767,80.8,2.8,4.8,3.1,8.6,2.6,NA,50672,37476,37476,15699,11067,7057,64.5,14.3,78,20500,54
"Trine University","IN",152567,1,"Higher Learning Commission",3,4,"Private","Midwest","Town",41.632502,-85.008009,91.9,25,NA,0,2250,84.8,3.1,3.8,1.6,6.6,1.6,NA,48921,34890,34890,12398,6305,7890,32.6,15.8,65.1,25000,37
"Valparaiso University","IN",152600,1,"Higher Learning Commission",3,4,"Private","Midwest","Suburb",41.462239,-87.040172,94.2,NA,1260,0,2342,70.7,6.4,10.5,3.1,9.3,1.8,NA,56969,44796,44796,15804,12580,7781,69.7,24.8,69.8,26942,57.1
"Wabash College","IN",152673,1,"Higher Learning Commission",3,3,"Private","Midwest","Town",40.037588,-86.906,61.5,26,1230,0,835,72.9,3.6,11.4,1.6,10.5,0.1,NA,60150,47475,47475,12648,18831,9058,95,23.8,75.3,27000,0
"Allen College","IA",152798,1,"Higher Learning Commission",3,4,"Private","Midwest","City",42.530084,-92.340148,NA,NA,NA,0,278,78.8,2.5,1.4,1.8,15.5,10.8,NA,33134,20008,20008,21681,11224,7790,56.4,22,NA,18750,91
"Briar Cliff University","IA",152992,1,"Higher Learning Commission",3,4,"Private","Midwest","City",42.526443,-96.428444,NA,NA,NA,0,624,57.7,8,19.2,1,14.1,10.9,NA,48066,34498,34498,13206,9305,7213,62.1,32.8,43.1,23250,52.1
"Buena Vista University","IA",153001,1,"Higher Learning Commission",3,4,"Private","Midwest","Town",42.642255,-95.208529,77.3,22,1115,0,1419,77.9,2.9,11.3,0.9,7,10.1,NA,51406,38644,38644,12169,7075,6623,25.2,44.4,57.9,25000,64.7
"Central College","IA",153108,1,"Higher Learning Commission",3,3,"Private","Midwest","Town",41.401539,-92.922199,79.2,22,1117,0,1135,85.3,2.8,5,1,5.9,1.6,NA,34302,19800,19800,12418,12690,7632,91.9,22.5,71.4,26984,47.8
"Clarke University","IA",153126,1,"Higher Learning Commission",3,4,"Private","Midwest","City",42.509475,-90.690487,84.8,21,1055,0,724,55.9,14.1,9.9,1,19.1,2.6,NA,51322,38060,38060,19142,11546,6475,63.6,38.6,57.6,26717,44.2
"Coe College","IA",153144,1,"Higher Learning Commission",3,3,"Private","Midwest","City",41.988263,-91.658192,NA,NA,NA,0,1224,65.2,10.1,13.1,2.5,9.1,0.5,NA,62654,50664,50664,12224,9763,6897,100,36.8,65.2,27000,56
"Cornell College","IA",153162,1,"Higher Learning Commission",3,3,"Private","Midwest","Town",41.924554,-91.423741,79.3,27,1253,0,1056,74.7,6.8,9,3.6,5.9,0.1,NA,62571,49158,49158,15494,13169,7851,100,28.3,63.4,27000,47.8
"Divine Word College","IA",153241,1,"Higher Learning Commission",3,3,"Private","Midwest","Rural",42.441721,-90.934578,NA,NA,NA,0,68,0,0,1.5,13.2,85.3,17.6,NA,NA,14620,14620,6576,26663,6538,79.2,19.4,100,NA,60.3
"Dordt University","IA",153250,1,"Higher Learning Commission",3,4,"Private","Midwest","Town",43.082527,-96.166562,87.7,25,1182,0,1472,80,0.3,2.6,0.9,16.1,0.9,NA,49104,34600,34600,14325,10755,6903,60.6,18.2,67,21500,48.9
"Drake University","IA",153269,1,"Higher Learning Commission",3,4,"Private","Midwest","City",41.60129,-93.652163,67.2,28,1304,0,2794,72.1,6.2,7.3,5,9.3,2,NA,60642,47912,47912,20036,12440,10080,67.9,19.2,76.4,23000,60.1
"University of Dubuque","IA",153278,1,"Higher Learning Commission",3,4,"Private","Midwest","City",42.49726,-90.693428,85,NA,NA,0,1439,67.8,11.4,6.6,1,13.3,16.2,NA,47851,38526,38526,22192,12729,7267,98.1,42.4,39.3,25750,41
"Faith Baptist Bible College and Theological Seminary","IA",153320,1,"Higher Learning Commission",3,4,"Private","Midwest","Suburb",41.737082,-93.624422,52.4,24,1090,0,313,84.4,1,4.2,1,9.6,9.9,NA,29489,18740,18740,7557,6100,5506,43.5,37.2,54.8,12971,51.1
"Graceland University-Lamoni","IA",153366,1,"Higher Learning Commission",3,4,"Private","Midwest","Rural",40.615966,-93.924893,74.5,20,NA,0,860,49.9,15.7,11.2,0.9,22.3,4.9,NA,46380,31970,31970,12853,9178,6463,100,48.6,48.1,21212,43.8
"Grand View University","IA",153375,1,"Higher Learning Commission",3,4,"Private","Midwest","City",41.620039,-93.600954,98.4,20,NA,0,1525,60,9.6,10.6,3.7,16.2,8.8,NA,43078,32068,32068,12192,7621,6906,47.9,39.5,52.2,22500,54.2
"Grinnell College","IA",153384,1,"Higher Learning Commission",3,3,"Private","Midwest","Town",41.747952,-92.722094,10.8,32,1480,0,1709,52.6,4.4,8.3,7.6,27.1,0.4,NA,75698,61480,61480,19898,29619,11658,80.4,17.4,88.4,17500,52.8
"Iowa State University","IA",153603,1,"Higher Learning Commission",3,4,"Public","Midwest","City",42.026212,-93.648504,90.2,25,1197,0,24994,77,2.6,7.1,4.4,8.8,4.2,15494,21932,10133,26617,12399,11364,12312,85.2,19.1,74.4,22869,44.1
"Iowa Wesleyan University","IA",153621,1,NA,3,4,"Private","Midwest","Town",40.973791,-91.552459,80.8,18,1003,0,734,42.2,17.6,6.3,0.3,33.7,5.9,NA,46894,34700,34700,10552,6223,6277,100,50.3,29.7,23347,43.3
"University of Iowa","IA",153658,1,"Higher Learning Commission",3,4,"Public","Midwest","City",41.661935,-91.536425,86,26,1222,0,21545,74.5,3,8.9,4.8,8.8,6.5,20426,26358,10353,32316,15153,14954,12752,86.7,18.7,73.7,22500,56.1
"Loras College","IA",153825,1,"Higher Learning Commission",3,4,"Private","Midwest","City",42.503908,-90.679023,89.8,NA,NA,0,1192,73,5.1,9.4,1.3,11.2,4.1,NA,46656,36570,36570,12846,7979,6915,73.4,24.9,67.8,26000,41.8
"Luther College","IA",153834,1,"Higher Learning Commission",3,3,"Private","Midwest","Town",43.312304,-91.802809,75.3,26,1241,0,1603,74.9,2.9,6.6,1.8,13.8,0.7,NA,61175,48160,48160,13989,13300,7871,73.8,17.6,74.2,27000,54.7
"Maharishi International University","IA",153861,1,"Higher Learning Commission",3,4,"Private","Midwest","Town",41.017781,-91.967306,94.3,NA,NA,0,681,44.8,10.3,11.5,3.1,30.4,33.2,NA,28730,16530,16530,14622,7491,3978,95.4,48.7,50,24781,76.2
"Mercy College of Health Sciences","IA",153977,1,"Higher Learning Commission",3,3,"Private","Midwest","City",41.594559,-93.626238,96.7,20,NA,0,909,66.4,11.9,11,6.2,4.5,49.7,NA,31905,16632,16632,19686,8813,6339,38.9,32.6,44,14745,85.7
"Morningside University","IA",154004,1,"Higher Learning Commission",3,4,"Private","Midwest","City",42.473891,-96.359464,70.6,NA,NA,0,1175,63.5,3.7,8.5,1.5,22.7,4.4,NA,48778,36610,36610,11925,7673,7100,100,31.6,56.2,26028,50.2
"Mount Mercy University","IA",154013,1,"Higher Learning Commission",3,4,"Private","Midwest","City",42.001931,-91.650991,75.3,NA,1090,0,1201,70.6,7.6,2.2,2.3,17.2,16.9,NA,51154,37606,37606,12123,7367,6464,100,35.7,57.4,23699,62.9
"Ashford University","CA",154022,1,"Western Association of Schools and Colleges Senior Colleges and University Commission",3,4,"Profit","West","City",32.8273,-117.141961,NA,NA,NA,1,26113,41.1,28.7,19.9,2.5,7.7,22.8,NA,30106,13160,13160,10681,1556,7623,6.8,33.5,9.6,31250,63.8
"University of Northern Iowa","IA",154095,1,"Higher Learning Commission",3,4,"Public","Midwest","City",42.514923,-92.459703,95,23,1121,0,7571,84.6,2.9,5.6,1.5,5.4,8,14414,20969,9411,20565,5414,10806,8511,77.8,26,63.8,19691,61.8
"Northwestern College","IA",154101,1,"Higher Learning Commission",3,4,"Private","Midwest","Town",42.999007,-96.058772,87.3,24,NA,0,1106,78.9,2.2,6.4,1.3,11.2,8.2,NA,47339,34250,34250,12526,8063,7245,100,25,63,23249,53.2
"Palmer College of Chiropractic","IA",154174,1,"Higher Learning Commission",3,4,"Private","Midwest","City",41.529021,-90.574607,NA,NA,NA,0,29,89.7,0,6.9,3.5,0,3.5,NA,NA,NA,NA,27602,11604,6292,80.7,37.2,NA,NA,44.8
"Saint Ambrose University","IA",154235,1,"Higher Learning Commission",3,4,"Private","Midwest","City",41.54065,-90.579854,73.9,24,1153,0,2108,72.2,5.4,10.2,1.9,10.3,3.9,NA,48547,34570,34570,17989,10221,7646,100,26.6,64,25000,54.2
"Simpson College","IA",154350,1,"Higher Learning Commission",3,4,"Private","Midwest","Town",41.365503,-93.563471,89.1,24,1410,0,1115,77.8,3.6,9.4,1.5,7.7,4.8,NA,57690,45108,45108,13559,10870,6720,41.2,35.8,66.7,26000,51.9
"Upper Iowa University","IA",154493,1,"Higher Learning Commission",3,4,"Private","Midwest","Rural",42.838283,-91.799543,54.2,21,1065,0,2203,61.6,17.1,8.1,1.9,11.3,43.5,NA,48044,33639,33639,8395,3495,6133,100,34.4,42.1,25000,58.1
"Waldorf University","IA",154518,1,"Higher Learning Commission",3,4,"Profit","Midwest","Rural",43.262923,-93.641714,73.9,NA,NA,0,2231,47.1,10.7,3.2,1.3,37.7,29.6,NA,36036,24526,24526,8941,4686,5698,29.9,33.1,25.8,18752,36.8
"Wartburg College","IA",154527,1,"Higher Learning Commission",3,3,"Private","Midwest","Town",42.7277,-92.483387,97.4,23,1113,0,1402,79.4,4.3,4.1,0.6,11.6,2.9,NA,59828,49190,49190,16505,9270,6994,100,22.9,67.2,27000,50.4
"William Penn University","IA",154590,1,"Higher Learning Commission",3,4,"Private","Midwest","Town",41.310111,-92.647095,57.7,19,971,0,1362,57,16.5,9.9,0.9,15.6,5.6,NA,39936,27800,27800,10089,5238,6103,100,46.6,29.9,22415,50.4
"Baker University","KS",154688,1,"Higher Learning Commission",3,4,"Private","Midwest","Rural",38.778712,-95.187346,91.8,21,1050,0,1115,64,10,11.7,1.7,12.6,15.3,NA,47258,32320,32320,13452,6976,6839,21.7,22.6,47.9,25000,53.7
"Benedictine College","KS",154712,1,"Higher Learning Commission",3,4,"Private","Midwest","Town",39.573079,-95.113858,98.8,26,1220,0,2155,76.8,3.1,11.4,1.6,7.2,1,NA,51009,33720,33720,14159,8488,7709,99.2,15.8,67.6,24599,50.5
"Bethany College","KS",154721,1,"Higher Learning Commission",3,3,"Private","Midwest","Rural",38.580598,-97.67367,66,20,1010,0,684,47.2,19.9,18.9,1.8,12.3,0.9,NA,50636,31305,31305,10320,6442,4321,100,44.4,29.5,23250,39.8
"Bethel College-North Newton","KS",154749,1,"Higher Learning Commission",3,3,"Private","Midwest","Town",38.075169,-97.343256,97.2,22,1082,0,497,53.9,18.1,15.7,1.8,10.5,2.2,NA,46600,32090,32090,13033,7035,5840,62.5,33.1,52.5,24000,47.7
"Central Christian College of Kansas","KS",154855,1,"Higher Learning Commission",3,3,"Private","Midwest","Town",38.357978,-97.668597,NA,NA,NA,0,464,47.2,12.1,25,1.3,14.4,6,NA,32981,20650,20650,11176,4964,4271,21.2,50.4,30.6,27000,50
"Emporia State University","KS",155025,1,"Higher Learning Commission",3,4,"Public","Midwest","Town",38.414784,-96.179021,95.7,NA,1090,0,2663,72.6,3.4,6.2,1.3,16.5,5.4,14750,19376,7001,14918,6632,7690,7191,91,33.4,51.9,19500,63.3
"Fort Hays State University","KS",155061,1,"Higher Learning Commission",3,4,"Public","Midwest","Town",38.872156,-99.342503,88,NA,1051,0,10066,50.1,2.7,5.5,1.1,40.6,51.9,13096,18598,5430,15870,5825,6226,7663,48.5,22.3,50.5,21000,60.7
"Barclay College","KS",155070,1,"Higher Learning Commission",3,4,"Private","Midwest","Rural",37.62012,-99.105351,52.7,NA,NA,0,152,50.7,17.8,21,0.7,9.9,23,NA,38490,24990,24990,23103,9836,5183,51.2,60.1,41.7,27000,52
"Friends University","KS",155089,1,"Higher Learning Commission",3,4,"Private","Midwest","City",37.678459,-97.367048,63.3,21,1112,0,993,52.1,11.7,19.4,1.4,15.4,9.8,NA,43844,31812,31812,12925,5448,6859,33.1,35.5,45.4,25000,50.2
"Kansas Christian College","KS",155308,1,"Association for Biblical Higher Education",3,3,"Private","Midwest","City",38.994848,-94.666878,NA,NA,NA,0,188,31.9,35.1,13.3,3.2,16.5,10.6,NA,22426,9570,9570,10644,11922,2587,55.2,64,9.1,NA,27.1
"University of Kansas","KS",155317,1,"Higher Learning Commission",3,4,"Public","Midwest","City",38.958549,-95.247567,87.8,25,1192,0,18539,69.3,4.2,9.9,6.1,10.5,9.8,18430,24888,11167,28035,13820,21446,11049,83.8,19.4,67.3,21000,53.6
"Newman University","KS",155335,1,"Higher Learning Commission",3,4,"Private","Midwest","City",37.672643,-97.37768,51,21,NA,0,883,50.5,4,26.5,4.9,14.2,5.2,NA,44536,34400,34400,10124,5648,6317,100,13.5,52,20801,63.3
"Kansas State University","KS",155399,1,"Higher Learning Commission",3,4,"Public","Midwest","City",39.188648,-96.581077,95.1,NA,NA,0,14762,79.8,2.7,8.5,1.8,7.2,9.1,17861,24923,10448,26519,11998,13294,10192,91.6,19.8,68.6,21250,50.1
"Kansas Wesleyan University","KS",155414,1,"Higher Learning Commission",3,4,"Private","Midwest","Town",38.813795,-97.607973,69.6,NA,NA,0,787,57.3,14.5,19.1,1.4,7.7,4.4,NA,44048,32470,32470,11746,5594,5917,100,42.6,32.3,23250,43.5
"Manhattan Christian College","KS",155496,1,"Higher Learning Commission",3,3,"Private","Midwest","City",39.184806,-96.579383,48,22,1090,0,121,78.5,5.8,7.4,0.8,7.4,17.4,NA,32545,17914,17914,12117,6039,5270,36.7,38.4,53.3,24250,48.8
"McPherson College","KS",155511,1,"Higher Learning Commission",3,4,"Private","Midwest","Town",38.371422,-97.642996,65.9,NA,1026,0,812,52.2,13.6,18.6,2.1,13.5,1.2,NA,47059,33536,33536,10569,8490,6652,96.3,33.4,49.5,25242,32
"MidAmerica Nazarene University","KS",155520,1,"Higher Learning Commission",3,4,"Private","Midwest","Suburb",38.875244,-94.781526,66.8,20,1048,0,975,61.3,13.9,5.4,1.3,18,6,NA,51534,34832,34832,15815,7060,6397,27.8,31.3,41.9,15000,54.1
"Ottawa University-Ottawa","KS",155627,1,"Higher Learning Commission",3,4,"Private","Midwest","Town",38.603173,-95.264187,78.2,18,993,0,851,50.2,17,16.3,1.3,15.2,8.9,NA,50165,33380,33380,10585,2307,6612,95.3,39.3,28.5,21500,36.5
"Ottawa University-Kansas City","KS",155636,0,"Higher Learning Commission",3,4,"Private","Midwest","City",38.932055,-94.635461,NA,NA,NA,0,272,72.4,7.3,14.3,0.4,5.5,69.5,NA,NA,NA,NA,6210,1353,4001,100,52.7,NA,21500,76.8
"Pittsburg State University","KS",155681,1,"Higher Learning Commission",3,4,"Public","Midwest","Town",37.392071,-94.702473,86.2,21,1090,0,4221,78.2,3.6,7.5,0.7,10,5.8,16211,19841,7970,19654,5691,8087,7777,61.6,29.5,55.5,18969,49.2
"University of Saint Mary","KS",155812,1,"Higher Learning Commission",3,4,"Private","Midwest","Town",39.279396,-94.906743,81.9,NA,1045,0,798,50.9,13.8,20.8,1.4,13.2,5.9,NA,43809,32540,32540,15443,8742,6544,54.6,36.9,38.5,22018,46.4
"Southwestern College","KS",155900,1,"Higher Learning Commission",3,4,"Private","Midwest","Town",37.248608,-96.975405,70.2,19,1026,0,1050,42.1,14.9,14.6,1.9,26.5,40.1,NA,51374,36650,36650,12712,8471,6309,100,38.2,38.5,25000,33.5
"Sterling College","KS",155937,1,"Higher Learning Commission",3,4,"Private","Midwest","Rural",38.219937,-98.208644,61.1,22,1076,0,566,57.4,12.5,8,0,22.1,11.7,NA,42886,30000,30000,9498,6099,4729,45.9,35.6,36.7,24625,36.8
"Tabor College","KS",155973,1,"Higher Learning Commission",3,4,"Private","Midwest","Rural",38.34858,-97.199773,52.7,NA,1035,0,507,56.4,11.2,18,0.4,14,1.2,NA,46710,35050,35050,15777,8143,6452,70.3,38.2,44.1,23887,37.3
"Washburn University","KS",156082,1,"Higher Learning Commission",3,4,"Public","Midwest","City",39.033778,-95.702222,NA,NA,NA,0,3872,61.9,8.5,13.2,1.7,14.7,18.7,11793,20321,9154,20438,7190,10374,8015,62.2,29.6,54.2,18127,63.8
"Wichita State University","KS",156125,1,"Higher Learning Commission",3,4,"Public","Midwest","City",37.718882,-97.292361,94.8,23,1118,0,10304,57.9,5.9,16,7.2,13,19.7,13299,20964,8866,18226,9470,8893,8611,62.9,30.1,51.6,20500,55.7
"Alice Lloyd College","KY",156189,1,"Southern Association of Colleges and Schools Commission on Colleges",3,3,"Private","Southeast","Rural",37.335087,-82.875068,98.3,20,980,0,538,90.1,6.5,1.1,0.4,1.8,1.3,NA,27810,14250,14250,7503,5385,5212,71.8,57.1,40.5,19599,47
"Asbury University","KY",156213,1,"Southern Association of Colleges and Schools Commission on Colleges",3,4,"Private","Southeast","Town",37.862029,-84.662606,78.7,NA,NA,0,1256,76.2,4.9,7.6,1.4,10,14.7,NA,44967,33146,33146,13588,10659,6993,46.8,28.7,70,24028,59.4
"Bellarmine University","KY",156286,1,"Southern Association of Colleges and Schools Commission on Colleges",3,4,"Private","Southeast","City",38.219279,-85.704997,87.8,24,1191,0,2275,73.8,7.8,7.6,3,7.8,2.9,NA,58078,46030,46030,16770,10710,8951,42.1,23.8,59.7,25000,61.7
"Berea College","KY",156295,1,"Southern Association of Colleges and Schools Commission on Colleges",3,3,"Private","Southeast","Town",37.57202,-84.292893,24.6,26,1220,0,1412,44.3,18.7,15.4,3.9,17.7,0.4,NA,54396,45026,45026,317,21321,8711,81,81.6,61.9,3591,59.7
"Brescia University","KY",156356,1,"Southern Association of Colleges and Schools Commission on Colleges",3,4,"Private","Southeast","City",37.769041,-87.111639,50.4,22,NA,0,551,65.3,10.7,6.2,2.5,15.2,13.2,NA,40632,27950,27950,10989,8906,5741,44.3,39.9,43.1,29430,61.5
"Campbellsville University","KY",156365,1,"Southern Association of Colleges and Schools Commission on Colleges",3,4,"Private","Southeast","Town",37.343342,-85.348943,NA,NA,NA,0,2749,66,14.7,2.3,1,15.9,11.2,NA,40775,26100,26100,9731,6030,5972,37,33.3,40.7,17156,59.1
"Centre College","KY",156408,1,"Southern Association of Colleges and Schools Commission on Colleges",3,3,"Private","Southeast","Town",37.645709,-84.779392,62.8,30,1366,0,1347,73,5.7,7.1,4.3,9.8,0.3,NA,60700,48070,48070,17393,22613,9229,93.3,21.7,86.8,27000,51.7
"Clear Creek Baptist Bible College","KY",156417,1,"Southern Association of Colleges and Schools Commission on Colleges",3,4,"Private","Southeast","Rural",36.725236,-83.727702,NA,NA,NA,0,102,90.2,2.9,2.9,0,3.9,29.4,NA,15723,9970,9970,5412,6352,4634,64.3,44,50,NA,16.7
"Galen College of Nursing-Louisville","KY",156471,1,"Southern Association of Colleges and Schools Commission on Colleges",3,4,"Profit","Southeast","City",38.281333,-85.499039,NA,NA,NA,0,3999,47.6,11.6,12.4,2.6,25.8,56.7,NA,NA,NA,NA,9051,3671,5893,43.9,31.7,62,24166,92.2
"University of the Cumberlands","KY",156541,1,"Southern Association of Colleges and Schools Commission on Colleges",3,4,"Private","Southeast","Town",36.737048,-84.161646,83,21,1049,0,4609,35.7,2.8,0.5,0.6,60.5,16.4,NA,24278,9875,9875,9701,2584,6054,23.2,48.9,44.2,14911,66.9
"Eastern Kentucky University","KY",156620,1,"Southern Association of Colleges and Schools Commission on Colleges",3,4,"Public","Southeast","Town",37.740845,-84.300796,64.3,21,1051,0,11215,80.4,6.9,5,1.3,6.3,15.2,10158,21228,9844,20222,7158,9152,7426,58.3,38.1,49.2,22500,59.2
"Georgetown College","KY",156745,1,"Southern Association of Colleges and Schools Commission on Colleges",3,4,"Private","Southeast","Town",38.207615,-84.553767,71.5,NA,1093,0,1204,75.6,8.3,6.5,0.6,9.1,0.4,NA,55456,41600,41600,6983,5713,6456,54.7,34.4,46.1,25200,53.4
"Kentucky Mountain Bible College","KY",157030,1,"Association for Biblical Higher Education",3,3,"Private","Southeast","Rural",37.603443,-83.438765,45,23,1120,0,71,83.1,0,7,0,9.9,31,NA,16340,10060,10060,14233,7296,NA,NA,58,56.2,NA,35.2
"Kentucky State University","KY",157058,1,"Southern Association of Colleges and Schools Commission on Colleges",3,4,"Public","Southeast","Town",38.201427,-84.855402,91.5,NA,889,0,1343,8,80.8,2.1,0.5,8.6,10.5,11619,21223,9004,12882,9395,7076,7130,77.8,47.3,32.3,25938,60.4
"Kentucky Wesleyan College","KY",157076,1,"Southern Association of Colleges and Schools Commission on Colleges",3,3,"Private","Southeast","City",37.744489,-87.119658,68.6,22,1053,0,760,69.1,13.6,4.9,1.7,10.8,2.6,NA,41058,31300,31300,12816,6000,6056,50,44.8,48.4,23250,49.7
"University of Kentucky","KY",157085,1,"Southern Association of Colleges and Schools Commission on Colleges",3,4,"Public","Southeast","City",38.038911,-84.504747,94.9,26,1189,0,22115,76,6.7,6.1,3.6,7.5,6.2,16328,30635,12859,32276,13909,12932,11541,82.5,21.2,68.8,22500,57.8
"Kentucky Christian University","KY",157100,1,"Southern Association of Colleges and Schools Commission on Colleges",3,4,"Private","Southeast","Town",38.338805,-82.945561,44.4,19,959,0,448,60.5,24.6,5.6,0,9.4,4.5,NA,37121,23700,23700,4132,5463,4891,39.1,40,30.7,22250,31.5
"Lindsey Wilson College","KY",157216,1,"Southern Association of Colleges and Schools Commission on Colleges",3,4,"Private","Southeast","Town",37.101502,-85.299997,NA,NA,NA,0,1608,71.6,11.6,0.2,0.8,15.7,4.9,NA,38653,26228,26228,8168,4656,6107,61.7,54.4,36.9,16784,55.2
"University of Louisville","KY",157289,1,"Southern Association of Colleges and Schools Commission on Colleges",3,4,"Public","Southeast","City",38.216862,-85.760412,81.5,24,1153,0,13822,64.7,14.9,7.3,5.3,7.8,18.5,18277,29595,12520,28866,13177,15572,9026,51.7,29.1,62.2,20500,55.5
"Midway University","KY",157377,1,"Southern Association of Colleges and Schools Commission on Colleges",3,4,"Private","Southeast","Rural",38.146126,-84.678142,93.8,22,1113,0,1187,71.3,10.1,7.1,0.7,10.9,13.7,NA,40723,25050,25050,12290,5860,6712,27.5,48.7,43.4,21301,62.3
"Morehead State University","KY",157386,1,"Southern Association of Colleges and Schools Commission on Colleges",3,4,"Public","Southeast","Town",38.186768,-83.434021,84,NA,NA,0,4864,87.2,3.4,2.8,0.8,5.9,11,11012,21837,9560,14286,4316,9079,7079,76.2,30.8,47.2,22250,61.3
"Murray State University","KY",157401,1,"Southern Association of Colleges and Schools Commission on Colleges",3,4,"Public","Southeast","Town",36.612419,-88.323629,84,24,1109,0,6588,77.6,5.9,3,0.8,12.7,12,11072,21641,9432,18888,6645,9679,7226,76.4,31.5,58.5,20500,61.4
"Northern Kentucky University","KY",157447,1,"Southern Association of Colleges and Schools Commission on Colleges",3,4,"Public","Southeast","Suburb",39.029714,-84.463483,86,23,1123,0,8677,77,7,4.6,1.7,9.7,17.9,6087,18899,10592,20848,9933,9327,8403,97.2,26.1,50,23000,58.9
"University of Pikeville","KY",157535,1,"Southern Association of Colleges and Schools Commission on Colleges",3,4,"Private","Southeast","Town",37.479232,-82.521063,NA,NA,NA,0,1109,81.4,9.3,1.6,0.8,6.9,2.8,NA,34523,23150,23150,24553,10928,6660,57.8,42.1,35.4,20679,55.1
"The Southern Baptist Theological Seminary","KY",157748,1,"Southern Association of Colleges and Schools Commission on Colleges",3,4,"Private","Southeast","City",38.248216,-85.687649,87.2,23,1112,0,874,89.7,1.8,0.8,2.4,5.3,24.6,NA,NA,12000,12000,7545,4335,8029,100,0,43.3,NA,44.4
"Spalding University","KY",157757,1,"Southern Association of Colleges and Schools Commission on Colleges",3,4,"Private","Southeast","City",38.242407,-85.757725,97.6,20,1013,0,635,63,21.1,8,1.9,6,13.4,NA,42917,27300,27300,18661,12450,7264,56.2,38.4,44.7,25250,66.5
"Thomas More University","KY",157809,1,"Southern Association of Colleges and Schools Commission on Colleges",3,4,"Private","Southeast","Suburb",39.022963,-84.568923,94.2,NA,1092,0,1420,75.8,8,3.9,1.3,11,9.7,NA,45868,35810,35810,13755,6084,6787,53.3,27.3,44.4,26236,49
"Transylvania University","KY",157818,1,"Southern Association of Colleges and Schools Commission on Colleges",3,3,"Private","Southeast","City",38.052983,-84.493202,90.8,27,1250,0,976,77.9,5.2,5.3,3.3,8.3,2.2,NA,57015,43670,43670,17469,11335,8107,74.1,25.9,69,27000,56.1
"Union College","KY",157863,1,"Southern Association of Colleges and Schools Commission on Colleges",3,4,"Private","Southeast","Town",36.870875,-83.888477,53.4,19,980,0,711,61.9,15.5,5.1,0.4,17.2,4.1,NA,41450,30946,30946,10267,5525,5223,100,49.9,33.1,24250,39.9
"Western Kentucky University","KY",157951,1,"Southern Association of Colleges and Schools Commission on Colleges",3,4,"Public","Southeast","City",36.985035,-86.456828,97,NA,1088,0,12149,76.8,9,5.4,2.8,6.1,9.8,12329,23211,11112,27000,7002,9266,7817,69.5,29,51.4,22095,61.6
"Centenary College of Louisiana","LA",158477,1,"Southern Association of Colleges and Schools Commission on Colleges",3,4,"Private","Southeast","City",32.483335,-93.730834,63.6,25,1188,0,511,61.8,17.8,9.4,2.9,8,1,NA,57199,38820,38820,11566,12838,7095,53.8,36.9,60,27000,54.6
"Dillard University","LA",158802,1,"Southern Association of Colleges and Schools Commission on Colleges",3,3,"Private","Southeast","City",29.996587,-90.06464,79.9,21,1082,0,1220,0.4,86.6,2.7,0.1,10.2,4.8,NA,33520,20224,20224,7687,9856,6984,54.4,67.6,48,31000,75.6
"Grambling State University","LA",159009,1,"Southern Association of Colleges and Schools Commission on Colleges",3,4,"Public","Southeast","Town",32.523797,-92.713245,42.4,17,938,0,4163,0.5,91.4,1.4,0.1,6.6,11.4,15760,24264,7683,16706,5090,3803,6439,87.4,74.9,36.9,36500,63.8
"Louisiana State University Health Sciences Center-New Orleans","LA",159373,1,"Southern Association of Colleges and Schools Commission on Colleges",3,4,"Public","Southeast","City",29.957272,-90.083145,NA,NA,NA,0,880,62.5,17.8,8.3,7.5,3.9,11,NA,NA,NA,NA,20183,77085,9152,69.1,15.9,NA,19500,86.5
"Louisiana State University-Alexandria","LA",159382,1,"Southern Association of Colleges and Schools Commission on Colleges",3,3,"Public","Southeast","Rural",31.178616,-92.414409,57.7,20,1019,0,3600,59.9,19.7,1.8,2.7,15.9,37.6,7251,14892,7050,14650,6093,5277,6610,69,37,31.5,19000,71.8
"Louisiana State University and Agricultural & Mechanical College","LA",159391,1,"Southern Association of Colleges and Schools Commission on Colleges",3,4,"Public","Southeast","City",30.414986,-91.178921,75.7,26,1221,0,27729,62.6,17.3,9.2,5,5.8,4.8,18761,33322,11954,28631,12475,10532,10708,89.6,24.8,69.8,20500,54.8
"Louisiana State University-Shreveport","LA",159416,1,"Southern Association of Colleges and Schools Commission on Colleges",3,4,"Public","Southeast","City",32.428465,-93.70561,88.9,23,1091,0,2137,56.8,24.8,1.5,1.6,15.3,24.7,7793,18196,7327,20481,8068,7584,8921,69.3,37.4,32.5,22500,60.2
"Louisiana Christian University","LA",159568,1,"Southern Association of Colleges and Schools Commission on Colleges",3,4,"Private","Southeast","Suburb",31.324528,-92.425973,74.6,21,1085,0,767,60.4,26.1,3.5,0.7,9.4,3.1,NA,28160,19720,19720,9330,8193,6189,57.4,41.7,36.3,21875,45.5
"Louisiana Tech University","LA",159647,1,"Southern Association of Colleges and Schools Commission on Colleges",3,4,"Public","Southeast","Town",32.528297,-92.649963,62.4,25,1190,0,7434,73.1,10.5,4.8,1.1,10.4,6.5,11771,23390,10065,16806,8618,6438,8617,64.5,20,59.9,22135,43.4
"Loyola University New Orleans","LA",159656,1,"Southern Association of Colleges and Schools Commission on Colleges",3,4,"Private","Southeast","City",29.936141,-90.120417,78.1,NA,NA,0,3160,45.3,19.4,21.6,2.9,10.8,6.6,NA,59044,45030,45030,15370,10781,8281,61,37.8,67,26000,66.6
"McNeese State University","LA",159717,1,"Southern Association of Colleges and Schools Commission on Colleges",3,4,"Public","Southeast","City",30.178187,-93.217222,71.2,22,1089,0,4928,66.1,16,4.4,1.8,11.8,11.3,10768,20355,8440,9940,7154,4849,7405,100,30.9,46.5,23000,60.8
"University of New Orleans","LA",159939,1,"Southern Association of Colleges and Schools Commission on Colleges",3,4,"Public","Southeast","City",30.027704,-90.067142,69.8,21,1088,0,4925,43.6,23.3,12.9,9.1,11.1,19.3,11352,22232,9172,14008,7741,5595,8707,64.5,38.9,38.2,18750,50.4
"Nicholls State University","LA",159966,1,"Southern Association of Colleges and Schools Commission on Colleges",3,4,"Public","Southeast","City",29.794486,-90.801571,98.4,23,1088,0,4808,66.4,17.8,5.6,1.5,8.7,11.9,12330,20961,8156,9249,6481,5882,6838,100,35,45.6,22675,63.7
"University of Louisiana at Monroe","LA",159993,1,"Southern Association of Colleges and Schools Commission on Colleges",3,4,"Public","Southeast","City",32.527748,-92.07374,70.1,22,1132,0,5032,60.5,23.1,3.1,1.5,11.8,20,11813,22653,9082,21182,8044,7031,7825,76.2,34.8,50.7,21500,65.8
"Northwestern State University of Louisiana","LA",160038,1,"Southern Association of Colleges and Schools Commission on Colleges",3,4,"Public","Southeast","Town",31.750666,-93.097797,97.9,19,1089,0,6243,53.5,29.6,6.6,1,9.3,26.8,15540,23950,8672,19460,6308,5972,7061,61.3,36.7,46.4,25000,71.9
"University of Holy Cross","LA",160065,1,"Southern Association of Colleges and Schools Commission on Colleges",3,4,"Private","Southeast","City",29.912003,-89.99445,87.4,19,NA,0,453,43.7,26.3,13.5,4,12.6,33.8,NA,26352,15960,15960,15449,11245,7670,48.3,29.2,36.5,26995,83.7
"Franciscan Missionaries of Our Lady University","LA",160074,1,"Southern Association of Colleges and Schools Commission on Colleges",3,4,"Private","Southeast","City",30.401379,-91.110587,84.8,21,1120,0,844,65,22.9,6.5,3.1,2.5,43.2,NA,25871,15012,15012,15272,12219,7608,100,31.1,42.9,27672,84.4
"Saint Joseph Seminary College","LA",160409,1,"Southern Association of Colleges and Schools Commission on Colleges",3,3,"Private","Southeast","Rural",30.526778,-90.113621,NA,NA,NA,0,106,53.8,0,18.9,10.4,17,0.9,NA,41450,24725,24725,38806,28012,3146,73.3,19.3,50,NA,0
"Southeastern Louisiana University","LA",160612,1,"Southern Association of Colleges and Schools Commission on Colleges",3,4,"Public","Southeast","City",30.514652,-90.468676,99,NA,1090,0,9567,66.3,19.8,7.2,1,5.8,19.4,12387,21784,8373,20851,6507,6385,7465,82.4,34.4,43.8,22113,62.5
"Southern University and A & M College","LA",160621,1,"Southern Association of Colleges and Schools Commission on Colleges",3,4,"Public","Southeast","City",30.524558,-91.190105,53.9,17,940,0,5171,0.8,94.6,0.9,0.2,3.5,12.6,17701,24483,9940,17198,5791,4839,5813,94.5,63.4,30.3,29251,67.5
"Southern University at New Orleans","LA",160630,1,"Southern Association of Colleges and Schools Commission on Colleges",3,4,"Public","Southeast","City",30.026162,-90.044912,93.5,NA,950,0,1144,2,93.1,1.2,0.2,3.5,22.6,18295,20982,7471,16371,7264,7941,7251,70.5,42.8,17,31000,77.4
"University of Louisiana at Lafayette","LA",160658,1,"Southern Association of Colleges and Schools Commission on Colleges",3,4,"Public","Southeast","City",30.212191,-92.020165,74.6,22,NA,0,11932,59.9,24.9,5.4,2.4,7.4,11.6,13851,23800,10382,24110,9850,8066,8658,75.7,36.8,51.1,22902,58.1
"Tulane University of Louisiana","LA",160755,1,"Southern Association of Colleges and Schools Commission on Colleges",3,4,"Private","Southeast","City",29.940069,-90.122144,11.5,32,1443,0,8490,67.7,6.5,9.2,5.3,11.3,4.8,NA,80932,62844,62844,36503,32075,12415,67.6,9.2,87.4,20500,61.6
"Xavier University of Louisiana","LA",160904,1,"Southern Association of Colleges and Schools Commission on Colleges",3,4,"Private","Southeast","City",29.964162,-90.107307,95.2,23,1103,0,2681,1.3,86.3,4.1,2.5,5.8,2.9,NA,38603,26863,26863,13509,9027,9433,76.1,51.7,50.5,24053,77.8
"College of the Atlantic","ME",160959,1,"New England Commission on Higher Education",3,4,"Private","Northeast","Rural",44.395258,-68.221517,60.1,NA,NA,0,372,63.2,0.5,6.2,2.4,27.7,3.8,NA,54969,44829,44829,42975,15969,9015,100,28.9,58.2,25050,67.7
"Bates College","ME",160977,1,"New England Commission on Higher Education",3,3,"Private","Northeast","City",44.105299,-70.203333,13.7,NA,1480,0,1790,62.4,5.1,9,6.4,17.1,0,NA,77870,61066,61066,54948,24199,11268,93.2,10,92.6,14275,52.7
"Bowdoin College","ME",161004,1,"New England Commission on Higher Education",3,3,"Private","Northeast","Town",43.907134,-69.963942,9.2,NA,1520,0,1909,55.6,6,13.2,9.3,15.8,0,NA,76310,61528,61528,34579,36375,13417,87.8,15.6,94,18500,51.6
"Colby College","ME",161086,1,"New England Commission on Higher Education",3,3,"Private","Northeast","Town",44.564211,-69.66337,7.6,33,1501,0,2299,56.1,5.3,8,9.8,20.8,0,NA,78665,63520,63520,34919,22544,11925,93.6,14.1,88,19157,52.4
"University of Maine at Augusta","ME",161217,1,"New England Commission on Higher Education",3,4,"Public","Northeast","Town",44.337746,-69.796396,NA,NA,NA,0,2870,81.8,3.3,4.2,0.9,9.7,55.6,10142,18446,8378,19778,5640,9382,7651,41.4,34.2,23.3,22734,70.2
"University of Maine at Farmington","ME",161226,1,"New England Commission on Higher Education",3,4,"Public","Northeast","Rural",44.666911,-70.147121,94.2,NA,1110,0,1217,87.5,2.5,3.7,0.5,5.8,7.2,13698,23772,9890,21650,5892,13776,8049,67.3,39.1,53.3,24499,65.2
"University of Maine at Fort Kent","ME",161235,1,"New England Commission on Higher Education",3,3,"Public","Northeast","Rural",47.250389,-68.589319,99.2,NA,NA,0,650,69.2,6.9,4.8,1.5,17.5,48.3,11982,18231,8805,13575,6428,7906,7546,50,13.9,36.6,20160,73.7
"University of Maine","ME",161253,1,"New England Commission on Higher Education",3,4,"Public","Northeast","Suburb",44.899257,-68.669332,94,26,1202,0,8720,83,1.7,5.1,1.7,8.5,12.8,17175,25586,12136,33736,11726,11531,10819,69.9,24.3,55.3,25000,48.1
"Maine Maritime Academy","ME",161299,1,"New England Commission on Higher Education",3,4,"Public","Northeast","Rural",44.389654,-68.804347,57.6,NA,1166,0,874,83.3,2.2,4.5,1.6,8.5,2.3,21385,29140,14562,30042,18382,12765,NA,78.7,26.8,66.1,27000,19.4
"University of Maine at Presque Isle","ME",161341,1,"New England Commission on Higher Education",3,4,"Public","Northeast","Rural",46.672285,-68.016343,97,NA,NA,0,1100,68.6,7.1,6.6,1.5,16.4,36.3,8948,16717,8750,13160,4025,7752,8066,45.1,26.8,29.4,16000,64.4
"University of New England","ME",161457,1,"New England Commission on Higher Education",3,4,"Private","Northeast","Suburb",43.458591,-70.38535,96.3,NA,NA,0,2272,86.4,1.5,3.4,3,5.8,1.1,NA,59327,40950,40950,26153,11914,8930,53.6,12.2,59.4,25250,67.7
"Maine College of Art & Design","ME",161509,1,"New England Commission on Higher Education",3,4,"Private","Northeast","City",43.655743,-70.261015,74,NA,NA,0,380,75,2.6,2.6,4.7,15,2.6,NA,55612,39830,39830,21232,13732,6761,29.1,32.5,48.3,27000,77.1
"Saint Joseph's College of Maine","ME",161518,1,"New England Commission on Higher Education",3,4,"Private","Northeast","Rural",43.826314,-70.483373,80.8,NA,1060,0,963,80.9,3.7,5.1,1,9.2,28.4,NA,56612,41586,41586,13884,7891,6209,98.4,20.8,69.6,27000,62.5
"University of Southern Maine","ME",161554,1,"New England Commission on Higher Education",3,4,"Public","Northeast","City",43.662863,-70.274247,85.4,22,1109,0,4322,76.8,7.8,4.5,2.6,8.3,20.9,12137,21010,10120,24736,8257,10092,9834,39.8,28,41.7,19060,60.2
"Thomas College","ME",161563,1,"New England Commission on Higher Education",3,4,"Private","Northeast","Town",44.524909,-69.664734,97.2,NA,NA,0,673,81.7,3.6,2.4,0.6,11.7,2.8,NA,42804,29996,29996,8517,4470,7301,57.8,19.6,50,24250,52
"Unity Environmental University","ME",161572,1,"New England Commission on Higher Education",3,4,"Private","Northeast","Rural",43.905745,-70.257277,94.3,NA,NA,0,3679,71.3,4.8,10.6,1,12.3,0.2,NA,21676,12640,12640,10397,1668,5307,7.6,54.9,52.6,25000,78.8
"University of Baltimore","MD",161873,1,"Middle States Commission on Higher Education",3,4,"Public","Northeast","City",39.305834,-76.616591,89.3,19,980,0,1351,27.9,47.8,9.7,4.4,10.1,44.1,17593,25573,9506,22956,13466,15663,12594,57.5,43.5,33.3,23250,60.2
"Bowie State University","MD",162007,1,"Middle States Commission on Higher Education",3,4,"Public","Northeast","Suburb",39.018185,-76.759721,86.5,19,910,0,5289,2.5,82.9,5.2,1.2,8.1,16.6,15213,23671,8748,19470,5339,8091,9806,40.5,50.4,40.2,22985,61.7
"Capitol Technology University","MD",162061,1,"Middle States Commission on Higher Education",3,4,"Private","Northeast","Suburb",39.046673,-76.850231,64.3,NA,NA,0,296,28.7,23.3,5.1,6.8,36.1,21.3,NA,39553,27004,27004,23742,6652,5778,10.3,33.5,55.3,20264,20.6
"Washington Adventist University","MD",162210,1,"Middle States Commission on Higher Education",3,4,"Private","Northeast","Suburb",38.986349,-77.000608,51.4,NA,NA,0,499,4.4,45.9,26.7,3,20,15.4,NA,33024,25200,25200,15635,17777,5985,15.5,43.8,50,30500,65.9
"Coppin State University","MD",162283,1,"Middle States Commission on Higher Education",3,4,"Public","Northeast","City",39.311258,-76.658687,45,NA,940,0,1708,1.2,81.9,3.2,0.6,13.1,21.8,7865,18010,6904,13560,2787,15868,9013,55.5,53.3,23.8,25000,77.4
"Frostburg State University","MD",162584,1,"Middle States Commission on Higher Education",3,4,"Public","Northeast","Town",39.650918,-78.934293,87.9,21,NA,0,2873,57.7,26.6,6.7,1.6,7.5,16.6,16581,25798,9804,24684,7075,10097,8419,68.9,34.8,49.3,21105,53.4
"Goucher College","MD",162654,1,"Middle States Commission on Higher Education",3,4,"Private","Northeast","City",39.410175,-76.594843,80.2,28,1258,0,981,50.9,26.4,4.6,5.1,13,2.5,NA,65729,49220,49220,14953,14129,7619,34.7,29.3,58.3,26000,67.2
"Hood College","MD",162760,1,"Middle States Commission on Higher Education",3,4,"Private","Northeast","City",39.420631,-77.419049,77.9,NA,NA,0,1182,55.2,17.2,12.1,3.5,12,2.8,NA,56858,44500,44500,15079,10678,8006,41.4,37.6,61.2,25000,62.5
"Johns Hopkins University","MD",162928,1,"Middle States Commission on Higher Education",3,4,"Private","Northeast","City",39.328977,-76.621595,7.2,NA,1553,0,5643,20.6,9.2,20.4,26.7,23.1,0.2,NA,78415,60480,60480,28739,85818,17005,95.6,18,94,10250,53.9
"Loyola University Maryland","MD",163046,1,"Middle States Commission on Higher Education",3,4,"Private","Northeast","City",39.346358,-76.621872,83.5,NA,1285,0,3968,65.6,10.3,13.6,3.6,6.9,0.6,NA,69819,53430,53430,21807,11909,9149,100,15.7,78.7,27000,55.1
"University of Maryland Global Campus","MD",163204,1,"Middle States Commission on Higher Education",3,4,"Public","Northeast","Suburb",38.912706,-76.847584,NA,NA,NA,0,44458,35.3,26.4,17.2,5.3,15.8,77.5,16805,20657,7848,12336,8143,2694,8469,4.9,27.5,19.2,21000,44.3
"University of Maryland Baltimore","MD",163259,1,"Middle States Commission on Higher Education",3,4,"Public","Northeast","City",39.286864,-76.623983,NA,NA,NA,0,956,32.3,25.6,11.5,20.1,10.5,23.5,NA,NA,NA,NA,18881,29279,12645,39.6,25.8,NA,15000,82.7
"University of Maryland-Baltimore County","MD",163268,1,"Middle States Commission on Higher Education",3,4,"Public","Northeast","Suburb",39.256686,-76.711607,80.6,28,1295,0,10557,32.3,22.9,9.3,23.4,12.1,14.1,19319,27183,12606,29370,10472,12931,11724,64.3,29.7,70.3,19500,46.4
"University of Maryland-College Park","MD",163286,1,"Middle States Commission on Higher Education",3,4,"Public","Northeast","Suburb",38.988178,-76.944721,44.6,32,1461,0,29982,41.9,12.7,10.4,22.5,12.5,6.9,16590,26781,11233,39469,15111,17371,15178,80.1,18.3,89.3,19000,49.3
"Maryland Institute College of Art","MD",163295,1,"Middle States Commission on Higher Education",3,4,"Private","Northeast","City",39.308792,-76.621033,79.6,NA,1169,0,1401,33.9,10.4,10.3,10.7,34.6,4.6,NA,69047,53815,53815,31265,18118,10209,22.6,22.2,76.5,26500,76.4
"University of Maryland Eastern Shore","MD",163338,1,"Middle States Commission on Higher Education",3,4,"Public","Northeast","Town",38.207386,-75.686852,81.6,NA,NA,0,1877,8.7,76,4.3,1.4,9.5,6.8,11934,24564,8898,19728,6063,20060,9720,71.5,51,37.4,27000,53.9
"Morgan State University","MD",163453,1,"Middle States Commission on Higher Education",3,4,"Public","Northeast","City",39.344161,-76.585565,85.4,18,971,0,7599,0.8,71.1,4.8,0.3,23,7.8,13669,24726,8008,18479,7282,9214,10167,66.8,54.4,45.6,27250,62.2
"Mount St. Mary's University","MD",163462,1,"Middle States Commission on Higher Education",3,4,"Private","Northeast","Rural",39.681705,-77.351887,79.6,NA,1146,0,1824,53.7,19,14,2.8,10.5,4.6,NA,60493,45870,45870,14501,9092,8104,100,27.3,64.8,25391,52.8
"Ner Israel Rabbinical College","MD",163532,1,"Association of Advanced Rabbinical and Talmudic Schools",3,4,"Private","Northeast","Suburb",39.388021,-76.753526,72.2,NA,NA,0,246,91.1,0,0,0,8.9,0,NA,24450,13700,13700,4145,11580,7394,83.3,21.8,42.9,NA,0
"Notre Dame of Maryland University","MD",163578,1,"Middle States Commission on Higher Education",3,4,"Private","Northeast","City",39.350612,-76.619739,69.6,NA,NA,0,634,29.6,28.1,13.6,6.2,22.6,22.1,NA,56689,40730,40730,17183,14068,6996,44.4,41.6,60.2,22666,96.9
"Salisbury University","MD",163851,1,"Middle States Commission on Higher Education",3,4,"Public","Northeast","Suburb",38.34648,-75.604815,91.1,NA,1237,0,6145,69.8,13.4,6.7,3.3,6.9,4.9,18212,25314,10396,20872,7015,9896,9299,70.1,23,68.6,21000,54.8
"St. Mary's College of Maryland","MD",163912,1,"Middle States Commission on Higher Education",3,4,"Public","Northeast","Rural",38.188047,-76.430994,77.3,29,1261,0,1476,69.4,11.5,8.7,3.6,6.8,1.7,18736,30421,15184,31260,11169,16266,8499,67.9,20.1,70.7,21000,58.6
"St. John's College","MD",163976,1,"Middle States Commission on Higher Education",3,4,"Private","Northeast","Suburb",38.981598,-76.491359,49.9,29,1378,0,462,67.3,2.2,5.6,4.1,20.8,0.4,NA,51458,37260,37260,14963,14750,6599,100,19,77.2,27000,49.6
"Towson University","MD",164076,1,"Middle States Commission on Higher Education",3,4,"Public","Northeast","City",39.393622,-76.611164,78.6,24,1138,0,16734,44.2,30.5,10.3,6.8,8.2,11.7,14151,25928,10818,26820,6767,8363,9188,55.1,32.5,69.8,18718,58.6
"United States Naval Academy","MD",164155,1,NA,3,3,"Public","Northeast","Suburb",38.980507,-76.481692,10.8,29,1326,0,4450,59.2,6,13.7,8.8,12.3,0,NA,NA,NA,NA,0,44908,12920,97.2,NA,89.6,NA,28.4
"Stevenson University","MD",164173,1,"Middle States Commission on Higher Education",3,4,"Private","Northeast","Suburb",39.426413,-76.775809,84.1,NA,NA,0,2979,50,27.8,10,3.7,8.5,10.3,NA,55942,38738,38738,12465,9906,8442,28.8,28.9,65.1,26000,62
"Washington College","MD",164216,1,"Middle States Commission on Higher Education",3,3,"Private","Northeast","Town",39.217329,-76.06878,74.7,NA,1259,0,935,64.5,11.6,8.7,3.3,12,0.8,NA,67427,52481,52481,17321,21208,8275,86.3,21.3,71.5,26956,58.1
"McDaniel College","MD",164270,1,"Middle States Commission on Higher Education",3,4,"Private","Northeast","Town",39.584231,-77.001992,82,NA,NA,0,1748,53.3,25.1,9.7,2.1,9.8,0.9,NA,63340,46800,46800,12763,9848,7838,22.5,35.3,66.2,25000,58.9
"Hult International Business School","MA",164368,1,"New England Commission on Higher Education",3,4,"Private","Northeast","City",42.369968,-71.070645,47.7,NA,NA,0,682,1,1.2,4.1,0.4,93.2,0,NA,74000,50825,50825,26708,7224,11314,33.3,7.4,64.4,NA,38.7
"American International College","MA",164447,1,"New England Commission on Higher Education",3,4,"Private","Northeast","City",42.112346,-72.558338,89.4,NA,NA,0,1142,34.9,26.5,23.7,1.4,13.4,3.9,NA,53236,40550,40550,13115,5854,7727,14.2,52,36.9,27000,53.9
"Amherst College","MA",164465,1,"New England Commission on Higher Education",3,3,"Private","Northeast","City",42.372459,-72.518493,7.3,33,1513,0,1898,38.1,10.8,15.9,13.9,21.3,0,NA,80060,64100,64100,30616,33145,14046,94.1,23.6,91.9,13740,51.7
"Anna Maria College","MA",164492,1,"New England Commission on Higher Education",3,4,"Private","Northeast","Rural",42.330542,-71.91896,69.6,NA,NA,0,991,53.5,12.3,12.2,1.3,20.7,16.7,NA,55594,41010,41010,12900,6635,6805,27.6,35.5,40.4,25000,41.3
"Assumption University","MA",164562,1,"New England Commission on Higher Education",3,4,"Private","Northeast","City",42.294226,-71.828991,82.3,NA,NA,0,1676,74.1,5.5,10.3,2.7,7.4,0.7,NA,60262,47508,47508,16242,10764,8973,53.1,20.1,72,27000,54.4
"Babson College","MA",164580,1,"New England Commission on Higher Education",3,4,"Private","Northeast","Suburb",42.297017,-71.264057,22.4,32,1434,0,2709,31.2,4.4,15.6,13.2,35.6,0.3,NA,76360,54944,54944,36194,14580,17721,100,15,92.7,20000,41.8
"Boston Baptist College","MA",164614,1,"Transnational Association of Christian Colleges and Schools",3,3,"Private","Northeast","City",42.254037,-71.1103,100,NA,NA,0,39,76.9,7.7,12.8,2.6,0,23.1,NA,26691,12600,12600,15203,4223,2222,NA,41.5,25,NA,35.9
"Bay Path University","MA",164632,1,"New England Commission on Higher Education",3,4,"Private","Northeast","Suburb",42.055088,-72.583382,75.6,NA,1080,0,1263,45.1,12.5,23.8,2.4,16.1,35.5,NA,46775,35781,35781,14860,7768,9136,14.8,62.5,47.1,24901,100
"Bentley University","MA",164739,1,"New England Commission on Higher Education",3,4,"Private","Northeast","City",42.385995,-71.222839,57.9,30,1346,0,4070,57,4,11.2,9.6,18,1.4,NA,74902,56500,56500,30371,13731,15300,60.4,13.3,88,25023,38.9
"Berklee College of Music","MA",164748,1,"New England Commission on Higher Education",3,4,"Private","Northeast","City",42.346646,-71.089405,54.2,NA,NA,0,7395,40.6,6,11.9,5.7,36,19.7,NA,66950,48330,48330,30568,18758,10677,34.1,15.2,68.6,25000,42.9
"Boston Architectural College","MA",164872,1,"New England Commission on Higher Education",3,4,"Private","Northeast","City",42.348467,-71.085786,NA,NA,NA,0,259,39.4,6.2,17.4,5.4,31.7,21.2,NA,37211,22144,22144,23954,8290,7089,7.6,21.7,22.7,37250,56.4
"Boston College","MA",164924,1,"New England Commission on Higher Education",3,4,"Private","Northeast","City",42.336213,-71.169242,16.7,34,1500,0,9751,58.4,5,11.2,11.4,14,1.6,NA,80560,64176,64176,37662,23270,16600,58.9,12.7,90.9,19000,52.8
"Boston University","MA",164988,1,"New England Commission on Higher Education",3,4,"Private","Northeast","City",42.351118,-71.107942,14.4,33,1454,0,17668,33.3,5,10.8,19.8,31.1,1.4,NA,79463,62360,62360,34851,32219,15450,69.6,17.2,89,23250,58.3
"Brandeis University","MA",165015,1,"New England Commission on Higher Education",3,4,"Private","Northeast","City",42.365727,-71.260155,39.4,33,1473,0,3675,42.4,6,8.1,17.1,26.4,0.1,NA,79342,62322,62322,25677,20178,14018,68.4,15.7,87.3,25648,57.3
"Bridgewater State University","MA",165024,1,"New England Commission on Higher Education",3,4,"Public","Northeast","Suburb",41.98749,-70.974553,87.7,24,1110,0,7911,70.3,10.9,9.5,2.1,7.2,17.8,18707,24818,11051,17191,8524,11150,10266,100,31.5,56.1,24286,58.1
"Cambridge College","MA",165167,1,"New England Commission on Higher Education",3,4,"Private","Northeast","City",42.381091,-71.072646,NA,NA,NA,0,656,31.2,28.1,31.2,2.7,6.7,83.7,NA,28317,17190,17190,11728,6454,7740,100,33.5,NA,21791,81.2
"Clark University","MA",165334,1,"New England Commission on Higher Education",3,4,"Private","Northeast","City",42.249987,-71.823356,50.3,29,1373,0,2363,62.5,4.7,10.2,6.8,15.9,0.5,NA,61716,52352,52352,22862,19225,11623,100,21.3,76.2,26759,58.6
"Curry College","MA",165529,1,"New England Commission on Higher Education",3,4,"Private","Northeast","Suburb",42.238061,-71.116539,87.5,NA,NA,0,1804,64.2,13.4,9.5,2.4,10.4,8,NA,60570,44920,44920,19075,13576,10486,38.9,27.7,52.1,25000,58.5
"Dean College","MA",165574,1,"New England Commission on Higher Education",3,3,"Private","Northeast","Suburb",42.085634,-71.397813,75.9,NA,NA,0,1180,61.3,12.4,11.7,1.4,13.2,6.5,NA,61170,43400,43400,23698,7878,7222,25.8,32.2,44.7,25000,49.8
"Eastern Nazarene College","MA",165644,1,"New England Commission on Higher Education",3,4,"Private","Northeast","Suburb",42.271228,-71.011079,61.9,22,1035,0,408,38.7,15.9,21.1,2.2,22.1,6.6,NA,39617,27990,27990,10038,7069,6178,28.2,36.6,49.4,26000,43.1
"Emerson College","MA",165662,1,"New England Commission on Higher Education",3,4,"Private","Northeast","City",42.352202,-71.065384,42.8,30,1373,0,4147,55.4,4.9,11.4,5.5,22.8,1.1,NA,75777,53232,53232,29095,10515,10337,30.1,15.1,77.2,23000,65.2
"Emmanuel College","MA",165671,1,"New England Commission on Higher Education",3,4,"Private","Northeast","City",42.340602,-71.103634,79.7,29,1233,0,1855,67.8,6.4,12.3,4.7,8.9,3,NA,61953,44908,44908,16481,10750,9938,53.7,21.5,65.9,27000,77.1
"Endicott College","MA",165699,1,"New England Commission on Higher Education",3,4,"Private","Northeast","Suburb",42.553296,-70.840847,73.3,NA,1205,0,2999,84.8,1.5,5,1.5,7.2,3.4,NA,55970,37776,37776,18395,10281,11009,25.8,13.7,78.1,27000,63.6
"Fisher College","MA",165802,1,"New England Commission on Higher Education",3,4,"Private","Northeast","City",42.355253,-71.074125,74.2,20,NA,0,1131,19.6,12.5,17.7,1.7,48.5,44.8,NA,51555,34150,34150,13493,8117,6918,23.3,44.1,26.3,25000,62.3
"Fitchburg State University","MA",165820,1,"New England Commission on Higher Education",3,4,"Public","Northeast","Suburb",42.588298,-71.789666,86.1,22,1124,0,2911,62.5,12.7,15.8,2.9,6.1,21.6,16266,22864,10921,17001,7216,9646,10008,54.1,32.9,56.4,24239,54.8
"Framingham State University","MA",165866,1,"New England Commission on Higher Education",3,4,"Public","Northeast","City",42.297116,-71.437565,87.4,29,1105,0,2712,54.7,17,19.5,3.4,5.5,9,17874,26377,11380,17460,7000,12088,10148,61.3,35.7,54.6,25000,54.2
"Gordon College","MA",165936,1,"New England Commission on Higher Education",3,4,"Private","Northeast","Rural",42.590567,-70.82151,91.8,27,1215,0,1255,61,6,12.1,3.4,17.6,2.7,NA,39666,27040,27040,14956,10369,6992,47.1,21.3,68.7,26250,59.8
"Hampshire College","MA",166018,1,"New England Commission on Higher Education",3,3,"Private","Northeast","Rural",42.325852,-72.531469,68.9,NA,NA,0,505,56.6,7.3,14.6,1.6,19.8,0,NA,69045,54452,54452,12891,17745,9352,72.7,36.9,60.3,26893,62.6
"Harvard University","MA",166027,1,"New England Commission on Higher Education",3,4,"Private","Northeast","City",42.374471,-71.118313,3.2,35,1553,0,7973,34.9,9,11.7,21.2,23.2,7.1,NA,81292,57261,57261,36729,46920,22761,87.6,13.4,97.8,14000,52.2
"Hellenic College-Holy Cross Greek Orthodox School of Theology","MA",166054,1,"New England Commission on Higher Education",3,4,"Private","Northeast","Suburb",42.317018,-71.129418,57.9,NA,NA,0,31,77.4,3.2,3.2,6.4,9.7,0,NA,40832,22490,22490,17063,30083,7341,29.4,23.1,60,21500,19.4
"College of the Holy Cross","MA",166124,1,"New England Commission on Higher Education",3,3,"Private","Northeast","City",42.23752,-71.808214,36.4,30,1361,0,3062,71.3,3.9,11.8,3.9,9.1,0,NA,74286,58360,58360,34105,23415,11756,91.2,15.8,91.1,27000,55.1
"Lasell University","MA",166391,1,"New England Commission on Higher Education",3,4,"Private","Northeast","City",42.342148,-71.24347,73.2,27,1149,0,1236,62.5,10.6,13.8,3.2,9.9,3.6,NA,61057,42630,42630,18151,9461,8518,33,31.8,60.9,26000,64.9
"Lesley University","MA",166452,1,"New England Commission on Higher Education",3,4,"Private","Northeast","City",42.38012,-71.117303,86.2,NA,NA,0,1406,54.3,8.5,17.6,5.2,14.4,32,NA,48919,31364,31364,22500,13216,8736,30.2,29.4,61.4,21000,74
"University of Massachusetts-Lowell","MA",166513,1,"New England Commission on Higher Education",3,4,"Public","Northeast","Suburb",42.652864,-71.326809,86,29,1255,0,11985,53.9,8.3,14.2,13.9,9.7,19.7,18281,27701,16182,34550,12884,13189,13035,61.5,27.6,71.1,23704,41.7
"University of Massachusetts-Amherst","MA",166629,1,"New England Commission on Higher Education",3,4,"Public","Northeast","City",42.385999,-72.526728,63.5,31,1376,0,24111,59.3,4.6,8.4,12.8,14.8,5.3,21846,32355,16952,38171,13996,18813,12883,79.3,20.8,83,22763,51.4
"University of Massachusetts-Boston","MA",166638,1,"New England Commission on Higher Education",3,4,"Public","Northeast","City",42.312881,-71.036865,80.8,27,1198,0,11749,32.9,17.9,19.4,15.9,13.8,17.8,17642,28946,15132,36105,12733,15884,11660,59.9,42.5,51,21974,57.3
"MCPHS University","MA",166656,1,"New England Commission on Higher Education",3,4,"Private","Northeast","City",42.336825,-71.101244,88.3,27,1232,0,3488,33.6,11.7,11.9,20,22.8,6.1,NA,56414,37230,37230,24083,13025,11055,28.6,27.7,61.5,25000,76.4
"Massachusetts College of Art and Design","MA",166674,1,"New England Commission on Higher Education",3,4,"Public","Northeast","City",42.336862,-71.099275,78.6,NA,NA,0,1753,52.2,3.5,14.6,7,22.6,10,22147,30956,14570,40960,13496,15039,10296,99.2,27.2,66,25755,74.4
"Massachusetts Institute of Technology","MA",166683,1,"New England Commission on Higher Education",3,4,"Private","Northeast","City",42.359243,-71.093226,4,NA,1560,0,4638,22.1,7.8,14.8,34.1,21.2,1.2,NA,77020,57986,57986,35084,83158,21513,98.7,18.4,94.9,14768,48.2
"Massachusetts Maritime Academy","MA",166692,1,"New England Commission on Higher Education",3,4,"Public","Northeast","Suburb",41.739072,-70.624084,89.4,NA,NA,0,1323,83.1,0.8,5.1,1,9.9,2.3,25294,33717,10634,24522,14001,12337,9116,62.9,16.8,79.2,25000,13.5
"William James College","MA",166717,1,"New England Commission on Higher Education",3,4,"Private","Northeast","City",42.294995,-71.203256,NA,NA,NA,0,40,50,37.5,7.5,2.5,2.5,52.5,NA,NA,NA,NA,30940,17397,9046,57.5,37.8,NA,NA,72.5
"Merrimack College","MA",166850,1,"New England Commission on Higher Education",3,4,"Private","Northeast","Suburb",42.668344,-71.124216,74.6,NA,NA,0,4065,78.4,4,8.9,1.6,7.2,2,NA,65121,49196,49196,18446,8397,10739,45.8,16.1,68.1,27000,54
"MGH Institute of Health Professions","MA",166869,1,"New England Commission on Higher Education",3,4,"Private","Northeast","City",42.375018,-71.054002,NA,NA,NA,0,140,66.4,7.9,10,11.4,4.3,0,NA,NA,NA,NA,34226,22538,9772,77,0,NA,24961,84.3
"Montserrat College of Art","MA",166911,1,"New England Commission on Higher Education",3,3,"Private","Northeast","Suburb",42.550212,-70.876131,NA,NA,NA,0,291,53.3,3.4,12.4,2.4,28.5,2.8,NA,54469,37850,37850,18839,8995,6593,36.2,35.5,61.5,27000,76.6
"Mount Holyoke College","MA",166939,1,"New England Commission on Higher Education",3,4,"Private","Northeast","Suburb",42.25489,-72.573916,39.8,33,1432,0,2183,50.7,5,8.5,6.7,29.1,0.7,NA,75051,58498,58498,25987,24187,10721,89.2,20.7,82.6,22902,100
"The New England Conservatory of Music","MA",167057,1,"New England Commission on Higher Education",3,4,"Private","Northeast","City",42.340946,-71.08629,37.5,NA,NA,0,363,39.1,1.9,3,12.4,43.5,2.8,NA,75230,55910,55910,37592,33098,5961,30.3,9.7,81,27000,45.7
"Nichols College","MA",167260,1,"New England Commission on Higher Education",3,4,"Private","Northeast","Suburb",42.044033,-71.930283,84.9,23,1060,0,1164,70.3,10.2,11.2,1.2,7.1,9.4,NA,54138,38800,38800,16566,6118,9735,39.1,30.4,58.2,27000,35.2
"Massachusetts College of Liberal Arts","MA",167288,1,"New England Commission on Higher Education",3,4,"Public","Northeast","Town",42.691361,-73.102817,92.4,NA,NA,0,760,68.2,10.8,10.7,2.6,7.8,10.7,17630,25160,11590,20535,6841,20154,9334,70.1,43.5,55.7,23750,56.8
"Northeastern University","MA",167358,1,"New England Commission on Higher Education",3,4,"Private","Northeast","City",42.339992,-71.088782,6.8,34,1505,0,16172,42.3,5.5,11.4,19.4,21.4,0,NA,78153,60192,60192,41109,17897,14263,55.7,12.5,91.2,24250,56.1
"College of Our Lady of the Elms","MA",167394,1,"New England Commission on Higher Education",3,4,"Private","Northeast","Suburb",42.141781,-72.60154,90.9,NA,1140,0,915,51,11.3,19,3.2,15.5,12.9,NA,49975,40635,40635,17618,8278,7213,30.8,44.9,74.9,25000,74
"Regis College","MA",167598,1,"New England Commission on Higher Education",3,4,"Private","Northeast","Suburb",42.351291,-71.310561,88.8,NA,NA,0,1095,44.7,10.2,19.3,3.1,22.7,15.9,NA,61392,46150,46150,21244,9226,8900,34.5,27.1,67,25500,79.4
"Saint John's Seminary","MA",167677,1,"New England Commission on Higher Education",3,4,"Private","Northeast","City",42.344146,-71.161998,NA,NA,NA,0,17,88.2,0,11.8,0,0,11.8,NA,NA,NA,NA,12019,30751,4126,100,0,NA,NA,0
"Salem State University","MA",167729,1,"New England Commission on Higher Education",3,4,"Public","Northeast","Suburb",42.503575,-70.890234,92.7,NA,1110,0,4592,57.2,9.4,21.7,2.9,8.8,15.3,18359,27335,11978,18961,9682,8801,10050,99,35.9,55.4,25000,66
"Simmons University","MA",167783,1,"New England Commission on Higher Education",3,4,"Private","Northeast","City",42.3393,-71.099967,76.5,29,1297,0,1786,52.2,9.3,14.9,11.7,11.9,10.4,NA,60828,44350,44350,21671,17510,8282,25.9,30.2,74.4,24840,100
"Smith College","MA",167835,1,"New England Commission on Higher Education",3,4,"Private","Northeast","City",42.318111,-72.638097,22.9,33,1455,0,2515,51.1,5.4,12.2,9.6,21.7,0.2,NA,78438,58768,58768,28091,25345,12547,82.3,18.4,88.5,17550,100
"Springfield College","MA",167899,1,"New England Commission on Higher Education",3,4,"Private","Northeast","City",42.1022,-72.556647,75.6,27,1216,0,2002,73.1,5.3,9.3,2.5,9.6,1,NA,56240,41694,41694,17083,12510,7976,100,22.4,73,26250,49.9
"University of Massachusetts-Dartmouth","MA",167987,1,"New England Commission on Higher Education",3,4,"Public","Northeast","Suburb",41.62869,-71.004552,95.5,23,1149,0,5331,58,17.6,12.5,3.5,8.5,11.9,19444,29342,14854,30992,11323,15588,12058,65.8,36.9,54.6,25000,51.5
"Stonehill College","MA",167996,1,"New England Commission on Higher Education",3,4,"Private","Northeast","Suburb",42.05905,-71.080632,73.4,NA,NA,0,2466,77.6,5.2,7.1,2.7,7.4,1.1,NA,65513,52000,52000,20132,14004,10018,60.6,12.6,79.1,25000,55.1
"Suffolk University","MA",168005,1,"New England Commission on Higher Education",3,4,"Private","Northeast","City",42.357945,-71.060917,86.8,26,1204,0,4325,49.1,7.8,16.1,7.2,19.8,3.2,NA,59927,43332,43332,24496,11273,12068,57.3,26.7,60.4,26889,62.2
"Tufts University","MA",168148,1,"New England Commission on Higher Education",3,4,"Private","Northeast","Suburb",42.40855,-71.118293,9.7,34,1513,0,6747,44.6,6,9.9,15.7,23.8,2,NA,81614,65222,65222,38762,24005,13484,63.2,12.1,93.7,16250,55.9
"Wellesley College","MA",168218,1,"New England Commission on Higher Education",3,3,"Private","Northeast","Suburb",42.291554,-71.306605,13.6,33,1500,0,2353,32.6,7.6,15.1,22.6,22.1,0.2,NA,81090,61920,61920,23843,36022,13190,80,22.5,90.2,10000,100
"Wentworth Institute of Technology","MA",168227,1,"New England Commission on Higher Education",3,4,"Private","Northeast","City",42.336632,-71.094983,92.3,28,1215,0,3557,58.3,7.5,12.3,9.6,12.4,5,NA,55835,38760,38760,19672,12697,9926,100,24.7,68.8,25028,22.4
"Western New England University","MA",168254,1,"New England Commission on Higher Education",3,4,"Private","Northeast","City",42.115017,-72.520466,88,28,1194,0,2402,73.1,5.4,10.3,2.9,8.4,3.2,NA,54933,44500,44500,21447,11149,10201,63.5,24.2,67.4,25500,41.9
"Westfield State University","MA",168263,1,"New England Commission on Higher Education",3,4,"Public","Northeast","Suburb",42.132698,-72.796503,81.5,20,NA,0,3693,71.4,5.9,12.2,2.2,8.3,11.9,18278,24963,11500,17580,9603,11278,10532,73,31.6,59.8,22457,55.1
"Wheaton College (Massachusetts)","MA",168281,1,"New England Commission on Higher Education",3,3,"Private","Northeast","Suburb",41.966637,-71.183979,79.5,30,1346,0,1653,70.8,5.6,6.9,4,12.6,0.1,NA,74460,60230,60230,18174,15289,8916,73.2,21.4,79.7,26000,63.2
"Williams College","MA",168342,1,"New England Commission on Higher Education",3,4,"Private","Northeast","Town",42.712725,-73.203132,8.5,NA,1540,0,2138,47.8,5,12.7,13.6,21,0,NA,78086,61770,61770,35531,49883,14484,85.5,18.2,95.1,12761,52.7
"Worcester Polytechnic Institute","MA",168421,1,"New England Commission on Higher Education",3,4,"Private","Northeast","City",42.274853,-71.808339,57.5,NA,NA,0,5146,64.6,2.8,8.8,11.9,11.9,1.7,NA,73842,57096,57096,29415,20847,13320,86.2,10.3,88.9,27000,37
"Worcester State University","MA",168430,1,"New England Commission on Higher Education",3,4,"Public","Northeast","City",42.267526,-71.844018,87.7,24,1135,0,4025,63.4,8.5,15.4,5.4,7.4,15.8,15325,20795,10786,16866,8641,9711,9410,47.9,29.3,58.9,19500,61.4
"Adrian College","MI",168528,1,"Higher Learning Commission",3,4,"Private","Midwest","Town",41.898591,-84.061481,69.1,22,1050,0,1688,61.4,7.4,6.1,0.7,24.4,0.9,NA,56391,39596,39596,12445,7830,6273,45.1,30.9,50.6,27000,45.9
"Albion College","MI",168546,1,"Higher Learning Commission",3,3,"Private","Midwest","Town",42.245049,-84.745639,66.5,NA,NA,0,1445,56,16.5,12,1.5,13.9,0.3,NA,66805,54930,54930,10874,16177,7637,82.2,46.8,59.2,27000,52.3
"Alma College","MI",168591,1,"Higher Learning Commission",3,3,"Private","Midwest","Town",43.38004,-84.672053,64.6,NA,NA,0,1222,81.2,3.9,4.4,1.1,9.4,0.8,NA,58657,45616,45616,13147,12753,7508,60.4,23.1,62.2,27000,53.2
"Andrews University","MI",168740,1,"Higher Learning Commission",3,4,"Private","Midwest","Town",41.963859,-86.355815,91.3,24,1184,0,1249,23.2,17.4,19.3,12.4,27.6,13.4,NA,42774,32734,32734,15805,12654,6803,62.4,24,70.8,26000,49.6
"Aquinas College","MI",168786,1,"Higher Learning Commission",3,4,"Private","Midwest","City",42.96019,-85.628785,90.8,23,1100,0,1107,71.3,2.7,7.7,2.1,16.3,6.7,NA,47228,37280,37280,14277,9037,6615,53.8,24,61.2,23000,56.5
"Baker College","MI",168847,1,"Higher Learning Commission",3,4,"Private","Midwest","Town",42.984804,-84.172404,36.6,NA,NA,0,3230,75.7,9.6,4,2,8.7,57.3,NA,22902,12710,12710,14003,13757,6156,15.7,40.2,20.1,25000,75.5
"Calvin University","MI",169080,1,"Higher Learning Commission",3,4,"Private","Midwest","City",42.929916,-85.587548,74.2,27,1263,0,2833,70.3,4.5,3.9,4.8,16.5,7,NA,52094,38620,38620,15187,11354,9132,99.5,15.5,77,23250,51.1
"Central Michigan University","MI",169248,1,"Higher Learning Commission",3,4,"Public","Midwest","Town",43.591203,-84.77525,79,23,1104,0,10297,76.1,9.7,5.3,1.4,7.6,13.3,14630,26077,13650,13650,11008,9226,10229,75.7,31,61.7,27000,61.2
"Cleary University","MI",169327,1,"Higher Learning Commission",3,4,"Private","Midwest","Suburb",42.586638,-83.879987,67.5,19,NA,0,716,21.8,2.9,2.4,0.6,72.4,22.8,NA,37464,23629,23629,11345,3169,5774,6.9,28.5,63.6,19500,36.4
"Concordia University Ann Arbor","MI",169363,0,"Higher Learning Commission",3,4,"Private","Midwest","City",42.273157,-83.68268,70.2,21,1050,0,843,73.2,10.4,5.6,0.7,10.1,3.7,NA,47701,32982,32982,16638,10668,6352,100,24.7,51.8,25750,47.6
"College for Creative Studies","MI",169442,1,"Higher Learning Commission",3,4,"Private","Midwest","City",42.361839,-83.062352,49.2,NA,NA,0,1317,56.6,12.4,5.1,5.1,20.9,14.3,NA,58859,49435,49435,26154,13162,11499,100,29.3,64.1,26000,65.4
"Davenport University","MI",169479,1,"Higher Learning Commission",3,4,"Private","Midwest","Suburb",42.850013,-85.533519,98.9,NA,NA,0,3412,64.7,12,7.5,2.5,13.2,41.5,NA,34159,22244,22244,17154,6368,6963,31.4,32.9,50.1,26000,55.9
"University of Detroit Mercy","MI",169716,1,"Higher Learning Commission",3,4,"Private","Midwest","City",42.414222,-83.139158,90.5,26,1090,0,2322,55.7,11.5,7.5,7.3,17.9,7.8,NA,39217,31058,31058,25554,13336,9457,100,27.2,72.9,23250,65.1
"Eastern Michigan University","MI",169798,1,"Higher Learning Commission",3,4,"Public","Midwest","Suburb",42.251675,-83.627443,83.2,22,1056,0,11206,57.3,17.1,9.6,3.3,12.7,27.1,15472,26085,16410,16410,14106,9376,10211,99.1,37.3,45.4,25000,60.1
"Ferris State University","MI",169910,1,"Higher Learning Commission",3,4,"Public","Midwest","Town",43.687724,-85.481925,87.9,23,1032,0,8390,75.4,9.1,6.8,1.4,7.3,21.9,12812,25135,13076,13076,12349,9363,10123,72.4,34.3,49.4,21000,52.8
"Kettering University","MI",169983,1,"Higher Learning Commission",3,4,"Private","Midwest","City",43.012468,-83.71282,80.8,28,1266,0,1401,77.7,3.3,4.2,6.5,8.3,3.2,NA,58080,44380,44380,20377,11560,9125,100,18,69.3,27000,20.7
"Grace Christian University","MI",170000,1,"Association for Biblical Higher Education",3,4,"Private","Midwest","City",42.919541,-85.692077,99.7,NA,NA,0,817,51.6,26.8,7.6,2.2,11.8,27.7,NA,23616,14520,14520,8614,6891,5120,100,45.8,53.3,24375,58.9
"Cornerstone University","MI",170037,1,"Higher Learning Commission",3,4,"Private","Midwest","City",42.979966,-85.595328,81.8,23,NA,0,1383,74.5,6.6,6.2,2.1,10.7,19,NA,39524,27880,27880,13568,6057,6549,100,30.3,61.7,25000,62.2
"Grand Valley State University","MI",170082,1,"Higher Learning Commission",3,4,"Public","Midwest","Town",42.963001,-85.889826,90.4,NA,1092,0,18487,79.4,5.3,6.8,2.8,5.7,10.9,15545,25379,13952,19856,12587,9711,9631,65.7,25.2,66.3,24500,60
"Great Lakes Christian College","MI",170091,1,"Higher Learning Commission",3,3,"Private","Midwest","Suburb",42.754249,-84.638714,NA,NA,NA,0,132,54.5,34.8,3.8,0.8,6,4.6,NA,26316,17220,17220,1940,4905,5229,100,53.9,32,18779,43.2
"Hillsdale College","MI",170286,1,"Higher Learning Commission",3,4,"Private","Midwest","Town",41.933682,-84.633195,20.6,32,1440,0,1562,0,0,0,0,100,1.5,NA,NA,30902,30902,9473,35795,8037,100,0,86.8,NA,50
"Hope College","MI",170301,1,"Higher Learning Commission",3,3,"Private","Midwest","City",42.787247,-86.100971,80.4,28,1213,0,3173,78.9,3.6,7.6,2.3,7.7,1.6,NA,49892,38370,38370,19373,12345,8527,67.7,16.4,80.3,26800,61.4
"Kalamazoo College","MI",170532,1,"Higher Learning Commission",3,3,"Private","Midwest","City",42.290789,-85.601857,79.2,27,1264,0,1192,61.1,4.9,16.4,6,11.7,1.5,NA,68832,56562,56562,15847,17341,8605,78.6,24,79.8,26077,56.3
"Lake Superior State University","MI",170639,1,"Higher Learning Commission",3,3,"Public","Midwest","Town",46.492849,-84.365573,76.9,23,1097,0,1468,34.8,0.6,0.8,0.6,63.1,12.3,14724,25607,13728,13728,7912,10218,7098,63.2,30.2,51.1,23250,54.5
"Lawrence Technological University","MI",170675,1,"Higher Learning Commission",3,4,"Private","Midwest","City",42.474072,-83.25003,81.9,NA,NA,0,1864,63.6,10,4,3.3,19,9.2,NA,52558,39570,39570,25020,12171,8750,41.2,18.7,65.8,27000,28.9
"Madonna University","MI",170806,1,"Higher Learning Commission",3,4,"Private","Midwest","City",42.384323,-83.404722,64.8,23,NA,0,1693,63,11.1,4.7,2.8,18.4,21.1,NA,38500,26100,26100,16279,11238,7272,39.6,28.6,49.3,23000,64.9
"Rochester University","MI",170967,1,"Higher Learning Commission",3,4,"Private","Midwest","Suburb",42.667521,-83.144959,71.4,NA,NA,0,848,61,18.8,4.1,1.9,14.3,16,NA,34571,26736,26736,12046,7801,6313,92.7,34.9,40.6,24475,61.2
"University of Michigan-Ann Arbor","MI",170976,1,"Higher Learning Commission",3,4,"Public","Midwest","City",42.278374,-83.73481,17.7,NA,1473,0,32448,51.1,4.1,8.3,18,18.4,4,16792,32139,16736,55334,28099,24744,12739,82.2,17.6,93.2,19500,52.4
"Michigan State University","MI",171100,1,"Higher Learning Commission",3,4,"Public","Midwest","City",42.73212,-84.476111,87.9,26,1273,0,39021,67.3,6.6,6,7.7,12.3,8.1,19449,29204,15372,41958,18571,17886,12818,86.5,21.6,81.6,23250,51.6
"Michigan Technological University","MI",171128,1,"Higher Learning Commission",3,4,"Public","Midwest","Town",47.11866,-88.548092,93.7,28,1245,0,5633,84.6,1,2.9,2.2,9.3,4.1,16283,31297,17614,39574,15434,11580,11304,87.2,19.2,67.8,24990,29.5
"University of Michigan-Dearborn","MI",171137,1,"Higher Learning Commission",3,4,"Public","Midwest","City",42.317287,-83.231417,54.1,25,1156,0,5962,66.1,8,6.8,9.3,9.7,21.9,12102,22327,14320,29584,12354,11933,11166,68.8,41.3,56,22500,46.8
"University of Michigan-Flint","MI",171146,1,"Higher Learning Commission",3,4,"Public","Midwest","City",43.01875,-83.690276,66.3,25,1071,0,4029,69.1,13.4,6.1,2.5,9,31.9,10658,23278,13242,25506,12333,10742,9981,56.2,35.8,46.5,25000,64.1
"Northern Michigan University","MI",171456,1,"Higher Learning Commission",3,4,"Public","Midwest","Town",46.559751,-87.406568,70.6,NA,NA,0,6322,85.6,1.7,4,0.8,7.9,11.5,16723,25294,12648,18144,11469,7861,8735,69.9,29.3,52.9,21474,58.9
"Northwood University","MI",171492,1,"Higher Learning Commission",3,4,"Private","Midwest","City",43.628717,-84.27682,79.7,NA,1055,0,1911,69.2,8.5,6.9,2,13.4,33.4,NA,45439,31600,31600,14320,7186,7536,11.2,24,62.6,20842,37.9
"Oakland University","MI",171571,1,"Higher Learning Commission",3,4,"Public","Midwest","Suburb",42.674573,-83.216418,90,25,1140,0,12626,70.2,9,4.8,6,10,19,12614,23669,14476,23730,13341,10410,10008,53.9,30.2,57.6,22750,57.4
"The University of Olivet","MI",171599,1,"Higher Learning Commission",3,4,"Private","Midwest","Rural",42.442891,-84.923891,84.6,21,NA,0,859,66.7,17.9,7.3,0.7,7.3,2.1,NA,45023,32006,32006,11132,8340,6878,100,45.5,44.1,27000,37.5
"Kuyper College","MI",171881,1,"Higher Learning Commission",3,4,"Private","Midwest","Suburb",43.02195,-85.592657,75.7,NA,NA,0,78,64.1,10.3,2.6,5.1,18,14.1,NA,32542,25370,25370,15126,14659,5279,61.1,34.2,54.3,21389,59
"Saginaw Valley State University","MI",172051,1,"Higher Learning Commission",3,4,"Public","Midwest","Suburb",43.51176,-83.964273,76.4,22,1073,0,6211,76.8,7.8,5.3,1.1,9,13.6,11561,22866,11565,27164,8918,8367,8447,46.9,34,50,25000,63.7
"Siena Heights University","MI",172264,1,"Higher Learning Commission",3,4,"Private","Midwest","Town",41.905624,-84.018841,65,NA,1048,0,1554,63.3,11.5,7.6,1,16.7,29.5,NA,41236,29044,29044,9947,7332,6738,100,30.2,51.2,18750,54.9
"Spring Arbor University","MI",172334,1,"Higher Learning Commission",3,4,"Private","Midwest","Rural",42.206568,-84.556074,47.3,NA,1078,0,1021,75.3,5.2,5.1,1,13.4,15.1,NA,42903,31660,31660,12948,5342,5805,24.9,25.8,60,26375,65.4
"Finlandia University","MI",172440,1,NA,3,3,"Private","Midwest","Town",47.127868,-88.588756,66.6,NA,NA,0,386,58.8,10.4,11.7,1,18.1,4.7,NA,36729,25946,25946,13560,8771,5041,100,46.7,31.2,23500,43.8
"Walsh College","MI",172608,1,"Higher Learning Commission",3,4,"Private","Midwest","City",42.573888,-83.147197,NA,NA,NA,0,569,79.1,5.8,3,5.1,7,87.7,NA,NA,NA,NA,24526,8121,9816,10.4,30,NA,16217,48.7
"Wayne State University","MI",172644,1,"Higher Learning Commission",3,4,"Public","Midwest","City",42.358994,-83.068998,75.3,25,1147,0,15669,55.3,15.8,6.9,13.4,8.6,22.9,14055,25942,14675,31364,11413,13080,11262,58.2,44,60.3,21250,59.2
"Western Michigan University","MI",172699,1,"Higher Learning Commission",3,4,"Public","Midwest","City",42.282194,-85.613759,84.6,24,1105,0,13264,69.1,8.4,8.4,2.4,11.7,14.2,19884,27150,14623,18254,14270,12339,10347,63.7,26,55.1,26188,50.1
"Academy College","MN",172866,1,"Accrediting Commission of Career Schools and Colleges",3,3,"Profit","Midwest","City",44.855722,-93.299809,NA,NA,NA,0,103,35.9,2.9,1,1.9,58.3,0,NA,34100,17960,17960,48213,6308,5043,NA,60.2,100,29500,6.8
"Augsburg University","MN",173045,1,"Higher Learning Commission",3,4,"Private","Midwest","City",44.966307,-93.240436,76.5,21,NA,0,2334,37.9,25.3,13.2,11.3,12.3,5.7,NA,55931,42074,42074,14919,11186,8259,52.3,50.4,55.6,25347,56.2
"Bemidji State University","MN",173124,1,"Higher Learning Commission",3,4,"Public","Midwest","Town",47.482341,-94.874119,77.5,22,1090,0,3187,80.4,2.8,3.4,1.7,11.7,28,16075,21940,10130,10130,5974,9137,9110,66.8,28.2,49.9,19750,57.3
"Bethany Lutheran College","MN",173142,1,"Higher Learning Commission",3,3,"Private","Midwest","City",44.166649,-93.990805,58.5,NA,1147,0,641,62.7,3.4,6.2,2.2,25.4,2,NA,39103,29010,29010,9917,11096,7099,50.5,24.6,56.5,23000,50.5
"Bethel University","MN",173160,1,"Higher Learning Commission",3,4,"Private","Midwest","Suburb",45.057655,-93.161663,72.5,24,1190,0,2090,77.2,5.4,7,4.7,5.7,13.6,NA,54444,41270,41270,16743,9605,8269,41,20.2,74.7,21500,60.1
"Carleton College","MN",173258,1,"Higher Learning Commission",3,3,"Private","Midwest","Town",44.462318,-93.154666,16.6,33,1486,0,2007,52.4,6.7,9.6,10,21.3,0,NA,78315,62634,62634,33565,35503,13285,79.9,14,90.6,16750,50.4
"Concordia College at Moorhead","MN",173300,1,"Higher Learning Commission",3,4,"Private","Midwest","Suburb",46.862482,-96.76749,65.5,23,1220,0,1800,77.1,4,3.3,2.8,12.8,1.9,NA,40870,28916,28916,14761,11946,7748,66,19.7,69.4,26847,53.2
"Concordia University-Saint Paul","MN",173328,1,"Higher Learning Commission",3,4,"Private","Midwest","City",44.949759,-93.154861,69.1,NA,1190,0,2760,55.1,14.3,9.6,10.8,10.2,28,NA,33714,24400,24400,13389,4157,6901,26.8,34.1,51.2,17832,66.1
"Martin Luther College","MN",173452,1,"Higher Learning Commission",3,4,"Private","Midwest","Town",44.30526,-94.472326,83.7,24,1194,0,697,92.2,0.9,1,0.6,5.3,12.3,NA,28613,17420,17420,14808,11583,4865,74.3,23.4,74.4,20177,51.1
"Gustavus Adolphus College","MN",173647,1,"Higher Learning Commission",3,3,"Private","Midwest","Town",44.323626,-93.972196,73.9,29,1320,0,2069,79.4,2.9,4.9,3.3,9.4,2,NA,63088,53030,53030,19005,17836,7865,92.3,24.2,75.8,26774,55.4
"Hamline University","MN",173665,1,"Higher Learning Commission",3,4,"Private","Midwest","City",44.966246,-93.164479,80.6,23,1152,0,1745,56.3,12,12.4,8.6,10.7,2.8,NA,55979,46616,46616,19072,9260,8284,49.6,39.6,69,23770,62.9
"Macalester College","MN",173902,1,"Higher Learning Commission",3,3,"Private","Midwest","City",44.938565,-93.168053,28.4,31,1430,0,2164,53.7,5.9,10.2,7.6,22.6,1.3,NA,76357,62500,62500,24682,22000,11297,80.7,18.4,87.9,23000,57.7
"Minnesota State University-Mankato","MN",173920,1,"Higher Learning Commission",3,4,"Public","Midwest","City",44.146712,-93.99945,70.7,22,1090,0,11354,71.3,5.9,5.7,3.7,13.5,14,17812,21824,9444,18814,8361,8794,10144,67.1,22.3,52.6,21106,53.7
"Metropolitan State University","MN",174020,1,"Higher Learning Commission",3,4,"Public","Midwest","City",44.957256,-93.074361,81.7,NA,1150,0,5152,38.8,29.5,7,17.1,7.7,52.4,19523,25964,9684,9684,4964,6834,10435,31.8,44.6,32.5,17100,58.4
"University of Minnesota-Twin Cities","MN",174066,1,"Higher Learning Commission",3,4,"Public","Midwest","City",44.972851,-93.235464,74.9,30,1355,0,30560,61.1,7.9,5.8,12.4,12.7,6.9,16318,27446,15859,35099,14091,16527,12879,82,17.5,84.4,19500,54.1
"University of Minnesota-Crookston","MN",174075,1,"Higher Learning Commission",3,3,"Public","Midwest","Town",47.802536,-96.606188,57.2,NA,NA,0,1489,73.5,5.8,5.5,3.8,11.3,34.2,10317,24301,13010,13010,4894,7071,8549,100,21.5,53.3,20500,59.4
"Minneapolis College of Art and Design","MN",174127,1,"Higher Learning Commission",3,4,"Private","Midwest","City",44.956988,-93.274705,56.9,NA,1234,0,689,64.1,4.8,10.7,7.4,12.9,0.7,NA,54675,42560,42560,20597,16870,6086,20.4,39.4,57.7,27000,67.3
"Herzing University-Minneapolis","MN",174154,0,"Higher Learning Commission",3,4,"Private","Midwest","City",44.975225,-93.404863,94.3,NA,NA,0,808,44.2,25.4,7.4,11.4,11.6,50.2,NA,26953,12750,12750,13087,5511,7186,20,54.9,71,21500,88.9
"University of Minnesota-Duluth","MN",174233,1,"Higher Learning Commission",3,4,"Public","Midwest","City",46.817126,-92.084385,80.7,25,1220,0,7754,83.5,2.4,3.8,3.4,6.8,5.7,17156,25901,14126,19516,8470,8326,8776,82.3,19,62.2,22024,48.4
"University of Minnesota-Morris","MN",174251,1,"Higher Learning Commission",3,3,"Public","Midwest","Town",45.589775,-95.899729,77.7,NA,NA,0,1024,54.1,3.1,6.5,1.6,34.7,5.3,10541,25262,14120,16250,4154,12266,7726,93,27.7,58.1,18995,55.7
"Minnesota State University Moorhead","MN",174358,1,"Higher Learning Commission",3,4,"Public","Midwest","Suburb",46.867153,-96.759532,56.6,22,1090,0,3462,79.3,5,4.6,1.7,9.5,16.7,17330,23306,10236,19072,6806,8562,9658,57.9,27.7,55.4,20000,62.4
"North Central University","MN",174437,1,"Higher Learning Commission",3,4,"Private","Midwest","City",44.968625,-93.261511,90.8,NA,NA,0,827,63.7,8.2,14.4,5.2,8.5,9.2,NA,40855,28000,28000,15595,9088,6886,26.6,40.9,59.1,23200,53.6
"University of Northwestern-St Paul","MN",174491,1,"Higher Learning Commission",3,4,"Private","Midwest","Suburb",45.033703,-93.167822,92.5,NA,1186,0,1512,78.7,4.8,5.3,3.9,7.3,9.3,NA,46115,35340,35340,15482,8386,6226,100,15.4,70.3,21325,57.9
"Oak Hills Christian College","MN",174525,1,"Association for Biblical Higher Education",3,3,"Private","Midwest","Rural",47.425836,-94.901503,NA,NA,NA,0,91,64.8,13.2,0,2.2,19.8,17.6,NA,31919,18270,18270,9336,7260,3943,80,47.9,52.6,20980,42.9
"College of Saint Benedict","MN",174747,1,"Higher Learning Commission",3,3,"Private","Midwest","Suburb",45.561792,-94.319888,87.8,24,1186,0,1428,81,2.7,9.5,3.4,3.4,0.6,NA,64561,52108,52108,19853,14402,8978,90,20.8,78.3,26944,100
"Saint Cloud State University","MN",174783,1,"Higher Learning Commission",3,4,"Public","Midwest","City",45.553227,-94.152657,95.3,21,1093,0,5395,62.6,11.2,5,5.2,15.9,20.7,14719,20529,10117,20001,6921,10191,10330,64.5,23,44.4,21058,51.7
"Saint Johns University","MN",174792,1,"Higher Learning Commission",3,4,"Private","Midwest","Rural",45.580075,-94.393621,86.2,25,1144,0,1501,80.4,4.2,6.9,3.8,4.7,1.6,NA,64251,52164,52164,19070,14379,8876,82.9,20.2,75.7,27000,0
"Saint Mary's University of Minnesota","MN",174817,1,"Higher Learning Commission",3,4,"Private","Midwest","Town",44.044736,-91.695449,96.8,NA,1150,0,1080,63.1,7.3,10.4,2.6,16.6,20.6,NA,52935,41150,41150,16094,7953,6958,25,24.8,65.4,21500,56.9
"St Olaf College","MN",174844,1,"Higher Learning Commission",3,3,"Private","Midwest","Town",44.461529,-93.182039,56.4,31,1377,0,3019,67.1,3.4,8.3,5.8,15.4,0.3,NA,66570,54650,54650,16943,17445,8925,70.8,20,84.8,26000,58
"Crown College","MN",174862,1,"Higher Learning Commission",3,4,"Private","Midwest","Rural",44.885393,-93.743019,66.6,NA,NA,0,757,71.5,6.7,8.8,4,9,22.6,NA,43264,29230,29230,11989,3064,5939,24.5,28.4,51.7,22500,50.1
"The College of Saint Scholastica","MN",174899,1,"Higher Learning Commission",3,4,"Private","Midwest","City",46.816082,-92.106134,96.6,25,1220,0,1923,78.4,4.8,3.6,2.6,10.6,13,NA,52561,39410,39410,14851,9701,7688,46.3,23.9,67.2,20000,68.1
"University of St Thomas","MN",174914,1,"Higher Learning Commission",3,4,"Private","Midwest","City",44.943439,-93.188986,77,25,1290,0,5868,68.8,5.8,8.4,5,12,2.7,NA,62028,50366,50366,19453,14704,11408,48.4,18.4,79.6,23250,48.4
"St Catherine University","MN",175005,1,"Higher Learning Commission",3,4,"Private","Midwest","City",44.924926,-93.183761,92.5,23,1127,0,2349,53.1,13.9,12.7,12.6,7.6,30.9,NA,56312,47870,47870,19775,11873,7189,52.4,37.6,63.9,24181,95.4
"Southwest Minnesota State University","MN",175078,1,"Higher Learning Commission",3,4,"Public","Midwest","Town",44.45373,-95.759548,91.6,NA,1050,0,1956,70.2,8.5,7.6,2.5,11.2,29,14727,21596,10122,10122,4200,6291,10014,48.7,10.4,40.8,20500,65.8
"Winona State University","MN",175272,1,"Higher Learning Commission",3,4,"Public","Midwest","Town",44.046159,-91.643723,73.8,22,1121,0,5254,82.6,3.2,4.3,3.6,6.2,12.6,17699,22640,10492,17224,6789,9918,9730,59,24.8,60.5,21500,67.9
"Alcorn State University","MS",175342,1,"Southern Association of Colleges and Schools Commission on Colleges",3,4,"Public","Southeast","Rural",31.877216,-91.142854,29.9,22,1019,0,2344,2.1,95,0.9,0,1.9,14,14657,24062,8549,8549,3456,4215,6524,56,71.7,47.3,27000,66.6
"Belhaven University","MS",175421,1,"Southern Association of Colleges and Schools Commission on Colleges",3,4,"Private","Southeast","City",32.318415,-90.169228,42.6,22,1059,0,1414,38.3,42.9,4,0.6,14.1,24.5,NA,36866,28375,28375,9030,3357,5605,15.9,44.1,45.6,26333,62.9
"Blue Mountain Christian University","MS",175430,1,"Southern Association of Colleges and Schools Commission on Colleges",3,4,"Private","Southeast","Rural",34.67209,-89.02924,95.7,21,1089,0,540,67.2,13.7,5.2,0.2,13.7,3.9,NA,29461,19280,19280,5756,7783,5997,70.6,28.2,39.5,18534,50.7
"Delta State University","MS",175616,1,"Southern Association of Colleges and Schools Commission on Colleges",3,4,"Public","Southeast","Town",33.744745,-90.735365,98.6,19,1055,0,1627,54,35.7,2.6,0.4,7.3,13.2,13569,21506,8605,8605,7189,8880,7138,58.4,40.1,46.4,20390,58.1
"Jackson State University","MS",175856,1,"Southern Association of Colleges and Schools Commission on Colleges",3,4,"Public","Southeast","City",32.296105,-90.207405,88.6,18,1022,0,4905,1.8,95.1,0.4,0.2,2.6,12.1,16035,24120,8445,9445,8540,9336,6835,60.7,65.1,34.8,30470,63.5
"Millsaps College","MS",175980,1,"Southern Association of Colleges and Schools Commission on Colleges",3,4,"Private","Southeast","City",32.322746,-90.179957,67.8,25,1223,0,622,59.5,27,4.3,2.7,6.4,0.5,NA,59877,43815,43815,12527,14405,8389,75.5,34.4,56.8,27000,45.3
"University of Mississippi","MS",176017,1,"Southern Association of Colleges and Schools Commission on Colleges",3,4,"Public","Southeast","Town",34.365529,-89.537434,97.4,25,1199,0,17157,78.3,10.8,4.9,2,3.9,5.9,13504,26788,9220,26440,13278,15757,9745,84.5,24.1,67.8,20000,57.1
"Mississippi University for Women","MS",176035,1,"Southern Association of Colleges and Schools Commission on Colleges",3,4,"Public","Southeast","Town",33.493305,-88.418601,99.1,21,1050,0,1701,55.1,40.9,0.7,1.1,2.3,10.3,12276,21008,7866,7866,5451,7486,6688,64.1,42.5,37,15000,81.1
"Mississippi Valley State University","MS",176044,1,"Southern Association of Colleges and Schools Commission on Colleges",3,4,"Public","Southeast","Rural",33.514142,-90.341274,64.8,16,870,0,1169,2.1,91.4,1.4,0.3,5,11.3,10909,21606,7414,7414,2365,8879,6323,67.6,52.3,25.8,28413,54.3
"Mississippi College","MS",176053,1,"Southern Association of Colleges and Schools Commission on Colleges",3,4,"Private","Southeast","Suburb",32.335515,-90.329821,40,24,1190,0,2098,68.2,16.7,3.6,2.1,9.4,7,NA,37689,21098,21098,11201,8733,7940,53.2,27.6,62.3,22500,58.7
"Mississippi State University","MS",176080,1,"Southern Association of Colleges and Schools Commission on Colleges",3,4,"Public","Southeast","Town",33.454852,-88.790139,75.2,26,1215,0,18154,74.4,15.4,3.9,1.6,4.8,8.7,15910,26353,9398,25444,9883,7565,9578,84.1,29.8,63.1,22142,50.5
"Rust College","MS",176318,1,"Southern Association of Colleges and Schools Commission on Colleges",3,3,"Private","Southeast","Town",34.776862,-89.446999,78.8,NA,1003,0,731,0.3,97.1,0.5,0,2,19.7,NA,16700,9900,9900,8397,5593,4926,81.4,58.8,24.7,26159,58.6
"University of Southern Mississippi","MS",176372,1,"Southern Association of Colleges and Schools Commission on Colleges",3,4,"Public","Southeast","City",31.32661,-89.331236,98.8,23,1150,0,10149,59.4,28.6,4.2,1.6,6.3,15.1,13744,24425,9450,11450,7280,7137,8356,99.1,46.6,51.7,22500,64.7
"Tougaloo College","MS",176406,1,"Southern Association of Colleges and Schools Commission on Colleges",3,3,"Private","Southeast","City",32.403014,-90.16076,49.3,19,NA,0,541,0.5,87.8,2.4,0,9.3,3.9,NA,23266,10861,10861,7593,5341,4143,100,63.2,30.9,30046,60.6
"William Carey University","MS",176479,1,"Southern Association of Colleges and Schools Commission on Colleges",3,4,"Private","Southeast","City",31.305264,-89.291815,53.6,25,1188,0,1772,60.3,28.1,2.6,1.1,7.9,11.9,NA,28491,14685,14685,14873,10965,6109,47.1,28.9,41.7,20832,69.9
"Avila University","MO",176628,1,"Higher Learning Commission",3,4,"Private","Midwest","City",38.91339,-94.591758,67.6,20,1090,0,937,46.6,27.1,17.4,1.8,7,6.9,NA,31540,22390,22390,11997,8717,6698,37.2,50.7,51,25000,59.3
"Mission University","MO",176664,1,"Higher Learning Commission",3,4,"Private","Midwest","City",37.239696,-93.284286,NA,NA,NA,0,274,86.9,4.4,1.8,1.1,5.8,14.6,NA,25868,15690,15690,7994,4168,3910,27.6,47.5,38.8,26168,39.4
"Cox College","MO",176770,1,"Higher Learning Commission",3,4,"Private","Midwest","City",37.225116,-93.290233,33.3,NA,NA,0,677,84,1.2,4.7,1.8,8.3,48.4,NA,28124,13396,13396,15162,11841,7524,74.1,35.1,66.7,20000,87.2
"Calvary University","MO",176789,1,"Higher Learning Commission",3,4,"Private","Midwest","City",38.839578,-94.547927,63.2,20,1058,0,202,79.7,7.9,6.4,1,4.9,37.1,NA,19317,12500,12500,8046,6880,3885,61.9,28.4,59.3,20839,56.4
"Central Christian College of the Bible","MO",176910,1,"Association for Biblical Higher Education",3,4,"Private","Midwest","Town",39.395963,-92.427259,NA,NA,NA,0,152,57.2,9.9,7.2,2.6,23,38.2,NA,21779,9850,9850,5678,12022,4353,57.6,51.4,27.1,17500,39.5
"Central Methodist University-College of Liberal Arts and Sciences","MO",176947,1,"Higher Learning Commission",3,3,"Private","Midwest","Rural",39.150497,-92.685253,97.9,21,1045,0,1074,62.9,10.8,8.4,0.9,17,0.8,NA,42845,27140,27140,15372,11800,6543,100,38.8,51.9,17619,51.7
"University of Central Missouri","MO",176965,1,"Higher Learning Commission",3,4,"Public","Midwest","Town",38.759111,-93.737428,71.3,NA,1090,0,5920,77.3,8.2,6.6,1.1,6.8,12.8,14759,21179,9413,17453,8398,9995,8443,99,26.6,52.7,21000,53.5
"Columbia College","MO",177065,1,"Higher Learning Commission",3,4,"Private","Midwest","City",38.957388,-92.326354,NA,NA,NA,0,5486,53.7,21.2,11.5,2.2,11.4,57.4,NA,36284,24326,24326,10000,8123,8058,100,42.8,42.8,23879,59.7
"Conception Seminary College","MO",177083,1,"Higher Learning Commission",3,3,"Private","Midwest","Rural",40.24044,-94.682831,100,21,NA,0,25,56,8,24,8,4,0,NA,NA,24248,24248,23969,19282,4866,NA,14.8,9.1,NA,0
"Cottey College","MO",177117,1,"Higher Learning Commission",3,3,"Private","Midwest","Town",37.836127,-94.371311,73,22,NA,0,311,71.7,5.1,11.9,1.3,10,0.6,NA,34355,24960,24960,8285,20209,6914,83,44.9,56.4,19043,100
"Culver-Stockton College","MO",177144,1,"Higher Learning Commission",3,4,"Private","Midwest","Rural",40.128993,-91.529374,97,22,1120,0,854,68.3,14.8,7.5,1.2,8.3,1.2,NA,42218,29195,29195,11049,5480,6171,56.5,36.4,48.3,26000,44
"Drury University","MO",177214,1,"Higher Learning Commission",3,4,"Private","Midwest","City",37.219681,-93.286192,63.4,27,1221,0,1369,75.2,2.9,2,2.6,17.4,1.4,NA,45553,33830,33830,10652,9144,7532,100,28.7,63.6,20979,54.3
"Evangel University","MO",177339,1,"Higher Learning Commission",3,4,"Private","Midwest","City",37.220956,-93.262614,67.9,NA,NA,0,1246,75.1,4.9,7.1,1,11.9,0,NA,38615,26400,26400,10389,5987,5065,38.6,31.1,71.7,24736,52.5
"Fontbonne University","MO",177418,1,"Higher Learning Commission",3,4,"Private","Midwest","Suburb",38.642697,-90.315712,94.4,22,NA,0,668,62.4,24.9,1.7,1.7,9.4,8.4,NA,42271,28696,28696,15084,10686,7278,41.9,45.6,58,25000,52.2
"Hannibal-LaGrange University","MO",177542,1,"Higher Learning Commission",3,4,"Private","Midwest","Town",39.729015,-91.39094,67.1,22,1042,0,397,72,9.3,4.3,1.3,13.1,20.4,NA,37045,25600,25600,9783,5092,3513,100,30.2,38.7,18599,48.1
"Harris-Stowe State University","MO",177551,1,"Higher Learning Commission",3,3,"Public","Midwest","City",38.631744,-90.224288,NA,NA,NA,0,1078,3.4,79.8,3.5,0.6,12.7,12.3,10314,18754,6058,10690,4013,10203,5643,29.3,72.3,20.1,25930,69.9
"Barnes-Jewish College Goldfarb School of Nursing","MO",177719,1,"Higher Learning Commission",3,4,"Private","Midwest","City",38.637165,-90.258772,NA,NA,NA,0,415,68.7,14.9,5.1,4.3,7,14,NA,NA,NA,NA,23853,12726,7358,51.6,21.9,NA,16750,87.9
"Kansas City Art Institute","MO",177746,1,"Higher Learning Commission",3,3,"Private","Midwest","City",39.046353,-94.583594,58.5,NA,NA,0,735,61.8,8.2,14.7,4.5,10.9,1.1,NA,55084,41924,41924,18720,15277,7427,53.6,43.1,56.8,27000,77.6
"Lincoln University","MO",177940,1,"Higher Learning Commission",3,4,"Public","Midwest","City",38.564431,-92.166724,NA,NA,NA,0,1323,26.1,56.4,3.6,0.5,13.4,11.1,9423,20301,8386,15616,2973,7624,6035,70.9,41.6,29,28875,60
"Lindenwood University","MO",177968,1,"Higher Learning Commission",3,4,"Private","Midwest","City",38.785425,-90.501286,74,24,1177,0,4627,63.2,13.8,4.8,1.8,16.4,13.3,NA,32719,19300,19300,13397,7198,9027,100,29.2,54.2,26000,56.4
"Logan University","MO",177986,1,"Higher Learning Commission",3,4,"Private","Midwest","Suburb",38.63133,-90.542333,81.8,NA,1090,0,288,67.4,10.4,3.1,6.9,12.2,54.5,NA,24552,7800,7800,19400,4603,6883,40,35.8,NA,10250,69.8
"Maryville University of Saint Louis","MO",178059,1,"Higher Learning Commission",3,4,"Private","Midwest","Suburb",38.644774,-90.505998,87.8,23,NA,0,5781,64.9,13.3,8.4,3.3,10.1,42.5,NA,44826,27166,27166,11111,6127,9392,14.6,36.8,66.8,22000,67.9
"Midwestern Baptist Theological Seminary","MO",178208,1,"Higher Learning Commission",3,4,"Private","Midwest","City",39.185691,-94.573185,94.3,NA,NA,0,879,68.8,6.1,5.8,2.8,16.4,53.1,NA,28652,9480,9480,6924,2232,7132,23.9,32.5,40.9,15675,33.9
"Missouri Baptist University","MO",178244,1,"Higher Learning Commission",3,4,"Private","Midwest","Suburb",38.641526,-90.462586,70.9,23,1147,0,1508,73.7,12.9,0.5,1.7,11.1,12.1,NA,43860,33316,33316,11494,5473,6604,30.2,13.7,40.7,22500,55
"Missouri Southern State University","MO",178341,1,"Higher Learning Commission",3,4,"Public","Midwest","City",37.095155,-94.461689,99.5,21,1089,0,3245,68.2,6.6,8.8,2.9,13.5,22.8,10097,16972,8026,16052,3909,9213,6555,48.7,38.4,35.6,19174,61.3
"Missouri Valley College","MO",178369,1,"Higher Learning Commission",3,4,"Private","Midwest","Town",39.108522,-93.190654,61.2,19,1000,0,1269,33.9,13.6,9.8,1.4,41.3,5.4,NA,35869,22450,22450,8608,4661,4882,63.6,30.9,22.9,25950,39.6
"Missouri Western State University","MO",178387,1,"Higher Learning Commission",3,4,"Public","Midwest","City",39.7575,-94.785643,NA,NA,NA,0,2628,67.6,13.6,1.9,1.9,15,12.9,11702,19570,9090,16100,7204,5870,7448,62.6,29.2,41.3,19968,59.9
"University of Missouri-Columbia","MO",178396,1,"Higher Learning Commission",3,4,"Public","Midwest","City",38.94531,-92.328843,79.1,27,1249,0,23206,79.5,5.5,5.5,2.8,6.7,5.4,19979,28417,11981,31970,11229,12482,10902,76.2,20.9,75.3,20500,54.5
"University of Missouri-Kansas City","MO",178402,1,"Higher Learning Commission",3,4,"Public","Midwest","City",39.034179,-94.582141,69.5,26,1231,0,6479,50,13.3,14.1,10.8,11.8,14.4,13242,23450,11287,27760,13618,13251,9947,65.6,24,55.4,18750,60
"Missouri University of Science and Technology","MO",178411,1,"Higher Learning Commission",3,4,"Public","Midwest","Town",37.953426,-91.775583,81.5,29,1320,0,5453,80.1,3.1,5.3,4.4,7.1,10.5,13799,24736,11365,29809,10437,15267,11772,81.8,21.1,61.7,23250,23.3
"University of Missouri-St Louis","MO",178420,1,"Higher Learning Commission",3,4,"Public","Midwest","Suburb",38.710312,-90.311091,51.1,26,1146,0,5378,61.7,18.1,4.1,4.7,11.4,28.3,11986,24160,11693,29960,8802,10148,9640,55.3,18.5,51.6,20000,55.6
"Truman State University","MO",178615,1,"Higher Learning Commission",3,4,"Public","Midwest","Town",40.188267,-92.581658,45.1,27,1246,0,2920,78.3,2.4,3.1,2.5,13.6,3.2,13256,22335,9014,17036,5732,12094,7301,88,16.1,71,21000,60.1
"Northwest Missouri State University","MO",178624,1,"Higher Learning Commission",3,4,"Public","Midwest","Town",40.351692,-94.883339,85.6,22,1089,0,4679,82.2,4.5,4.9,0.7,7.7,8.9,13732,21375,9502,15569,7174,7451,7641,76.9,28.4,53.9,21500,61
"Ozark Christian College","MO",178679,1,"Higher Learning Commission",3,3,"Private","Midwest","City",37.103172,-94.510622,94.4,NA,NA,0,597,82.4,2,6.7,1.5,7.4,17.8,NA,24363,14680,14680,10295,6888,5014,60.7,37.9,52.6,16772,46.4
"College of the Ozarks","MO",178697,1,"Higher Learning Commission",3,3,"Private","Midwest","Town",36.616019,-93.238174,21.1,23,1124,0,1481,85.8,1.2,4.5,1.3,7.2,0.9,NA,31353,20290,20290,4517,9381,8060,70.9,47.7,62.5,NA,56.4
"Park University","MO",178721,1,"Higher Learning Commission",3,4,"Private","Midwest","Suburb",39.189256,-94.679041,NA,NA,NA,0,6061,42.1,17.4,24.6,2.5,13.4,50.3,NA,22835,12671,12671,10589,5910,6905,14.3,35.4,23.2,21685,45
"Research College of Nursing","MO",178989,1,"Higher Learning Commission",3,4,"Profit","Midwest","City",39.006611,-94.556762,NA,NA,NA,0,227,71.4,12.8,4.4,2.6,8.8,4.9,NA,NA,NA,NA,21329,8050,7805,68.4,17,NA,13930,88.1
"Rockhurst University","MO",179043,1,"Higher Learning Commission",3,4,"Private","Midwest","City",39.032318,-94.573003,66.5,23,1220,0,1732,62.2,9,16,3.8,9,6.5,NA,54739,41701,41701,15576,8250,7793,55.7,20.8,77.1,18250,65.4
"Saint Louis University","MO",179159,1,"Higher Learning Commission",3,4,"Private","Midwest","City",38.636801,-90.2351,84.7,30,1340,0,7332,60,8.3,8.1,13.6,10,8.9,NA,65627,50644,50644,21637,20020,10861,59.9,18,81.2,25000,60.7
"University of Health Sciences and Pharmacy in St. Louis","MO",179265,1,"Higher Learning Commission",3,4,"Private","Midwest","City",38.636904,-90.260617,91.6,24,1161,0,264,61.4,9.8,2.3,11.7,14.8,0.4,NA,52232,31280,31280,31126,21128,9809,65.6,32.9,73.3,17755,62.5
"Southwest Baptist University","MO",179326,1,"Higher Learning Commission",3,4,"Private","Midwest","Town",37.602425,-93.407056,99.6,22,1081,0,1475,74.7,5.1,3.7,1.1,15.3,19.7,NA,36941,27038,27038,12452,8231,5616,52.2,37.1,43.1,20957,62.8
"Stephens College","MO",179548,1,"Higher Learning Commission",3,4,"Private","Midwest","City",38.95204,-92.319204,64.1,21,1124,0,404,65.8,10.2,1.7,1,21.3,5.9,NA,41891,25586,25586,15201,14907,7436,100,43.8,45.6,27000,97.5
"Southeast Missouri State University","MO",179557,1,"Higher Learning Commission",3,4,"Public","Midwest","City",37.311107,-89.531187,86.3,NA,1055,0,7010,76.3,8.9,3.5,0.8,10.4,11.5,14288,22420,9015,15585,6672,7485,8044,71.4,30.3,56.3,21500,59.6
"Missouri State University-Springfield","MO",179566,1,"Higher Learning Commission",3,4,"Public","Midwest","City",37.199258,-93.281281,92.6,23,1147,0,13332,79.4,3.5,4.9,2,10.2,15.6,17262,23168,8604,17144,7745,8050,8394,68.1,22.4,58.2,21992,60.4
"Washington University in St Louis","MO",179867,1,"Higher Learning Commission",3,4,"Private","Midwest","Suburb",38.647929,-90.310604,11.8,34,1525,0,7801,43.8,8.7,11.9,20.1,15.5,5.1,NA,81620,60590,60590,29212,142185,16155,69.3,14.9,93.7,17500,53.7
"Webster University","MO",179894,1,"Higher Learning Commission",3,4,"Private","Midwest","Suburb",38.588875,-90.345151,55.1,24,1153,0,2174,62.6,14.5,6.2,3.5,13.1,17.8,NA,44148,29840,29840,17247,11058,9004,100,28.8,58.7,23000,57.6
"Westminster College","MO",179946,1,"Higher Learning Commission",3,3,"Private","Midwest","Town",38.849354,-91.955273,75.3,21,1049,0,607,78.6,7.2,4.4,1,8.7,1,NA,48486,33144,33144,11570,8965,6713,46.9,43.4,63.6,27000,45.1
"William Jewell College","MO",179955,1,"Higher Learning Commission",3,4,"Private","Midwest","Suburb",39.247844,-94.413126,41,24,1146,0,824,63.7,8,10.7,2.2,15.4,1.6,NA,33470,19610,19610,10530,12637,7026,63.3,26.4,62.2,24498,48.7
"William Woods University","MO",179964,1,"Higher Learning Commission",3,4,"Private","Midwest","Town",38.860287,-91.950416,61.5,NA,NA,0,754,69.9,5.4,5.6,1.2,17.9,14.5,NA,43809,27480,27480,9943,6503,5367,34.4,33.4,51,21983,70.8
"Carroll College","MT",180106,1,"Northwest Commission on Colleges and Universities",3,3,"Private","West","City",46.600771,-112.040285,78.1,25,1108,0,1108,80,0.6,5.5,1.4,12.6,1.8,NA,52132,39028,39028,16200,10159,6800,58.6,19.5,70.1,25757,59.8
"Montana State University Billings","MT",180179,1,"Northwest Commission on Colleges and Universities",3,4,"Public","West","City",45.796896,-108.523009,NA,NA,NA,0,2742,76.5,1.1,7.4,1,14,31.8,14484,17285,6198,19924,5728,7162,6925,65.4,26.9,28.5,18209,63.7
"University of Providence","MT",180258,1,"Northwest Commission on Colleges and Universities",3,4,"Private","West","City",47.490713,-111.270604,95.5,20,1010,0,593,73.2,6.1,5.4,3.7,11.6,23.4,NA,41079,27606,27606,12450,7659,6609,50.6,30.1,41,18750,63.4
"Montana Technological University","MT",180416,1,"Northwest Commission on Colleges and Universities",3,4,"Public","West","Town",46.012868,-112.559511,89.5,24,1131,0,1424,82,1.2,4,1.4,11.5,6.6,16598,21971,7580,23210,6488,9376,7910,74.4,22,56.6,18750,38.3
"Montana State University","MT",180461,1,"Northwest Commission on Colleges and Universities",3,4,"Public","West","City",45.666726,-111.048812,73.3,24,1158,0,14343,84.4,0.4,5.7,1.1,8.4,13.1,19600,22506,7727,29604,12562,8587,8635,58.5,18.1,56.8,22500,46.6
"The University of Montana","MT",180489,1,"Northwest Commission on Colleges and Universities",3,4,"Public","West","City",46.859312,-113.982912,95.4,22,NA,0,6937,74.9,0.9,6.7,1.4,16.2,16.7,14856,21814,7719,29634,9515,10239,8457,67.3,30.8,46.4,22400,57.9
"Montana State University-Northern","MT",180522,1,"Northwest Commission on Colleges and Universities",3,4,"Public","West","Town",48.54149,-109.687806,NA,NA,NA,0,816,70,2.5,3.8,0.6,23.2,16.3,12717,16450,5955,18665,5374,9711,6228,100,36.2,29.2,18500,42.6
"Rocky Mountain College","MT",180595,1,"Northwest Commission on Colleges and Universities",3,4,"Private","West","City",45.796522,-108.554075,75.2,22,1054,0,834,70.4,3.7,9.6,0.1,16.2,1.8,NA,42532,32252,32252,18875,10664,6861,82.9,30.5,45.8,26000,48.1
"The University of Montana-Western","MT",180692,1,"Northwest Commission on Colleges and Universities",3,3,"Public","West","Town",45.208306,-112.639264,36.3,NA,NA,0,1202,79.1,1.2,3.9,0.2,15.6,16,14064,18668,5874,17698,5474,6719,6956,64.6,33.1,45.3,21000,67.1
"Bellevue University","NE",180814,1,"Higher Learning Commission",3,4,"Private","Midwest","Suburb",41.150225,-95.91764,NA,NA,NA,0,10318,53.5,16.2,16.9,3,10.3,37.5,NA,31587,8790,8790,11606,2863,6269,11.8,30.9,40.7,20000,55.5
"Clarkson College","NE",180832,1,"Higher Learning Commission",3,4,"Private","Midwest","City",41.259165,-95.974847,56.1,NA,NA,0,631,67,8.1,6.3,4.1,14.4,62.4,NA,24425,14880,14880,16153,13883,6584,81.7,33.9,71.9,23716,85.6
"Bryan College of Health Sciences","NE",180878,1,"Higher Learning Commission",3,4,"Private","Midwest","City",40.796768,-96.651532,67.6,NA,NA,0,535,77,2.1,3,2.1,15.9,35.5,NA,34178,17870,17870,20924,10519,7310,58.4,23.2,72,24985,91.8
"Chadron State College","NE",180948,1,"Higher Learning Commission",3,4,"Public","Midwest","Town",42.8199,-103.001615,NA,NA,NA,0,1690,78.6,4,11.2,0.4,5.8,12.8,15684,22842,7834,7834,5259,6209,7525,100,32.1,44.2,18875,63.4
"Concordia University-Nebraska","NE",180984,1,"Higher Learning Commission",3,4,"Private","Midwest","Town",40.914853,-97.089054,90.8,23,1116,0,1138,75.9,2.9,5,0.9,15.3,1.4,NA,49230,37720,37720,11114,5497,6196,98.6,11.7,59.1,25750,51.5
"Creighton University","NE",181002,1,"Higher Learning Commission",3,4,"Private","Midwest","City",41.265361,-95.947811,75.7,28,1344,0,4261,70.2,2.4,9.6,8.1,9.6,2.1,NA,59663,45590,45590,30605,16678,10192,69.2,6.9,78.5,25000,58.4
"Doane University","NE",181020,1,"Higher Learning Commission",3,4,"Private","Midwest","Town",40.622952,-96.950932,75.8,NA,NA,0,988,73.7,4.6,11.1,1.6,9,5.5,NA,53750,38990,38990,13737,11199,6677,39.1,27,61.4,25000,45.9
"Hastings College","NE",181127,1,"Higher Learning Commission",3,4,"Private","Midwest","Town",40.59025,-98.374403,71.3,NA,1250,0,918,67.3,6.1,9.9,0.7,16,0.8,NA,47961,34580,34580,9551,8547,6577,100,29.3,54.6,27000,51.8
"CHI Health School of Radiologic Technology","NE",181145,1,"Joint Review Committee on Education in Radiologic Technology",3,3,"Private","Midwest","City",41.32206,-96.020431,NA,NA,NA,0,24,70.8,16.7,12.5,0,0,0,NA,NA,NA,NA,8171,18750,6250,NA,26.3,NA,NA,91.7
"University of Nebraska at Kearney","NE",181215,1,"Higher Learning Commission",3,4,"Public","Midwest","Town",40.701452,-99.098699,86,22,1119,0,4159,74.1,2.4,14.5,0.7,8.2,12.6,17417,23925,7984,13786,6536,10099,8049,67.3,34.6,54.1,19500,63.7
"Nebraska Methodist College of Nursing & Allied Health","NE",181297,1,"Higher Learning Commission",3,4,"Private","Midwest","City",41.265973,-96.048511,90.5,NA,NA,0,808,76.2,5.2,8.8,3.6,6.2,30,NA,29906,16883,16883,15225,9871,6284,89.9,32.9,72.1,23417,89.6
"Midland University","NE",181330,1,"Higher Learning Commission",3,4,"Private","Midwest","Town",41.43674,-96.488008,64.9,21,1087,0,1204,57.5,7.5,15.5,2.5,17,1,NA,49366,38300,38300,12320,6732,6658,100,29.1,43.8,26134,49.5
"University of Nebraska at Omaha","NE",181394,1,"Higher Learning Commission",3,4,"Public","Midwest","City",41.258769,-96.008516,85.9,22,1120,0,11866,61.4,7.6,16.9,5,9.1,16.1,12670,19830,8136,21718,7650,10589,8768,54.9,31.1,49.2,19000,55.5
"University of Nebraska Medical Center","NE",181428,1,"Higher Learning Commission",3,4,"Public","Midwest","City",41.256312,-95.973966,NA,NA,NA,0,861,77.9,2.3,11.6,2.3,5.8,16.5,NA,NA,NA,NA,21618,60141,9700,83,21.8,NA,15000,86.9
"Nebraska Wesleyan University","NE",181446,1,"Higher Learning Commission",3,4,"Private","Midwest","City",40.839098,-96.64831,81.5,26,1201,0,1530,78.1,3.1,9.3,2.6,6.9,4.8,NA,51208,39868,39868,12569,7844,7211,61.2,28.1,59.1,26970,53.9
"University of Nebraska-Lincoln","NE",181464,1,"Higher Learning Commission",3,4,"Public","Midwest","City",40.817598,-96.700508,78.6,25,1192,0,19097,76,2.9,8.9,3.8,8.5,4.9,16131,24612,9872,26984,10151,12407,11952,83.6,22.3,64.9,21000,49.9
"Peru State College","NE",181534,1,"Higher Learning Commission",3,4,"Public","Midwest","Rural",40.474689,-95.732731,NA,NA,NA,0,1186,70.5,11.1,2.6,0.8,15,15.9,13769,21200,7920,7920,4344,6312,7233,100,34.2,33.9,21875,57.2
"College of Saint Mary","NE",181604,1,"Higher Learning Commission",3,4,"Private","Midwest","City",41.240028,-96.021425,64.6,NA,1050,0,502,58.8,7.8,23.3,2,8.2,1.2,NA,32549,22450,22450,16146,10508,7367,54.7,39.2,66.7,24250,100
"Union Adventist University","NE",181738,1,"Higher Learning Commission",3,4,"Private","Midwest","City",40.774778,-96.651095,98.8,21,1082,0,475,49,8.2,25.9,4.6,12.2,3.2,NA,38874,27170,27170,14891,9881,6410,95.6,32.9,56.1,27000,57.5
"Wayne State College","NE",181783,1,"Higher Learning Commission",3,4,"Public","Midwest","Town",42.241556,-97.015122,NA,NA,NA,0,3057,79.2,2.5,9.4,0.9,8,6.7,14077,20752,7786,7786,4822,6678,7902,49.4,28,51.2,19000,57.1
"York University","NE",181853,1,"Higher Learning Commission",3,4,"Private","Midwest","Town",40.869526,-97.579352,57.3,19,1021,0,442,52.7,12.7,22.2,0.2,12.2,8.8,NA,31500,20900,20900,6700,5494,5771,53.2,45.4,43.3,21500,49.5
"University of Nevada-Las Vegas","NV",182281,1,"Northwest Commission on Colleges and Universities",3,4,"Public","West","City",36.106047,-115.138462,85.3,NA,1092,0,24329,24.2,9.2,34.3,16,16.4,19.7,11779,19984,8947,25489,8222,13502,10856,98.9,40.2,47.2,19450,56.3
"University of Nevada-Reno","NV",182290,1,"Northwest Commission on Colleges and Universities",3,4,"Public","West","City",39.543642,-119.815377,85.6,23,NA,0,15896,51.9,3.4,24.1,8.3,12.3,13.5,15198,23859,8947,25501,8498,13102,10571,98.1,25.9,61.8,18922,52.9
"Colby-Sawyer College","NH",182634,1,"New England Commission on Higher Education",3,4,"Private","Northeast","Rural",43.411663,-71.975805,78,NA,NA,0,814,78.6,3.4,2.3,2.6,13,5.9,NA,64901,47164,47164,11819,9704,7387,100,28.9,60.3,27000,70.9
"Dartmouth College","NH",182670,1,"New England Commission on Higher Education",3,4,"Private","Northeast","Town",43.704115,-72.289949,6.4,34,1539,0,4412,47.5,6,9.7,13.6,23.1,0,NA,81501,62658,62658,36290,29193,18863,80.7,16,94.7,17500,49.1
"Franklin Pierce University","NH",182795,1,"New England Commission on Higher Education",3,4,"Private","Northeast","Rural",42.78014,-72.058011,92.7,NA,1095,0,1115,73.4,6.5,8.8,1.4,9.9,10.7,NA,60490,43155,43155,16235,9338,7739,23,26,51.6,27000,54.6
"Magdalen College","NH",182917,1,NA,3,3,"Private","Northeast","Rural",43.314908,-71.834444,98,NA,NA,0,59,96.6,1.7,1.7,0,0,0,NA,36456,24000,24000,12194,15572,4361,66.7,50.7,79.2,NA,55.9
"New England College","NH",182980,1,"New England Commission on Higher Education",3,4,"Private","Northeast","Rural",43.176403,-71.822282,99.9,NA,NA,0,1036,46.7,12.4,10,1.2,29.6,3.2,NA,59050,41518,41518,8192,3474,6371,12.9,43.1,30.9,26000,53.8
"Southern New Hampshire University","NH",183026,1,"New England Commission on Higher Education",3,4,"Private","Northeast","Suburb",43.038922,-71.451842,96.4,NA,NA,0,138138,51.1,16,12.9,2,18,76,NA,36121,15380,15380,9604,1503,9217,100,45.5,41.4,21082,63.4
"University of New Hampshire-Main Campus","NH",183044,1,"New England Commission on Higher Education",3,4,"Public","Northeast","Town",43.135934,-70.932465,87,28,1217,0,11396,85.3,0.8,4,2.8,7.1,1.9,23572,34090,19024,37934,13854,11408,11148,73.9,18.6,77.9,26814,56.4
"Keene State College","NH",183062,1,"New England Commission on Higher Education",3,4,"Public","Northeast","Town",42.926452,-72.279276,89.5,25,NA,0,2690,83.7,1.6,5.3,1.3,8,2.4,18825,28794,14638,25547,9393,9887,9929,41.1,25.4,59.3,25749,53.7
"University of New Hampshire at Manchester","NH",183071,0,"New England Commission on Higher Education",3,3,"Public","Northeast","City",42.987209,-71.468755,85.3,NA,1090,0,507,68.4,3.2,9.7,6.1,12.6,16.4,18131,27263,15804,34664,12215,12025,9816,36.2,37.7,63.2,26814,48.9
"Plymouth State University","NH",183080,1,"New England Commission on Higher Education",3,4,"Public","Northeast","Town",43.759573,-71.690164,97.6,NA,NA,0,3286,81.1,2,4.7,1.3,10.9,3.2,20083,28721,14492,24872,10778,8782,8875,51.5,28.1,50.8,26000,49
"Rivier University","NH",183211,1,"New England Commission on Higher Education",3,4,"Private","Northeast","City",42.738676,-71.45626,84.5,NA,NA,0,1329,71.5,11.1,5.5,3.7,8.3,28.8,NA,50415,36610,36610,16086,8306,7652,25.9,27.7,57.7,26956,75.4
"Saint Anselm College","NH",183239,1,"New England Commission on Higher Education",3,3,"Private","Northeast","Suburb",42.986889,-71.503622,82.3,27,1218,0,1955,86.9,1.5,4.5,1.1,6,0.9,NA,63187,45340,45340,17469,13890,9188,74.2,11.3,85.3,27000,60.1
"University of New Hampshire College of Professional Studies Online","NH",183257,1,"New England Commission on Higher Education",3,4,"Public","Northeast","City",42.987209,-71.468755,NA,NA,NA,0,1134,84,3.6,6.3,1.2,4.8,49.1,12161,17753,7806,9150,6763,3227,6596,6.7,35,14.9,15585,70.5
"Thomas More College of Liberal Arts","NH",183275,1,"New England Commission on Higher Education",3,3,"Private","Northeast","Suburb",42.80683,-71.48437,NA,NA,NA,0,89,75.3,0,5.6,1.1,18,0,NA,36079,28000,28000,6421,10106,5259,100,38.2,70,25000,51.7
"Berkeley College-Woodland Park","NJ",183789,1,"Middle States Commission on Higher Education",3,4,"Profit","Northeast","Suburb",40.898587,-74.189483,NA,NA,NA,0,1856,8.5,12,41.8,1.3,36.4,35.5,NA,36471,28600,28600,18823,8687,7207,100,61.4,44.1,23251,76.5
"Beth Medrash Govoha","NJ",183804,1,"Association of Advanced Rabbinical and Talmudic Schools",3,4,"Private","Northeast","City",40.095672,-74.221328,NA,NA,NA,0,3334,97.9,0,0,0,2.1,0.3,NA,NA,NA,NA,2938,1079,8693,13.4,72.9,NA,NA,0
"Bloomfield College","NJ",183822,1,NA,3,4,"Private","Northeast","Suburb",40.795105,-74.194309,78.2,NA,862,0,1149,8.3,48.4,31.8,2.4,9.1,7,NA,44316,30680,30680,16983,9268,10169,100,69.4,34.5,26746,59.1
"Caldwell University","NJ",183910,1,"Middle States Commission on Higher Education",3,4,"Private","Northeast","Suburb",40.832753,-74.272571,66.4,NA,1136,0,1595,27,16.8,30.6,4,21.6,3.8,NA,51620,38050,38050,15423,7848,8341,100,47.1,68,25000,61.3
"Centenary University","NJ",183974,1,"Middle States Commission on Higher Education",3,4,"Private","Northeast","Suburb",40.84764,-74.833644,96.5,19,NA,0,1015,63.2,7.8,18,2.1,8.9,5.8,NA,49508,35934,35934,15312,9346,7247,98.4,35.4,61.6,23163,63.7
"Drew University","NJ",184348,1,"Middle States Commission on Higher Education",3,4,"Private","Northeast","Suburb",40.761829,-74.424584,72.7,NA,1245,0,1419,57.6,10.1,3,3.9,25.4,0.9,NA,60012,44174,44174,17177,11152,9219,49.5,28,73.7,25288,58.2
"Fairleigh Dickinson University-Metropolitan Campus","NJ",184603,1,"Middle States Commission on Higher Education",3,4,"Private","Northeast","Suburb",40.897209,-74.028986,84.1,NA,1059,0,2415,22.5,11.1,37.6,4.9,23.8,21.8,NA,45688,34404,34404,14981,7855,9381,29.3,21.5,51,25000,52.4
"Felician University","NJ",184612,1,"Middle States Commission on Higher Education",3,4,"Private","Northeast","Suburb",40.867272,-74.096452,89.1,20,1037,0,1696,24.3,19.9,40.5,5.8,9.5,7.4,NA,48466,36410,36410,15312,7316,7790,39.2,50.4,51.6,25000,72.3
"Fairleigh Dickinson University-Florham Campus","NJ",184694,0,"Middle States Commission on Higher Education",3,4,"Private","Northeast","Suburb",40.774498,-74.432121,89.1,NA,1178,0,2012,52.3,10.3,25,4.3,8.1,4,NA,50395,34404,34404,20541,10770,8483,43.3,32.9,61.1,25000,54.4
"Georgian Court University","NJ",184773,1,"Middle States Commission on Higher Education",3,4,"Private","Northeast","City",40.099617,-74.228186,75.8,25,1115,0,1166,51.1,8.5,15,2,23.4,8,NA,47556,35516,35516,18781,9485,8171,41.4,31.8,53.8,21816,75.5
"Rowan University","NJ",184782,1,"Middle States Commission on Higher Education",3,4,"Public","Northeast","Suburb",39.709108,-75.119119,76.9,27,1197,0,14914,64,10.8,13.2,5.9,6.2,11.5,21344,32251,14952,24345,13378,14993,10043,45.7,31.4,68.2,20500,48.4
"New Jersey City University","NJ",185129,1,"Middle States Commission on Higher Education",3,4,"Public","Northeast","City",40.709937,-74.08727,90.1,NA,NA,0,4677,16.6,21,46.3,7.9,8.2,12.2,18862,30154,13564,24163,8632,10534,11941,100,52.6,38.6,18500,58.1
"Kean University","NJ",185262,1,"Middle States Commission on Higher Education",3,4,"Public","Northeast","Suburb",40.677981,-74.233503,82.6,20,1016,0,10524,26.6,20.5,35.8,5.2,12,17.6,10406,24102,12972,20364,9104,12195,9441,28.2,47.4,51.3,23250,61.1
"Monmouth University","NJ",185572,1,"Middle States Commission on Higher Education",3,4,"Private","Northeast","Suburb",40.280066,-74.006447,90.9,24,1203,0,3799,69,4.9,17,2.3,6.8,3.7,NA,58567,43216,43216,23174,12384,9719,100,30,68.2,27000,63.1
"Montclair State University","NJ",185590,1,"Middle States Commission on Higher Education",3,4,"Public","Northeast","Suburb",40.860414,-74.198141,91.3,NA,1080,0,16902,37,13.2,36,6.8,7,9,15677,26041,13762,22472,9820,10038,11528,33.9,44.8,65.4,22000,60.1
"New Jersey Institute of Technology","NJ",185828,1,"Middle States Commission on Higher Education",3,4,"Public","Northeast","City",40.741997,-74.177113,66,30,1325,0,8365,32,9.7,25.7,22.5,10,11.8,17955,31357,18512,34972,15247,15133,13050,56.9,37.6,73.7,21000,26.4
"Princeton University","NJ",186131,1,"Middle States Commission on Higher Education",3,4,"Private","Northeast","City",40.348732,-74.659365,5.7,34,1546,0,5527,37.6,8,10,23.5,20.9,0,NA,78490,57410,57410,16933,64089,22561,85.5,19.4,97.3,10320,50
"Rabbinical College of America","NJ",186186,1,"Association of Advanced Rabbinical and Talmudic Schools",3,4,"Private","Northeast","Suburb",40.805705,-74.49878,94.7,NA,NA,0,193,78.8,0,0,0,21.2,0,NA,23500,13000,13000,6519,8661,5043,88.9,43.3,27.5,NA,0
"Ramapo College of New Jersey","NJ",186201,1,"Middle States Commission on Higher Education",3,4,"Public","Northeast","Suburb",41.080942,-74.174086,70.5,26,1214,0,4611,55.5,6.2,23.9,10.6,3.9,6.8,19333,28769,15363,25373,9747,12299,11620,100,26.4,69.5,21000,57.6
"Rider University","NJ",186283,1,"Middle States Commission on Higher Education",3,4,"Private","Northeast","Suburb",40.278796,-74.737833,84.1,30,1214,0,3105,52.8,14.1,18.1,5.3,9.7,4.9,NA,52777,37200,37200,20314,14301,11429,45.6,33.8,66.6,26130,57
"Rutgers University-Camden","NJ",186371,0,"Middle States Commission on Higher Education",3,4,"Public","Northeast","City",39.948064,-75.12224,76.5,21,1168,0,4077,38.7,19.4,21.8,12.4,7.8,14.5,16537,29550,16112,33812,16292,17065,13003,48.3,48.1,64.8,21500,62.1
"Rutgers University-New Brunswick","NJ",186380,1,"Middle States Commission on Higher Education",3,4,"Public","Northeast","City",40.498769,-74.446251,66.3,30,1374,0,36090,32.4,6.8,15.1,32.6,13.1,4,22675,31851,16263,33963,15241,17385,13195,57.8,28.1,84.5,21500,50
"Rutgers University-Newark","NJ",186399,0,"Middle States Commission on Higher Education",3,4,"Public","Northeast","City",40.739122,-74.175809,73.9,25,NA,0,7188,20.8,19.5,35.2,18,6.5,12,17508,28522,15648,33348,21865,17214,14798,61.2,56.4,66.2,21500,53.8
"Saint Peter's University","NJ",186432,1,"Middle States Commission on Higher Education",3,4,"Private","Northeast","City",40.727105,-74.071541,88.8,23,NA,0,1918,23.2,17.7,41.5,7.8,9.8,6.5,NA,46980,39890,39890,16577,8010,8822,32.5,55.7,60.2,20500,61.2
"Seton Hall University","NJ",186584,1,"Middle States Commission on Higher Education",3,4,"Private","Northeast","Suburb",40.742336,-74.246027,75.1,29,1317,0,5874,47.3,10.5,23.3,11,7.9,2.4,NA,62783,48960,48960,25553,12197,10908,95,28,71.7,22750,55.3
"Saint Elizabeth University","NJ",186618,1,"Middle States Commission on Higher Education",3,4,"Private","Northeast","Suburb",40.78182,-74.438221,71.9,NA,NA,0,672,23.2,39.1,24.6,2.1,11,12.2,NA,50509,34930,34930,17176,11566,7433,28.3,53.3,43.7,24934,63.2
"Stevens Institute of Technology","NJ",186867,1,"Middle States Commission on Higher Education",3,4,"Private","Northeast","Suburb",40.744776,-74.025334,46.2,33,1455,0,4054,50.7,2.3,15.3,18.9,12.9,0.4,NA,73570,58624,58624,33175,14825,16567,100,19.6,87.9,27000,32.1
"Stockton University","NJ",186876,1,"Middle States Commission on Higher Education",3,4,"Public","Northeast","Rural",39.492036,-74.531087,85.5,25,1150,0,8105,58.5,10.3,18.7,7.4,5.2,4.4,17764,30214,15188,22922,9295,8076,10551,48.9,40.4,76.1,20500,60.8
"Talmudical Academy-New Jersey","NJ",186900,1,"Association of Advanced Rabbinical and Talmudic Schools",3,3,"Private","Northeast","Suburb",40.217456,-74.250167,66.7,NA,NA,0,73,94.5,0,0,0,5.5,0,NA,21300,14300,14300,8894,2477,2191,NA,50,20,NA,0
"Thomas Edison State University","NJ",187046,1,"Middle States Commission on Higher Education",3,4,"Public","Northeast","City",40.220487,-74.768562,NA,NA,NA,0,7268,45.6,15.4,14.4,4.4,20.3,99,NA,NA,7372,9556,11465,0,NA,NA,18.1,NA,12500,40.3
"The College of New Jersey","NJ",187134,1,"Middle States Commission on Higher Education",3,4,"Public","Northeast","Suburb",40.268651,-74.778791,64.4,29,1283,0,6840,59.5,5.5,17.8,10.8,6.3,2.5,24659,34878,17978,30772,13583,9700,11698,48.8,19.4,85.8,23250,57.2
"William Paterson University of New Jersey","NJ",187444,1,"Middle States Commission on Higher Education",3,4,"Public","Northeast","Suburb",40.945255,-74.200248,91.5,NA,1150,0,6591,33.2,19.1,33.9,7.8,6,22.1,12946,23631,14624,23624,11118,12664,12492,99.3,46.4,56,22334,60.4
"Eastern New Mexico University-Main Campus","NM",187648,1,"Higher Learning Commission",3,4,"Public","West","Town",34.175592,-103.34819,27.6,19,961,0,2899,36.6,5.3,45.1,1.3,11.7,29.9,7669,17929,6863,8843,4982,6802,7737,66.9,31,41.3,16500,61.8
"Institute of American Indian and Alaska Native Culture and Arts Development","NM",187745,1,"Higher Learning Commission",3,4,"Public","West","Rural",35.586563,-106.010015,100,NA,NA,0,311,9,0,9,0,82,20.3,12428,23124,5561,5561,4437,17597,7042,100,23.4,27.3,NA,65.6
"New Mexico Highlands University","NM",187897,1,"Higher Learning Commission",3,4,"Public","West","Town",35.596233,-105.219197,NA,NA,NA,0,1500,15.9,6.3,58.9,0.6,18.3,34.5,8935,20242,7140,11988,7630,11790,7681,99.2,50.1,25.5,11399,64.7
"New Mexico Institute of Mining and Technology","NM",187967,1,"Higher Learning Commission",3,4,"Public","West","Town",34.067041,-106.905211,74.4,26,NA,0,1160,46.9,0.9,40.6,2.9,8.7,5.8,5441,20579,9058,26312,5873,11865,9595,80.1,32.5,55,19085,28.9
"University of New Mexico-Main Campus","NM",187985,1,"Higher Learning Commission",3,4,"Public","West","City",35.083868,-106.620155,96.1,23,1090,0,15642,28.5,3.1,50.6,4.2,13.5,23.8,13873,19556,8076,26411,6683,14562,10414,73.1,36.4,51.7,18450,58.3
"New Mexico State University-Main Campus","NM",188030,1,"Higher Learning Commission",3,4,"Public","West","Suburb",32.281568,-106.752069,78,20,1031,0,11065,23.7,2.6,64.1,1,8.6,15.8,8495,20465,7627,24751,5358,10834,9683,73,41.5,50.9,17095,57.8
"Northern New Mexico College","NM",188058,1,"Higher Learning Commission",3,3,"Public","West","Town",36.004073,-106.084395,NA,NA,NA,0,812,10,2.1,64.8,2.5,20.7,45.3,7638,14167,5064,14329,4958,10877,7086,57.3,36,39.6,6000,65.8
"University of the Southwest","NM",188182,1,"Higher Learning Commission",3,4,"Private","West","Town",32.775496,-103.186948,NA,NA,NA,0,369,25.5,10.3,55.6,0,8.7,10.8,NA,29034,17200,17200,10003,5140,3797,100,58.6,26.6,21303,43.6
"Western New Mexico University","NM",188304,1,"Higher Learning Commission",3,4,"Public","West","Town",32.7767,-108.283284,NA,NA,NA,0,1782,26.3,4.9,55.4,1,12.4,37.8,11311,19576,7657,14287,5250,7598,7482,41.5,40.1,31.1,23000,67.8
"Adelphi University","NY",188429,1,"Middle States Commission on Higher Education",3,4,"Private","Northeast","Suburb",40.721439,-73.653321,72.8,26,1233,0,5004,43.9,8.8,20.4,13,13.9,4.7,NA,55566,43800,43800,25568,15369,12681,31.4,29.2,67.5,25000,67.8
"Albany College of Pharmacy and Health Sciences","NY",188526,1,"Middle States Commission on Higher Education",3,4,"Private","Northeast","City",42.650371,-73.779063,66.3,30,1320,0,584,44.4,8.9,10.3,20.2,16.3,0.5,NA,50853,38225,38225,25674,20100,9583,67.8,28.4,61.4,25500,64.4
"Alfred University","NY",188641,1,"Middle States Commission on Higher Education",3,4,"Private","Northeast","Rural",42.254476,-77.788106,50.6,25,1211,0,1305,64.2,11.6,10.3,1.6,12.3,2,NA,52337,37644,37644,9252,13080,6954,76.4,37.2,53.5,26000,51.6
"Bard College","NY",189088,1,"Middle States Commission on Higher Education",3,4,"Private","Northeast","Rural",42.020386,-73.909927,46.1,NA,NA,0,2174,47.5,12.1,12.6,3.1,24.8,5.5,NA,78900,60622,60622,14503,38716,11914,64.2,23.7,71.6,24254,57.9
"Barnard College","NY",189097,1,"Middle States Commission on Higher Education",3,3,"Private","Northeast","City",40.810098,-73.963346,8.8,33,1495,0,3126,36.9,5.8,14.5,19.9,22.9,1.3,NA,79717,62525,62525,42671,23400,14635,100,16,91.6,18000,100
"Berkeley College-New York","NY",189228,1,"Middle States Commission on Higher Education",3,3,"Profit","Northeast","City",40.753986,-73.979458,NA,NA,NA,0,1514,3,15.1,26.9,2.2,52.8,37.9,NA,37469,28600,28600,18110,6307,7889,100,56.1,35.3,30426,69.8
"Beth Hamedrash Shaarei Yosher Institute","NY",189273,1,"Association of Advanced Rabbinical and Talmudic Schools",3,3,"Private","Northeast","City",40.635444,-73.981202,86.2,NA,NA,0,74,100,0,0,0,0,0,NA,16800,12000,12000,21496,21647,3801,NA,74.7,9.1,NA,0
"Mount Sinai Phillips School of Nursing","NY",189282,1,"Middle States Commission on Higher Education",3,3,"Private","Northeast","City",40.804778,-73.936639,NA,NA,NA,0,329,42.2,21,15.8,14.6,6.4,20.7,NA,NA,NA,NA,7612,2701,9179,10.3,0,100,19750,86.3
"Boricua College","NY",189413,1,"Middle States Commission on Higher Education",3,4,"Private","Northeast","City",40.833434,-73.9458,NA,NA,NA,0,391,0.8,20.2,75.4,0.3,3.3,0,NA,23431,12025,12025,8834,4515,4910,78,80.9,88.6,6733,77.8
"Canisius University","NY",189705,1,"Middle States Commission on Higher Education",3,4,"Private","Northeast","City",42.925206,-78.852577,77.7,28,1200,0,1750,68.2,10.9,6.2,3.4,11.3,2.5,NA,40718,31800,31800,16013,8809,8719,43.6,28.7,66.2,24250,49.8
"Cazenovia College","NY",189848,1,NA,3,4,"Private","Northeast","Rural",42.932489,-75.854882,75.1,NA,NA,0,633,66.7,12.2,7.6,0.8,12.8,15.2,NA,53059,36668,36668,9567,14921,5859,100,45.8,55.3,23250,69.7
"Central Yeshiva Tomchei Tmimim Lubavitz","NY",189857,1,"Association of Institutions of Jewish Studies",3,4,"Private","Northeast","City",40.669694,-73.938778,91.6,NA,NA,0,679,86.2,0,0,0,13.8,0,NA,24604,8400,8400,7632,1548,3472,66.7,64.6,10.7,NA,0
"Clarkson University","NY",190044,1,"Middle States Commission on Higher Education",3,4,"Private","Northeast","Town",44.662716,-74.999359,78.4,29,1282,0,2587,80,3.2,6.5,3,7.2,0.4,NA,73867,56258,56258,16641,15764,11420,95.6,20.9,72.5,26000,31
"Colgate University","NY",190099,1,"Middle States Commission on Higher Education",3,4,"Private","Northeast","Rural",42.819475,-75.536346,12.4,33,1480,0,3124,64.3,4.7,9.3,5.7,16,0.4,NA,80160,64290,64290,50087,25967,12553,93.4,12.8,91.2,15000,55.5
"Metropolitan College of New York","NY",190114,1,"Middle States Commission on Higher Education",3,4,"Private","Northeast","City",40.708706,-74.014702,65.5,NA,NA,0,372,4.6,58.3,29.8,1.3,5.9,24.7,NA,33506,20188,20188,22186,9987,8467,12.5,64.9,36,27688,74.5
"Columbia University in the City of New York","NY",190150,1,"Middle States Commission on Higher Education",3,4,"Private","Northeast","City",40.808286,-73.961885,4,35,1540,0,8902,31.6,7.4,15.4,18.4,27.1,7.2,NA,82617,66139,66139,42602,92560,20662,43.5,22.2,95.2,21500,49.1
"The Cooper Union for the Advancement of Science and Art","NY",190372,1,"Middle States Commission on Higher Education",3,4,"Private","Northeast","City",40.728148,-73.991609,22.5,NA,1472,0,892,28.5,5,12.4,30.8,23.2,0,NA,64318,46820,46820,13212,33671,14365,29.2,27.6,83.5,15000,50.6
"Cornell University","NY",190415,1,"Middle States Commission on Higher Education",3,4,"Private","Northeast","City",42.4472,-76.483084,7.5,34,1527,0,15676,32.8,7.3,14.7,23.4,21.7,0.3,NA,80278,63200,63200,33756,32766,16314,91.4,17.6,95.3,14000,54.5
"CUNY Bernard M Baruch College","NY",190512,1,"Middle States Commission on Higher Education",3,4,"Public","Northeast","City",40.740238,-73.983417,49.5,NA,NA,0,15554,17.8,9.2,26.8,36,10.2,19.2,3644,13540,7464,15414,5347,11698,12765,43.6,52.3,73.6,11512,50.3
"CUNY Brooklyn College","NY",190549,1,"Middle States Commission on Higher Education",3,4,"Public","Northeast","City",40.631517,-73.949898,54.5,NA,NA,0,10785,25,19.3,23.8,25.1,6.8,21.9,3700,13586,7440,15390,3848,13426,12745,34.9,54.5,54.9,11000,56.8
"College of Staten Island CUNY","NY",190558,1,"Middle States Commission on Higher Education",3,4,"Public","Northeast","City",40.601831,-74.14849,NA,NA,NA,0,8987,41,13.9,26.4,12.8,5.9,18.9,6007,14292,7490,15440,3592,12918,12621,38,49.7,34.7,14350,53.4
"CUNY City College","NY",190567,1,"Middle States Commission on Higher Education",3,4,"Public","Northeast","City",40.819846,-73.948542,66.6,NA,NA,0,11481,12,15.3,39,25.5,8.1,17.9,3434,13514,7340,15290,3901,23871,13179,37,58.3,58.5,11990,52.8
"CUNY Graduate School and University Center","NY",190576,1,"Middle States Commission on Higher Education",3,4,"Public","Northeast","City",40.748612,-73.983822,23.8,NA,NA,0,2666,21.2,28.8,31,13.2,5.9,66.5,NA,NA,7410,15360,7926,41913,13869,35.4,34.8,NA,12584,74.6
"CUNY Hunter College","NY",190594,1,"Middle States Commission on Higher Education",3,4,"Public","Northeast","City",40.768669,-73.964795,47.9,NA,NA,0,16549,18.7,10.8,31.2,30.6,8.7,19.1,3296,13345,7382,15332,5083,10661,12829,32.5,52,56.4,11000,66.1
"CUNY John Jay College of Criminal Justice","NY",190600,1,"Middle States Commission on Higher Education",3,4,"Public","Northeast","City",40.770351,-73.98841,50.7,NA,NA,0,11726,14.1,16.2,50.2,12.6,6.9,17.6,3780,13746,7470,15420,3551,15259,12016,35.1,57.5,53.6,11000,63
"CUNY Lehman College","NY",190637,1,"Middle States Commission on Higher Education",3,4,"Public","Northeast","City",40.872962,-73.895379,55.3,NA,NA,0,10485,4.5,25.7,57.8,7.1,4.9,29.5,4034,13565,7410,15360,3219,14449,11860,39.6,58,53.7,10950,67.2
"CUNY Medgar Evers College","NY",190646,1,"Middle States Commission on Higher Education",3,3,"Public","Northeast","City",40.666256,-73.957076,87.6,NA,NA,0,3239,1.8,72.4,16.9,3.2,5.7,27.4,7849,14890,7352,15302,1490,24521,11863,40.6,57.7,24,10988,72.3
"CUNY New York City College of Technology","NY",190655,1,"Middle States Commission on Higher Education",3,3,"Public","Northeast","City",40.695483,-73.987856,81.8,NA,NA,0,12312,9.4,26,35.8,22,6.9,31.8,5601,13725,7320,15270,2262,14499,11900,30.6,53.2,21.3,10533,44.1
"CUNY Queens College","NY",190664,1,"Middle States Commission on Higher Education",3,4,"Public","Northeast","City",40.736416,-73.820053,69.5,NA,NA,0,13513,19.5,9.6,29.6,31.5,9.8,22.6,4921,13733,7538,15488,3825,11603,12118,41.7,45.7,56.3,10298,53
"CUNY York College","NY",190691,1,"Middle States Commission on Higher Education",3,4,"Public","Northeast","City",40.701576,-73.796313,59.1,NA,NA,0,4822,5.1,37.4,26.2,22,9.4,27.9,5568,13749,7358,15308,2720,14392,11745,34.6,47.1,33.3,11000,65.4
"D'Youville  University","NY",190716,1,"Middle States Commission on Higher Education",3,4,"Private","Northeast","City",42.902636,-78.890868,84,24,1132,0,1372,56,15.4,5.6,7.9,14.9,22.1,NA,43808,31170,31170,20177,13881,8041,50.3,38,65.7,25000,74.7
"Daemen University","NY",190725,1,"Middle States Commission on Higher Education",3,4,"Private","Northeast","Suburb",42.965605,-78.788111,79.9,NA,NA,0,1682,76.3,9.9,5.3,4.2,4.2,6.8,NA,42126,32760,32760,14316,9444,7132,51.4,41.4,55,22091,75
"Yeshiva of Far Rockaway Derech Ayson Rabbinical Seminary","NY",190752,1,"Association of Advanced Rabbinical and Talmudic Schools",3,3,"Private","Northeast","City",40.60049,-73.743901,66.7,NA,NA,0,51,100,0,0,0,0,0,NA,22750,14500,14500,39219,45144,5367,NA,20,33.3,NA,0
"Dominican University New York","NY",190761,1,"Middle States Commission on Higher Education",3,4,"Private","Northeast","Suburb",41.047419,-73.950555,89,NA,1080,0,1079,26.4,14.5,40.1,5.8,13.2,5.3,NA,44338,32120,32120,19079,9123,8493,38,43.9,53.4,25000,63.4
"Elmira College","NY",190983,1,"Middle States Commission on Higher Education",3,4,"Private","Northeast","City",42.0961,-76.813459,96,NA,1220,0,603,72.8,4.3,6.1,2.2,14.6,2.8,NA,49138,37004,37004,17125,12533,4638,47.4,33.3,55.6,27000,66.7
"Five Towns College","NY",191205,1,"Middle States Commission on Higher Education",3,4,"Profit","Northeast","Suburb",40.794506,-73.369348,58.3,NA,NA,0,472,41.5,17.2,30.5,1.1,9.7,3.2,NA,36554,26245,26245,9920,7148,6246,13,46,40.2,21500,28.2
"Fordham University","NY",191241,1,"Middle States Commission on Higher Education",3,4,"Private","Northeast","City",40.859354,-73.882705,54.1,32,1411,0,9843,50.3,5.4,18.4,13.3,12.6,2.3,NA,74795,58467,58467,27450,17858,14949,100,20.5,83.4,24300,60.2
"Hamilton College","NY",191515,1,"Middle States Commission on Higher Education",3,3,"Private","Northeast","Suburb",43.050245,-75.408195,11.8,34,1500,0,2071,64.5,3.1,9.5,9,13.8,0,NA,77000,62670,62670,37795,28166,12129,79.3,18.2,92.4,17000,55.2
"Hartwick College","NY",191533,1,NA,3,4,"Private","Northeast","Town",42.457599,-75.071994,59.7,25,1112,0,1085,58.2,14.5,9.9,2.2,15.2,1.3,NA,64262,51309,51309,19773,13253,7710,100,35,52.7,27000,58.5
"Hilbert College","NY",191621,1,"Middle States Commission on Higher Education",3,4,"Private","Northeast","Suburb",42.75464,-78.820257,95.5,NA,NA,0,827,57.1,10.6,4.3,1,27,3.5,NA,34125,29900,29900,8857,6325,6079,32.7,46.2,57.5,24750,52.6
"Hobart William Smith Colleges","NY",191630,1,"New England Commission on Higher Education",3,4,"Private","Northeast","Town",42.858131,-76.985516,68.4,29,1339,0,1539,66.3,6.9,9.3,2.3,15.1,0.7,NA,78579,61725,61725,24008,20007,9539,100,23.2,73.7,27000,50.9
"Hofstra University","NY",191649,1,"Middle States Commission on Higher Education",3,4,"Private","Northeast","Suburb",40.715959,-73.60078,69.3,29,1285,0,6051,50.6,9,16.2,14,10.3,3.9,NA,65796,53330,53330,29073,18141,14202,43.2,23.1,67.8,23621,56.9
"Houghton University","NY",191676,1,"Middle States Commission on Higher Education",3,4,"Private","Northeast","Rural",42.426137,-78.155426,77,26,1200,0,745,73.6,7.1,1.3,2,16,4.7,NA,27969,16446,16446,13138,11031,6385,58.3,38.8,60.3,25250,63.2
"Iona University","NY",191931,1,"Middle States Commission on Higher Education",3,4,"Private","Northeast","Suburb",40.925725,-73.788046,96.4,26,1122,0,2633,49.8,9.8,28.3,2.3,9.9,1.2,NA,57113,44328,44328,20665,10730,10347,51.9,27.2,56.6,25999,52.3
"Ithaca College","NY",191968,1,"Middle States Commission on Higher Education",3,4,"Private","Northeast","Suburb",42.422154,-76.494136,75.2,NA,1308,0,4601,72.1,5.3,10.1,3.7,8.8,1.8,NA,65542,48276,48276,21588,13964,9290,75.2,19.5,74.3,24000,55
"Jewish Theological Seminary of America","NY",192040,1,"Middle States Commission on Higher Education",3,4,"Private","Northeast","City",40.811892,-73.960582,50.8,33,1512,0,149,83.9,0,5.4,0.7,10.1,2.7,NA,86964,68365,68365,4620,14606,12372,52.4,6.2,81,NA,59.1
"The Juilliard School","NY",192110,1,"Middle States Commission on Higher Education",3,4,"Private","Northeast","City",40.773725,-73.982913,10.6,NA,NA,0,476,33.2,6.9,8.8,12.8,38.2,0,NA,79572,52500,52500,19747,33528,11566,26.8,14.9,89.3,25500,47.9
"Kehilath Yakov Rabbinical Seminary","NY",192165,1,"Association of Advanced Rabbinical and Talmudic Schools",3,3,"Private","Northeast","Rural",41.220521,-73.814887,NA,NA,NA,0,187,100,0,0,0,0,0,NA,15825,11800,11800,698,2635,2210,NA,85.8,50,NA,0
"Keuka College","NY",192192,1,"Middle States Commission on Higher Education",3,4,"Private","Northeast","Town",42.615253,-77.090562,92.8,26,1042,0,983,80.2,5.3,5.9,0.8,7.8,6.7,NA,52574,36191,36191,15141,8088,6118,100,42.5,52.1,27000,74.9
"LIM College","NY",192271,1,"Middle States Commission on Higher Education",3,4,"Profit","Northeast","City",40.754991,-73.979413,83.8,NA,1067,0,1075,38.8,22.4,21.1,7.3,10.4,8.7,NA,50573,30610,30610,26909,7647,6674,8.6,36.8,51.8,24000,89.6
"Le Moyne College","NY",192323,1,"Middle States Commission on Higher Education",3,4,"Private","Northeast","Suburb",43.049192,-76.090435,78.3,27,1226,0,2459,72.6,7.4,8.8,4.5,6.7,11.2,NA,50504,37450,37450,15905,11789,9468,52.6,30.6,72.4,23000,61
"Long Island University","NY",192448,1,"Middle States Commission on Higher Education",3,4,"Private","Northeast","Suburb",40.820714,-73.593678,92.7,28,1219,0,5751,38.2,16,15.8,12.5,17.6,9.2,NA,53506,38868,38868,25714,12136,12569,40.3,20.2,47.6,23577,66.6
"Machzikei Hadath Rabbinical College","NY",192624,1,"Association of Advanced Rabbinical and Talmudic Schools",3,3,"Private","Northeast","City",40.627937,-73.988378,95,NA,NA,0,142,95.8,0,0,0,4.2,0,NA,22778,12300,12300,9542,5054,6009,NA,88.4,14.8,NA,0
"Manhattan College","NY",192703,1,"Middle States Commission on Higher Education",3,4,"Private","Northeast","City",40.889756,-73.901893,82.3,NA,1245,0,3066,46.2,6.4,28.6,4.6,14.2,4.8,NA,61165,48658,48658,22575,15420,11973,53.8,28.3,72,26000,41.9
"Manhattan School of Music","NY",192712,1,"Middle States Commission on Higher Education",3,4,"Private","Northeast","City",40.812312,-73.961334,55,NA,NA,0,503,35,6.2,10.9,7.8,40.2,0.2,NA,72477,52550,52550,28962,14729,8111,21,14.8,79.2,26994,49.7
"Manhattanville College","NY",192749,1,"Middle States Commission on Higher Education",3,4,"Private","Northeast","Suburb",41.032187,-73.715645,84.1,27,NA,0,1276,48.5,9.8,31.6,2.1,8,2.6,NA,52355,41210,41210,16532,10711,8740,36,27,60.7,25000,59.8
"Marist College","NY",192819,1,"Middle States Commission on Higher Education",3,4,"Private","Northeast","Suburb",41.720937,-73.935484,62.8,28,1288,0,5069,73.3,3.7,13.4,3.5,6.1,3.1,NA,62169,44560,44560,23893,13161,10156,43.2,14.8,81.3,25000,58.6
"Marymount Manhattan College","NY",192864,1,"Middle States Commission on Higher Education",3,3,"Private","Northeast","City",40.768787,-73.959767,72.1,25,1205,0,1568,51.7,10.3,22.7,2.9,12.4,11.1,NA,61863,38718,38718,21393,13052,8392,24.1,29.5,56.6,25750,82.1
"Medaille University","NY",192925,1,NA,3,4,"Private","Northeast","City",42.92856,-78.855941,68.8,NA,1050,0,1185,63.5,23.8,5,1.9,5.9,10.6,NA,40348,34000,34000,9847,5476,5400,27.6,50.1,35.5,23000,70.4
"Mercy University","NY",193016,1,"Middle States Commission on Higher Education",3,4,"Private","Northeast","Suburb",41.021626,-73.874447,85.9,25,1124,0,5510,16.5,24.9,46.5,4.8,7.3,13.6,NA,30568,21358,21358,16378,7990,9511,29,50,47.1,19637,70
"Mesivta Torah Vodaath Rabbinical Seminary","NY",193052,1,"Association of Advanced Rabbinical and Talmudic Schools",3,4,"Private","Northeast","City",40.6382,-73.969395,92.5,NA,NA,0,344,100,0,0,0,0,0,NA,21060,14000,14000,1692,3320,2700,48.3,38.8,28.6,NA,0
"Mesivtha Tifereth Jerusalem of America","NY",193070,1,"Association of Advanced Rabbinical and Talmudic Schools",3,4,"Private","Northeast","City",40.713812,-73.991271,61.9,NA,NA,0,52,100,0,0,0,0,0,NA,17250,12500,12500,22992,35570,2156,NA,54.5,10.5,NA,0
"Molloy College","NY",193292,1,"Middle States Commission on Higher Education",3,4,"Private","Northeast","Suburb",40.685941,-73.626183,76.6,29,1202,0,3207,50.8,10,24.7,9,5.5,18,NA,47058,36030,36030,23484,12875,11043,25.5,29.4,69.2,27000,71.4
"Monroe College","NY",193308,1,"Middle States Commission on Higher Education",3,4,"Profit","Northeast","City",40.864459,-73.900215,59.8,NA,NA,0,5434,3.4,42.4,39.3,2,13,34,NA,24603,17442,17442,11882,4481,6426,32.5,55.2,56.2,18818,66.1
"Mount Saint Mary College","NY",193353,1,"Middle States Commission on Higher Education",3,4,"Private","Northeast","City",41.513872,-74.012655,88.3,22,1130,0,1466,52.5,8.8,26,2.7,10,19.3,NA,48858,37940,37940,19462,9438,9428,38.7,30.2,61.2,26007,70.3
"University of Mount Saint Vincent","NY",193399,1,"Middle States Commission on Higher Education",3,4,"Private","Northeast","City",40.913657,-73.908887,88.9,20,1098,0,2233,39.5,13.9,33.1,5.3,8.2,6.5,NA,49939,40980,40980,14097,8298,9335,29.7,44.8,57.1,25000,77.2
"Nazareth University","NY",193584,1,"Middle States Commission on Higher Education",3,4,"Private","Northeast","Suburb",43.101576,-77.518579,83.9,NA,1240,0,1978,79.2,5.2,6.9,2.2,6.5,2.7,NA,54255,39310,39310,21421,13144,8158,38.6,25.1,68.9,26038,72.4
"The New School","NY",193654,1,"Middle States Commission on Higher Education",3,4,"Private","Northeast","City",40.735508,-73.997114,57.2,NA,NA,0,7136,33.4,3.8,10.4,11.2,41.3,6.6,NA,75533,54347,54347,34357,16259,12590,19,16.2,69.2,22266,76.9
"New York University","NY",193900,1,"Middle States Commission on Higher Education",3,4,"Private","Northeast","City",40.729452,-73.997264,12.5,34,1527,0,29136,21.8,7.8,16.6,20.2,33.6,3.2,NA,76563,58168,58168,42378,33254,16705,100,19,87.1,20500,59.1
"Niagara University","NY",193973,1,"Middle States Commission on Higher Education",3,4,"Private","Northeast","Suburb",43.137279,-79.036689,89.6,25,1143,0,2668,62.9,6.2,4.5,1.7,24.7,1.7,NA,48664,37180,37180,14030,8857,9671,100,27.4,72.2,25475,64.8
"New York Institute of Technology","NY",194091,1,"Middle States Commission on Higher Education",3,4,"Private","Northeast","Rural",40.812447,-73.6078,75.7,28,1263,0,3279,21.5,11.8,22.3,27.7,16.8,10,NA,51737,42000,42000,35409,18490,12849,31.3,43.6,54.6,23334,40.6
"Alliance University","NY",194161,1,NA,3,4,"Private","Northeast","City",40.705798,-74.015605,100,21,NA,0,761,7.9,33.4,33.1,4.3,21.3,24.7,NA,42665,27500,27500,11351,9550,7632,34.1,41.8,39.9,25641,59.3
"Ohr Hameir Theological Seminary","NY",194189,1,"Association of Advanced Rabbinical and Talmudic Schools",3,3,"Private","Northeast","Suburb",41.268725,-73.889793,100,NA,NA,0,101,95,0,0,0,4.9,0,NA,NA,12750,12750,18606,13584,4758,NA,56.5,33.3,NA,0
"Pace University","NY",194310,1,"Middle States Commission on Higher Education",3,4,"Private","Northeast","City",40.711014,-74.004719,82.9,26,1220,0,7766,47.7,9.9,21.4,7.7,13.2,4.1,NA,66074,50026,50026,22625,10765,12392,100,26.7,61.4,23250,66.7
"Paul Smiths College of Arts and Science","NY",194392,1,"Middle States Commission on Higher Education",3,4,"Private","Northeast","Rural",44.433965,-74.252675,84.9,NA,NA,0,668,81.4,4.6,0.6,0.9,12.4,2.1,NA,49639,32048,32048,22943,10930,5685,75.9,38.4,54.4,22750,36.1
"Davis College","NY",194569,1,"Middle States Commission on Higher Education",3,3,"Private","Northeast","Rural",43.730713,-73.812057,50,NA,NA,0,103,67,9.7,7.8,1,14.6,39.8,NA,22030,17200,17200,4558,1618,3556,NA,32.6,42.9,NA,35.9
"Pratt Institute-Main","NY",194578,1,"Middle States Commission on Higher Education",3,4,"Private","Northeast","City",40.691297,-73.96431,50.4,30,1317,0,3887,32.7,4.2,10.7,16.1,36.4,1.4,NA,72225,57599,57599,34665,17662,11558,14,17,76,26000,71.8
"Rabbinical Academy Mesivta Rabbi Chaim Berlin","NY",194657,1,"Association of Advanced Rabbinical and Talmudic Schools",3,4,"Private","Northeast","City",40.618347,-73.963615,95.6,NA,NA,0,135,100,0,0,0,0,0,NA,19450,10800,10800,1596,3948,7088,NA,17.4,23.7,NA,0
"Rabbinical College Bobover Yeshiva Bnei Zion","NY",194666,1,"Association of Advanced Rabbinical and Talmudic Schools",3,4,"Private","Northeast","City",40.631954,-73.985026,NA,NA,NA,0,431,100,0,0,0,0,0,NA,17889,9500,9500,9758,1574,3889,NA,83.4,87.8,NA,0
"Rabbinical Seminary Mkor Chaim","NJ",194718,1,"Association of Institutions of Jewish Studies",3,3,"Private","Northeast","Suburb",40.046838,-74.214817,100,NA,NA,0,62,100,0,0,0,0,0,NA,14250,8450,8450,18453,13320,1005,NA,72,NA,NA,0
"Rabbinical College of Long Island","NY",194736,1,"Association of Advanced Rabbinical and Talmudic Schools",3,3,"Private","Northeast","Suburb",40.586427,-73.670238,100,NA,NA,0,148,98.7,0,0,0,1.3,0,NA,18150,9400,9400,20128,18572,5742,100,36.9,19.5,NA,0
"Rabbinical Seminary of America","NY",194763,1,"Association of Advanced Rabbinical and Talmudic Schools",3,4,"Private","Northeast","City",40.72308,-73.817161,99,NA,NA,0,346,100,0,0,0,0,0,NA,19200,10000,10000,4301,5122,2890,93.8,14.6,36.4,NA,0
"Rensselaer Polytechnic Institute","NY",194824,1,"Middle States Commission on Higher Education",3,4,"Private","Northeast","City",42.729978,-73.676646,64.5,33,1457,0,5886,42.7,4.9,10.7,19.4,22.3,0.8,NA,77763,60074,60074,29306,17773,12854,85.5,18.3,83.8,23750,30.5
"Roberts Wesleyan University","NY",194958,1,"Middle States Commission on Higher Education",3,4,"Private","Northeast","Suburb",43.125755,-77.798498,99.5,26,1294,0,1033,66.6,13.8,9,1.8,8.7,13.6,NA,47996,36124,36124,15107,9330,6836,92,36.4,68.1,23750,67.9
"Rochester Institute of Technology","NY",195003,1,"Middle States Commission on Higher Education",3,4,"Private","Northeast","Suburb",43.084188,-77.67386,67.2,31,1370,0,13152,62,5.2,9.2,11.7,12,2.7,NA,68666,54518,54518,23750,19768,11041,68.6,26.6,72.3,26778,34.2
"University of Rochester","NY",195030,1,"Middle States Commission on Higher Education",3,4,"Private","Northeast","City",43.126397,-77.631202,38.9,33,1473,0,6569,40.2,4.6,7.9,16.2,31.1,2.6,NA,79490,61678,61678,27530,35167,13052,94.7,15.6,89.7,21000,52.7
"Russell Sage College","NY",195128,1,"Middle States Commission on Higher Education",3,4,"Private","Northeast","City",42.72822,-73.693711,73.6,NA,NA,0,1117,59.2,10.9,12.3,5.5,12.1,2.4,NA,48739,35351,35351,16899,8423,6525,88,43.4,68.8,22000,72.3
"St Bonaventure University","NY",195164,1,"Middle States Commission on Higher Education",3,4,"Private","Northeast","Town",42.080191,-78.481107,81.1,24,1165,0,1791,76.8,5,6.6,3.1,8.4,1.1,NA,53720,38770,38770,14751,8866,6955,58.2,25.2,73,26000,44.7
"St. Francis College","NY",195173,1,"Middle States Commission on Higher Education",3,4,"Private","Northeast","City",40.690233,-73.986559,84.3,24,NA,0,2245,20.5,24.8,27.8,3.3,23.6,5.2,NA,35647,27298,27298,12961,12516,6616,27.1,47.3,53.8,23250,62.1
"St Lawrence University","NY",195216,1,"Middle States Commission on Higher Education",3,4,"Private","Northeast","Town",44.589879,-75.161343,63.5,31,1333,0,2130,75.8,2.6,6.1,2,13.4,0.1,NA,77363,62020,62020,21773,18569,9999,84.3,22,83.4,27000,54
"The College of Saint Rose","NY",195234,1,NA,3,4,"Private","Northeast","City",42.664297,-73.786661,78,NA,1155,0,1420,52.5,14.4,4.7,3.9,24.5,3.5,NA,50555,36398,36398,9903,9457,8235,53.1,40.9,55.1,24749,66.3
"St. Thomas Aquinas College","NY",195243,1,"Middle States Commission on Higher Education",3,4,"Private","Northeast","Suburb",41.041576,-73.936799,88.6,29,1110,0,1016,50.4,17.4,16.9,2.5,12.8,3.6,NA,52230,36300,36300,13638,9992,9194,43,18.9,53.5,23198,47.3
"Sarah Lawrence College","NY",195304,1,"Middle States Commission on Higher Education",3,4,"Private","Northeast","Suburb",40.9355,-73.843727,49.9,31,1358,0,1417,59.7,4.4,10.7,4.9,20.3,1.1,NA,76703,61234,61234,28290,19542,10025,36.6,11.5,71.6,27000,79.5
"Sh'or Yoshuv Rabbinical College","NY",195438,1,"Association of Advanced Rabbinical and Talmudic Schools",3,4,"Private","Northeast","Suburb",40.605227,-73.740085,100,NA,NA,0,177,96,0,0,0,3.9,0,NA,NA,10600,10600,8269,14888,5463,97.1,3.2,50,NA,0
"Siena College","NY",195474,1,"Middle States Commission on Higher Education",3,4,"Private","Northeast","Suburb",42.717602,-73.7526,80.3,NA,1167,0,3480,76.1,3.8,8.6,4.3,7.3,1.6,NA,60794,41980,41980,17993,9856,9176,62.2,23.6,76.5,26561,55.3
"Skidmore College","NY",195526,1,"Middle States Commission on Higher Education",3,3,"Private","Northeast","Suburb",43.097035,-73.785335,25.5,31,1396,0,2744,63.3,4.4,10,5.5,16.8,0.9,NA,79250,62398,62398,35592,22868,10034,82.8,15.1,84.2,19500,58.6
"St. Joseph's University-New York","NY",195544,1,"Middle States Commission on Higher Education",3,4,"Private","Northeast","City",40.690418,-73.967664,76.7,26,1177,0,3531,56.1,8.6,21,3.6,10.6,9.4,NA,37394,32370,32370,16991,9929,9348,100,34.2,68.8,22000,68.2
"St. John Fisher University","NY",195720,1,"Middle States Commission on Higher Education",3,4,"Private","Northeast","Suburb",43.116259,-77.513056,73,26,1184,0,2616,80.8,5,6.6,3.9,3.7,2.9,NA,50348,37748,37748,20074,12383,9191,100,27.3,72,23250,58.6
"St. John's University-New York","NY",195809,1,"Middle States Commission on Higher Education",3,4,"Private","Northeast","City",40.722523,-73.796104,84.7,26,1218,0,10081,39.2,14.1,21.7,16.2,8.8,2.3,NA,58553,47830,47830,22086,12542,12559,44.9,23.5,69.2,25000,55
"SUNY College of Technology at Canton","NY",196015,1,"Middle States Commission on Higher Education",3,3,"Public","Northeast","Town",44.604096,-75.182906,94.9,20,NA,0,2758,67.3,10.9,10.3,2.5,8.9,15.3,14559,22789,8689,13119,4651,11125,7206,56.5,47.5,41.2,20000,56.7
"SUNY College of Technology at Delhi","NY",196024,1,"Middle States Commission on Higher Education",3,4,"Public","Northeast","Rural",42.269859,-74.924612,83.2,NA,NA,0,2459,58.8,15.2,17.7,2,6.2,17.8,17111,25581,8720,12490,4510,14317,6594,64.9,47.2,44.1,15180,52.7
"SUNY College of Agriculture and Technology at Cobleskill","NY",196033,1,"Middle States Commission on Higher Education",3,3,"Public","Northeast","Town",42.672534,-74.498258,84,19,1041,0,1774,69.7,10.1,12.3,1.9,5.9,6,17047,25912,8676,18586,4567,13697,6824,60.8,42.5,43.2,16023,57.2
"Farmingdale State College","NY",196042,1,"Middle States Commission on Higher Education",3,4,"Public","Northeast","Suburb",40.754224,-73.42832,73.2,24,1081,0,8915,44.2,10.3,27.5,11.8,6.2,18.3,8973,16521,8576,18486,5298,11303,8662,32.8,34.9,54.2,14718,40.4
"University at Albany","NY",196060,1,"Middle States Commission on Higher Education",3,4,"Public","Northeast","City",42.685489,-73.824662,67.9,26,1193,0,12175,41,21.8,18.6,9.3,9.2,5.3,17051,27368,10408,28248,6920,13723,10358,55.8,41,65.6,19500,54.3
"Binghamton University","NY",196079,1,"Middle States Commission on Higher Education",3,4,"Public","Northeast","Suburb",42.087868,-75.966889,41.8,32,1426,0,14398,55.2,4.7,13.1,17.2,9.7,2.2,21594,29143,10363,28203,8062,12410,10334,74.6,27,82.8,18500,52.6
"University at Buffalo","NY",196088,1,"Middle States Commission on Higher Education",3,4,"Public","Northeast","Suburb",43.000942,-78.789458,67.7,28,1288,0,20569,45.7,8.7,8.7,17.5,19.4,7.4,19592,27603,10782,28702,10069,15252,11168,64.3,32.1,73.5,19000,46.3
"Stony Brook University","NY",196097,1,"Middle States Commission on Higher Education",3,4,"Public","Northeast","Suburb",40.91476,-73.12046,49.1,31,1410,0,17406,27.5,6,14.9,34,17.6,6.3,17232,27617,10560,28480,10237,19322,13301,62.5,37.1,77.8,18228,50.8
"SUNY College of Environmental Science and Forestry","NY",196103,1,"Middle States Commission on Higher Education",3,4,"Public","Northeast","City",43.034765,-76.138724,69.5,NA,NA,0,1604,77.6,2.6,8.2,2.8,8.8,20.8,20059,28191,9266,20916,7398,24631,9219,72.2,24.7,71.5,11000,49.9
"SUNY Polytechnic Institute","NY",196112,1,"Middle States Commission on Higher Education",3,4,"Public","Northeast","Suburb",43.137701,-75.229841,81.7,27,NA,0,1852,68.5,7.8,10.6,8,5.1,8.1,12949,21692,8578,19338,5560,14041,10065,50.4,38.4,61.7,17250,29.6
"SUNY Brockport","NY",196121,1,"Middle States Commission on Higher Education",3,4,"Public","Northeast","Town",43.211926,-77.947188,67.9,26,1156,0,5107,69.5,11.9,8.8,2.6,7.2,11.6,16738,24052,8620,18530,5330,13595,7931,60.6,37.6,62.8,20000,59.6
"SUNY Buffalo State University","NY",196130,1,"Middle States Commission on Higher Education",3,4,"Public","Northeast","City",42.933832,-78.882125,86,NA,1065,0,5370,46.2,30.2,12.2,6.4,4.9,9.9,13972,22821,8486,18396,4251,13596,8348,52.4,53.3,36.4,21028,56.5
"State University of New York at Cortland","NY",196149,1,"Middle States Commission on Higher Education",3,4,"Public","Northeast","Town",42.598022,-76.188655,59.8,25,NA,0,5980,74.9,4.8,12.8,1.4,6.1,2,19535,25972,8815,18725,5554,10439,7071,56.2,28.3,68.7,21500,53.8
"SUNY at Fredonia","NY",196158,1,"Middle States Commission on Higher Education",3,4,"Public","Northeast","Town",42.452236,-79.337375,84.6,27,1166,0,3193,73.5,7.3,10.7,1.5,7.1,2.7,15526,24650,8767,18677,4313,13775,7604,55,39,60.4,24250,58.2
"SUNY College at Geneseo","NY",196167,1,"Middle States Commission on Higher Education",3,4,"Public","Northeast","Town",42.796645,-77.821894,74.9,28,1272,0,4078,81,3.7,6.7,3.4,5.2,3.3,18950,26453,8966,18876,4554,12292,8147,63.5,26,74.4,19500,64.7
"State University of New York at New Paltz","NY",196176,1,"Middle States Commission on Higher Education",3,4,"Public","Northeast","Town",41.740936,-74.082188,58.3,27,1254,0,5990,58.9,7,23.2,4.4,6.6,7.5,18358,26233,8524,18434,5525,12623,7751,51.3,33.7,73.2,18750,64.5
"SUNY Oneonta","NY",196185,1,"Middle States Commission on Higher Education",3,4,"Public","Northeast","Town",42.468861,-75.063632,72.5,NA,1184,0,4849,69.7,5,17.2,2,6.2,1.8,18757,26506,8775,18685,4821,10639,7288,58.8,33.2,74.9,19812,60.9
"State University of New York at Oswego","NY",196194,1,"Middle States Commission on Higher Education",3,4,"Public","Northeast","Town",43.454287,-76.540798,82.6,27,1174,0,5957,64.7,11.3,13.7,2.5,7.8,7,16281,26135,8769,18679,5318,12182,7540,63.6,39.6,64,20880,52.4
"SUNY College at Potsdam","NY",196200,1,"Middle States Commission on Higher Education",3,4,"Public","Northeast","Town",44.662148,-74.973815,82.7,NA,NA,0,2078,72.3,7.7,10.2,1.7,8.1,3.6,14964,24361,8712,18622,3505,17539,6867,73.1,44.6,49.8,24250,60.9
"SUNY at Purchase College","NY",196219,1,"Middle States Commission on Higher Education",3,4,"Public","Northeast","Suburb",41.047223,-73.701955,74.7,29,1281,0,3050,49,12.8,26.4,4,7.7,6.8,19598,28021,8953,18863,6180,16679,7681,43.3,35.3,66.9,21067,58.4
"SUNY Old Westbury","NY",196237,1,"Middle States Commission on Higher Education",3,4,"Public","Northeast","Suburb",40.799021,-73.571907,92.1,NA,1110,0,3800,25.3,25.7,31,12.1,5.8,13.4,11639,20857,8368,18278,4866,12011,9581,40.8,48,48.4,14997,58.7
"SUNY College at Plattsburgh","NY",196246,1,"Middle States Commission on Higher Education",3,4,"Public","Northeast","Town",44.69293,-73.466536,70.2,26,1160,0,3925,63.1,11.5,14,2.6,8.7,9.9,16598,26640,8881,18791,5100,12310,7474,60.5,37.8,64.8,21196,61.1
"SUNY Downstate Health Sciences University","NY",196255,1,"Middle States Commission on Higher Education",3,4,"Public","Northeast","City",40.653855,-73.945535,NA,NA,NA,0,282,36.2,19.1,13.1,21.6,9.9,7.1,NA,NA,NA,NA,24194,55843,11724,74.9,7.8,NA,12500,80.1
"Empire State University","NY",196264,1,"Middle States Commission on Higher Education",3,4,"Public","Northeast","Suburb",43.077283,-73.782484,NA,NA,NA,0,7027,50.4,15.8,15.6,2.9,15.3,54.2,9091,17645,7630,17540,6500,9246,7818,24.6,33.7,24.9,18730,66
"SUNY Maritime College","NY",196291,1,"Middle States Commission on Higher Education",3,4,"Public","Northeast","City",40.807217,-73.795309,80.3,26,1211,0,1291,67.5,5.4,15.3,4.5,7.4,7,21096,28019,8540,18450,9955,16345,8223,67.8,22.7,72.8,23250,13.3
"Upstate Medical University","NY",196307,1,"Middle States Commission on Higher Education",3,4,"Public","Northeast","City",43.041819,-76.140009,NA,NA,NA,0,157,70.7,8.3,5.1,5.7,10.2,18.5,NA,NA,NA,NA,24970,61081,6523,76.4,26.7,NA,15000,77.1
"Syracuse University","NY",196413,1,"Middle States Commission on Higher Education",3,4,"Private","Northeast","City",43.036644,-76.133989,51.7,30,1359,0,15071,54.6,7.1,11.1,7.2,20,3.1,NA,77494,60135,60135,29606,18527,12636,67.2,17.2,83.4,26000,54.4
"Talmudical Seminary Oholei Torah","NY",196431,1,"Association of Advanced Rabbinical and Talmudic Schools",3,3,"Private","Northeast","City",40.670089,-73.945759,78.3,NA,NA,0,347,91.1,0,0,0,8.9,0.6,NA,22617,11000,11000,9759,11870,5800,73.2,64.8,16.1,NA,0
"Talmudical Institute of Upstate New York","NY",196440,1,"Association of Advanced Rabbinical and Talmudic Schools",3,3,"Private","Northeast","City",43.147062,-77.574943,100,NA,NA,0,14,92.9,0,0,0,7.1,0,NA,14550,6150,6150,3819,8177,NA,NA,42.9,100,NA,0
"Torah Temimah Talmudical Seminary","NY",196583,1,"Association of Advanced Rabbinical and Talmudic Schools",3,3,"Private","Northeast","City",40.557785,-74.168769,64.3,NA,NA,0,67,95.5,0,0,0,4.5,0,NA,31100,11850,11850,7992,10068,7394,NA,74.4,NA,NA,0
"Touro University","NY",196592,1,"Middle States Commission on Higher Education",3,4,"Private","Northeast","City",40.757267,-73.980813,71.3,NA,1343,0,4005,57.5,13.5,10.6,2.6,15.7,25.8,NA,33946,21170,21170,25780,14276,9147,42.8,33.7,67.8,15547,69.2
"Excelsior University","NY",196680,1,"Middle States Commission on Higher Education",3,4,"Private","Northeast","City",42.705487,-73.862981,NA,NA,NA,1,13983,59,18.2,12.9,2.8,7.1,100,NA,NA,NA,NA,13221,2369,NA,NA,20.8,NA,13769,48.9
"Union College","NY",196866,1,"Middle States Commission on Higher Education",3,3,"Private","Northeast","City",42.818097,-73.928788,46.5,30,1396,0,2077,66.8,4.4,8.7,6.5,13.6,0,NA,78611,63954,63954,30781,26786,11930,91,13.1,84.6,25337,44.4
"United Talmudical Seminary","NY",197018,1,"Association of Advanced Rabbinical and Talmudic Schools",3,3,"Private","Northeast","City",40.705687,-73.959113,NA,NA,NA,0,2104,95.4,0,0.1,0,4.5,0,NA,24485,14133,14133,10432,5289,4127,57.5,86.3,58.9,NA,0
"United States Merchant Marine Academy","NY",197027,1,"Middle States Commission on Higher Education",3,4,"Public","Northeast","Suburb",40.81357,-73.763004,27.4,27,1217,0,931,78.3,1.7,6.3,4.7,8.9,0,6502,9380,1008,1008,0,12269,10903,77.5,7.8,77.2,8833,19.8
"United States Military Academy","NY",197036,1,"EXEMPT",3,3,"Public","Northeast","Town",41.388988,-73.956772,11.9,31,1355,0,4328,62,11.1,12.6,9.5,4.8,0,NA,NA,NA,NA,0,44202,11175,99.7,NA,87.7,NA,22.7
"Utica University","NY",197045,1,"Middle States Commission on Higher Education",3,4,"Private","Northeast","City",43.096213,-75.272916,80.9,NA,1192,0,2526,67.3,9.5,8.9,4,10.3,15.3,NA,36222,24308,24308,14154,9024,8336,44.9,29.7,58,22500,57.8
"Vassar College","NY",197133,1,"Middle States Commission on Higher Education",3,3,"Private","Northeast","Suburb",41.686895,-73.895088,18.7,33,1487,0,2430,54.1,3.9,12.1,12.1,17.8,0.4,NA,80784,64800,64800,42879,33814,12502,83.2,20.8,92,18625,61.5
"Villa Maria College","NY",197142,1,"Middle States Commission on Higher Education",3,3,"Private","Northeast","City",42.91223,-78.796823,78.2,NA,895,0,455,45.1,32.1,9.9,3.5,9.4,11.4,NA,32007,27130,27130,15837,7260,4229,42,64.8,30.3,21250,50.8
"School of Visual Arts","NY",197151,1,"Middle States Commission on Higher Education",3,4,"Profit","Northeast","City",40.738809,-73.982359,87.4,26,1298,0,3518,15.7,3.1,8.6,15.8,56.9,1.7,NA,72488,46800,46800,40916,14524,5357,22.8,15.5,73.8,27000,74.2
"Wagner College","NY",197197,1,"Middle States Commission on Higher Education",3,4,"Private","Northeast","City",40.615588,-74.092913,68.5,NA,1202,0,1638,57.6,6.5,16.6,4.6,14.7,4.3,NA,62075,51260,51260,25703,11845,7238,98.4,21.1,61.7,25000,62.8
"Webb Institute","NY",197221,1,"Middle States Commission on Higher Education",3,3,"Private","Northeast","Suburb",40.884444,-73.644909,20.8,33,1453,0,102,74.5,0,8.8,4.9,11.8,0,NA,76035,58150,58150,309,29252,10820,58.8,9.5,89.3,NA,25.5
"Wells College","NY",197230,1,NA,3,3,"Private","Northeast","Rural",42.742943,-76.696028,87.7,NA,NA,0,349,47,8.3,13.8,2,28.9,0.9,NA,48783,33862,33862,11437,13037,8212,66.7,48.2,50.8,26000,55.9
"Yeshiva Karlin Stolin","NY",197601,1,"Association of Advanced Rabbinical and Talmudic Schools",3,4,"Private","Northeast","City",40.624918,-73.983373,NA,NA,NA,0,122,100,0,0,0,0,0,NA,16913,12500,12500,9359,6901,4443,NA,80.2,40,NA,0
"Yeshiva Derech Chaim","NY",197647,1,"Association of Advanced Rabbinical and Talmudic Schools",3,3,"Private","Northeast","City",40.636889,-73.979757,64.4,NA,NA,0,111,93.7,0,0,0,6.3,0,NA,20900,12700,12700,5231,11537,6442,53.6,43.2,NA,NA,0
"Yeshiva of Nitra Rabbinical College","NY",197674,1,"Association of Advanced Rabbinical and Talmudic Schools",3,4,"Private","Northeast","Rural",41.353674,-74.255911,NA,NA,NA,0,214,100,0,0,0,0,0,NA,23550,12750,12750,11060,10819,2672,81.2,69.3,17.2,NA,0
"Yeshivath Shaar Hatorah","NY",197692,1,"Association of Advanced Rabbinical and Talmudic Schools",3,3,"Private","Northeast","City",40.704048,-73.835009,75.6,NA,NA,0,71,100,0,0,0,0,0,NA,20480,18950,18950,22618,19442,8333,NA,8.8,56,NA,0
"Yeshiva University","NY",197708,1,"Middle States Commission on Higher Education",3,4,"Private","Northeast","City",40.850605,-73.929873,63.2,NA,1405,0,2820,63.6,0.1,2.1,0.1,34,0.9,NA,66643,48800,48800,24478,19677,13071,99.5,12.8,84.6,18250,45.5
"Yeshivath Viznitz","NY",197735,1,"Association of Advanced Rabbinical and Talmudic Schools",3,3,"Private","Northeast","Suburb",41.114682,-74.070243,89.1,NA,NA,0,778,97.7,0,0,0,2.3,0,NA,16096,9440,9440,6708,2889,3012,55.3,77.8,73.6,NA,0
"Appalachian State University","NC",197869,1,"Southern Association of Colleges and Schools Commission on Colleges",3,4,"Public","Southeast","Town",36.215536,-81.680583,83.1,27,1187,0,18467,81.1,3.2,8.2,1.7,5.8,6.2,14765,20735,7450,23454,7056,7929,8881,76.6,27.1,75.2,20231,56.4
"Barton College","NC",197911,1,"Southern Association of Colleges and Schools Commission on Colleges",3,4,"Private","Southeast","Town",35.734376,-77.913867,94.6,20,NA,0,1057,56.8,24.1,11.3,0.5,7.4,3,NA,46781,34400,34400,14664,7731,6435,98.4,39.6,47.5,25877,49.3
"Belmont Abbey College","NC",197984,1,"Southern Association of Colleges and Schools Commission on Colleges",3,3,"Private","Southeast","Suburb",35.260651,-81.041315,97.2,22,1068,0,1413,65.2,9.9,5.8,1.5,17.6,4.9,NA,32424,18500,18500,10240,6553,6144,64.2,26.6,46.9,26000,46.1
"Bennett College","NC",197993,1,"Transnational Association of Christian Colleges and Schools",3,3,"Private","Southeast","City",36.067531,-79.77998,44.6,NA,NA,0,168,0,55.4,1.8,0,42.9,5.9,NA,35872,18550,18550,1308,22669,5780,43.8,74.9,19.3,28130,100
"Brevard College","NC",198066,1,"Southern Association of Colleges and Schools Commission on Colleges",3,3,"Private","Southeast","Town",35.236763,-82.729494,39.9,NA,1077,0,731,65.2,12.2,7.4,1.1,14.1,1.8,NA,44388,30250,30250,12435,6448,5440,100,39.6,35.8,25000,37.6
"Campbell University","NC",198136,1,"Southern Association of Colleges and Schools Commission on Colleges",3,4,"Private","Southeast","Town",35.409149,-78.738238,88.6,22,NA,0,2933,59.2,15.1,11.4,2.2,12,16,NA,56823,39230,39230,16431,12547,9107,47,33.6,55.6,22500,52.3
"Catawba College","NC",198215,1,"Southern Association of Colleges and Schools Commission on Colleges",3,4,"Private","Southeast","Suburb",35.691443,-80.482751,67.1,22,1124,0,1076,54.3,19.8,9.8,0.7,15.4,7.1,NA,46573,32868,32868,22331,12332,7919,82.9,39.2,56.2,25000,52
"Chowan University","NC",198303,1,"Southern Association of Colleges and Schools Commission on Colleges",3,4,"Private","Southeast","Rural",36.436258,-77.099141,86.7,18,1052,0,800,19.6,52.6,3.6,0.2,23.9,4.8,NA,37910,25880,25880,9210,6516,7225,100,68.5,25.5,29491,40.2
"Davidson College","NC",198385,1,"Southern Association of Colleges and Schools Commission on Colleges",3,3,"Private","Southeast","Suburb",35.499767,-80.843979,17,NA,1435,0,1922,62.1,6.4,9.7,5.3,16.5,0,NA,73200,57340,57340,24321,20863,11975,96.5,15.4,91.6,18688,53.3
"Duke University","NC",198419,1,"Southern Association of Colleges and Schools Commission on Colleges",3,4,"Private","Southeast","City",36.001135,-78.937624,6.3,34,1554,0,6570,37,8.6,11,21.2,22.2,0.4,NA,81138,62688,62688,38644,79198,17902,93.5,12.2,96.6,13000,52.4
"East Carolina University","NC",198464,1,"Southern Association of Colleges and Schools Commission on Colleges",3,4,"Public","Southeast","City",35.607186,-77.368291,92.3,NA,NA,0,20385,64.2,16,9.3,2.6,7.9,13.7,16703,23104,7325,23602,7645,12479,9009,75.6,31.7,65.1,22750,57.2
"Elizabeth City State University","NC",198507,1,"Southern Association of Colleges and Schools Commission on Colleges",3,4,"Public","Southeast","Town",36.277978,-76.214041,74.2,17,1003,0,1912,16.1,70.6,4.5,0.3,8.6,11,3959,13312,3356,7356,3497,9706,8140,73.1,56,42.1,21463,56.7
"Elon University","NC",198516,1,"Southern Association of Colleges and Schools Commission on Colleges",3,4,"Private","Southeast","Suburb",36.104148,-79.50344,74.5,NA,1278,0,6337,79,5.7,6.4,2.3,6.5,3,NA,55329,42241,42241,31409,17081,9554,81.1,9.4,83.3,20500,59.5
"Fayetteville State University","NC",198543,1,"Southern Association of Colleges and Schools Commission on Colleges",3,4,"Public","Southeast","City",35.073641,-78.891696,81.2,17,915,0,5218,17,62.5,9,1.1,10.4,25.9,6319,16342,3906,7906,3328,8027,8564,71.1,50.7,43.6,22987,70.5
"Gardner-Webb University","NC",198561,1,"Southern Association of Colleges and Schools Commission on Colleges",3,4,"Private","Southeast","Rural",35.24732,-81.668141,75,21,1114,0,1811,53.6,17.2,4.3,0.9,24,16.3,NA,46349,32200,32200,12294,8241,7128,97.7,39.7,52.5,24222,64.4
"Greensboro College","NC",198598,1,"Southern Association of Colleges and Schools Commission on Colleges",3,4,"Private","Southeast","City",36.071082,-79.800232,84.3,NA,NA,0,619,46,31.7,8.7,0.5,13.1,3.2,NA,33504,19620,19620,11460,10042,5991,100,42.6,40.2,25607,37.8
"Guilford College","NC",198613,1,"Southern Association of Colleges and Schools Commission on Colleges",3,4,"Private","Southeast","City",36.094233,-79.887737,83.5,20,1079,0,1022,43.9,30.4,16,2.4,7.2,2.2,NA,54954,41140,41140,11989,9044,6898,54.7,39.9,49.4,26000,49.5
"Heritage Bible College","NC",198677,1,"Transnational Association of Christian Colleges and Schools",3,3,"Private","Southeast","Rural",35.307368,-78.664393,NA,NA,NA,1,26,46.2,50,3.9,0,0,34.6,NA,NA,8328,8328,10533,4404,1550,NA,75,NA,NA,50
"High Point University","NC",198695,1,"Southern Association of Colleges and Schools Commission on Colleges",3,4,"Private","Southeast","City",35.972035,-79.994675,78.9,26,1220,0,4965,76.8,6.6,7.6,2,7.1,0.8,NA,58699,41916,41916,24186,10192,8460,99.7,11.5,68.2,24575,55.2
"Johnson C Smith University","NC",198756,1,"Southern Association of Colleges and Schools Commission on Colleges",3,4,"Private","Southeast","City",35.243033,-80.857251,25.3,NA,NA,0,1041,0.7,76.7,0.8,0.3,21.6,5.4,NA,33121,19504,19504,11622,9741,6762,54.7,71.3,42.9,30000,54
"Lees-McRae College","NC",198808,1,"Southern Association of Colleges and Schools Commission on Colleges",3,4,"Private","Southeast","Rural",36.162477,-81.873371,61.3,23,NA,0,854,74.1,6.9,7,1.3,10.6,3.9,NA,42325,28840,28840,9081,7463,5320,53.4,41.3,46.2,17375,65.1
"Lenoir-Rhyne University","NC",198835,1,"Southern Association of Colleges and Schools Commission on Colleges",3,4,"Private","Southeast","City",35.739968,-81.327598,82.9,NA,NA,0,1393,62.4,15,3.9,2.1,16.6,5.6,NA,55228,43000,43000,14470,8708,7500,99.3,38.1,51.3,26000,56.4
"Livingstone College","NC",198862,1,"Southern Association of Colleges and Schools Commission on Colleges",3,3,"Private","Southeast","Suburb",35.670877,-80.483956,63.8,14,887,0,839,1.7,89.8,0.4,0.1,8.1,3,NA,28236,18296,18296,11541,9339,5812,82.9,83.3,25.5,31125,40.8
"Mars Hill University","NC",198899,1,"Southern Association of Colleges and Schools Commission on Colleges",3,4,"Private","Southeast","Rural",35.82752,-82.551827,74.2,NA,NA,0,980,63.9,17.4,9.3,0.8,8.6,6.8,NA,46975,36557,36557,11703,14775,5696,100,46.9,41,26000,48.8
"Meredith College","NC",198950,1,"Southern Association of Colleges and Schools Commission on Colleges",3,4,"Private","Southeast","City",35.799351,-78.689995,73.2,26,1220,0,1294,64.6,9.3,13.1,5,8,2.9,NA,52815,42540,42540,17554,11872,7479,99.4,35,67.8,25000,100
"Methodist University","NC",198969,1,"Southern Association of Colleges and Schools Commission on Colleges",3,4,"Private","Southeast","City",35.135058,-78.874426,75.7,24,1183,0,1442,47.9,23.2,8.3,1,19.6,10.8,NA,53462,38138,38138,19285,11140,7605,48.3,38.6,40.8,27000,45.4
"Montreat College","NC",199032,1,"Southern Association of Colleges and Schools Commission on Colleges",3,4,"Private","Southeast","Suburb",35.646577,-82.2976,68.1,25,NA,0,816,54.3,10.4,3.4,1,30.9,13.4,NA,42969,30525,30525,12118,6768,6124,27.4,41.9,41.7,25813,46.3
"University of Mount Olive","NC",199069,1,"Southern Association of Colleges and Schools Commission on Colleges",3,4,"Private","Southeast","Rural",35.208166,-78.069388,74.6,19,NA,0,1784,53,24.7,10.2,0.5,11.6,34.1,NA,34024,23591,23591,11069,4177,6680,100,42.9,48.7,27209,64.9
"North Carolina A & T State University","NC",199102,1,"Southern Association of Colleges and Schools Commission on Colleges",3,4,"Public","Southeast","City",36.07282,-79.773375,56.4,19,1050,0,11553,3.4,85.1,4.5,0.5,6.5,9.4,10582,18518,6733,20243,6679,7491,8834,60.2,51.8,56.7,27000,62.8
"University of North Carolina Asheville","NC",199111,1,"Southern Association of Colleges and Schools Commission on Colleges",3,3,"Public","Southeast","City",35.617068,-82.565392,74.3,26,1210,0,2803,74.7,4.7,8.5,1.8,10.3,10.1,13637,21030,7380,24728,6423,9394,8529,74.4,33.8,58.7,20500,57.6
"University of North Carolina at Chapel Hill","NC",199120,1,"Southern Association of Colleges and Schools Commission on Colleges",3,4,"Public","Southeast","City",35.911769,-79.050969,17.1,25,1449,0,19921,54.9,8.3,9.6,13.9,13.3,3.8,12414,24711,8989,37550,15519,28075,13829,69.2,21.2,91.3,14000,60.4
"University of North Carolina at Charlotte","NC",199139,1,"Southern Association of Colleges and Schools Commission on Colleges",3,4,"Public","Southeast","City",35.306022,-80.730919,79.6,24,1162,0,23063,51.2,16.3,13.6,9.7,9.2,13.3,15018,21908,7214,21338,8762,10002,10762,71.3,35.1,70,21500,48.1
"University of North Carolina at Greensboro","NC",199148,1,"Southern Association of Colleges and Schools Commission on Colleges",3,4,"Public","Southeast","City",36.068236,-79.809414,91.9,24,1190,0,13862,40.5,29.8,15.7,5.8,8.2,16.8,10907,19229,7498,22657,5876,9932,9063,74.6,47.9,58,22858,66.5
"North Carolina Central University","NC",199157,1,"Southern Association of Colleges and Schools Commission on Colleges",3,4,"Public","Southeast","City",35.974237,-78.898602,84.4,18,976,0,5101,4.2,82.4,5.3,0.9,7.1,12.2,14014,24744,6599,19635,5521,13764,8974,70.7,57.2,44.2,28250,70
"University of North Carolina School of the Arts","NC",199184,1,"Southern Association of Colleges and Schools Commission on Colleges",3,4,"Public","Southeast","City",36.076183,-80.235672,31.8,25,1256,0,915,62,9.8,13.8,2.6,11.8,2.3,13211,23784,9388,26622,15925,22499,8190,74.3,25.2,81.7,23870,60.8
"North Carolina State University at Raleigh","NC",199193,1,"Southern Association of Colleges and Schools Commission on Colleges",3,4,"Public","Southeast","City",35.785111,-78.674517,47.2,30,1370,0,25109,67.5,5.9,8.1,9.2,9.3,5.8,16563,24852,9128,30869,11086,16052,11987,87.3,18.9,84.6,20121,49.5
"North Carolina Wesleyan University","NC",199209,1,"Southern Association of Colleges and Schools Commission on Colleges",3,4,"Private","Southeast","City",36.019665,-77.773982,68.4,18,NA,0,1204,26.9,39.8,2.8,0.3,30.2,13.8,NA,47109,34352,34352,10517,5980,6196,34.4,44.8,38.4,25000,49.6
"University of North Carolina Wilmington","NC",199218,1,"Southern Association of Colleges and Schools Commission on Colleges",3,4,"Public","Southeast","City",34.225223,-77.875527,68.8,26,1266,0,13960,78.7,4.4,8.3,1.9,6.7,16.1,19442,25332,7238,21858,7854,9500,9332,71,25.1,74.3,19500,64.6
"William Peace University","NC",199272,1,"Southern Association of Colleges and Schools Commission on Colleges",3,3,"Private","Southeast","City",35.789139,-78.637697,63.2,24,1133,0,640,54.1,24.2,12.8,2,6.9,10.2,NA,48188,33050,33050,14302,5526,6133,41.7,35.9,42.9,22250,47.2
"University of North Carolina at Pembroke","NC",199281,1,"Southern Association of Colleges and Schools Commission on Colleges",3,4,"Public","Southeast","Town",34.688313,-79.200347,89.7,19,NA,0,5544,36.7,28,10.6,0.9,23.8,23.9,8421,15183,3495,7495,3417,6492,8189,75.1,47.8,45.2,25000,62.1
"Pfeiffer University","NC",199306,1,"Southern Association of Colleges and Schools Commission on Colleges",3,4,"Private","Southeast","Rural",35.484696,-80.283168,69,22,1050,0,683,57.4,21.5,11.6,0.1,9.4,3.8,NA,46678,33290,33290,12965,12307,7391,58.1,53.6,34.6,26163,52.9
"Queens University of Charlotte","NC",199412,1,"Southern Association of Colleges and Schools Commission on Colleges",3,4,"Private","Southeast","City",35.189051,-80.833509,71.3,24,1193,0,1301,52.4,13.5,13.8,3.5,16.8,5.1,NA,54425,40830,40830,15019,10086,8435,47.1,23.3,68.6,25000,64.3
"Mid-Atlantic Christian University","NC",199458,1,"Southern Association of Colleges and Schools Commission on Colleges",3,3,"Private","Southeast","Town",36.303812,-76.216483,63.3,18,NA,0,125,57.6,20.8,8.8,0.8,12,2.4,NA,31575,17040,17040,9267,9024,4960,41.2,53.8,43.5,27000,29.6
"Saint Augustine's University","NC",199582,1,"Southern Association of Colleges and Schools Commission on Colleges",3,3,"Private","Southeast","City",35.785468,-78.621301,58.9,NA,NA,0,937,1.5,95.4,0.3,0.4,2.4,19.2,NA,31041,16896,16896,1331,1674,6690,49.3,60.8,20.3,29669,48.9
"Salem College","NC",199607,1,"Southern Association of Colleges and Schools Commission on Colleges",3,4,"Private","Southeast","City",36.086271,-80.241297,87.5,19,NA,0,331,50.8,15.7,19.6,1.8,12.1,15.7,NA,44380,31016,31016,10843,11115,5779,48.8,50.9,61.8,26649,98.8
"Shaw University","NC",199643,1,"Southern Association of Colleges and Schools Commission on Colleges",3,4,"Private","Southeast","City",35.771181,-78.637693,61,NA,NA,0,918,3.2,64.9,0.8,1.3,29.8,9.8,NA,29754,16480,16480,16542,8329,5153,51.6,55.8,13.8,32500,53.2
"St. Andrews University","NC",199698,0,"Southern Association of Colleges and Schools Commission on Colleges",3,4,"Private","Southeast","Town",34.74563,-79.478567,64.8,NA,NA,0,780,27.6,17.6,9.7,1.7,43.5,12.7,NA,48850,29600,29600,15871,6549,4895,60.6,50.9,27.7,25250,56.3
"Southeastern Baptist Theological Seminary","NC",199759,1,"Southern Association of Colleges and Schools Commission on Colleges",3,4,"Private","Southeast","Suburb",35.981858,-78.513755,80,NA,1111,0,458,78,7,5.7,1.8,7.6,42.6,NA,20940,10234,10234,7261,4633,8221,62.5,13.9,55.6,NA,34.3
"Wake Forest University","NC",199847,1,"Southern Association of Colleges and Schools Commission on Colleges",3,4,"Private","Southeast","City",36.133609,-80.277446,21.4,NA,NA,0,5446,65.9,6.2,8.8,4.2,14.8,1.1,NA,79776,62128,62128,37779,34037,12170,70.2,8.7,89.6,21500,55.1
"Warren Wilson College","NC",199865,1,"Southern Association of Colleges and Schools Commission on Colleges",3,4,"Private","Southeast","Rural",35.610328,-82.442619,84,27,1320,0,697,77.2,5,7.9,1,8.9,0.3,NA,54106,38450,38450,13000,11127,5563,63.9,35.3,44.9,25000,65.4
"Watts College of Nursing","NC",199883,1,"Accrediting Bureau of Health Education Schools",3,3,"Private","Southeast","City",36.027649,-78.9413,NA,NA,NA,0,163,56.4,25.1,3.7,5.5,9.2,0,NA,NA,NA,NA,25093,19570,7040,100,25.7,NA,NA,88.3
"Wingate University","NC",199962,1,"Southern Association of Colleges and Schools Commission on Colleges",3,4,"Private","Southeast","Suburb",34.986064,-80.44305,86.2,NA,1084,0,2509,44.2,23.5,8.4,1.9,22,2.2,NA,55125,40806,40806,14129,9460,8384,100,41.7,57.3,25000,59.1
"Carolina Christian College","NC",199971,1,"Association for Biblical Higher Education",3,3,"Private","Southeast","City",36.146168,-80.256252,NA,NA,NA,0,47,0,93.6,2.1,0,4.2,0,NA,18148,8930,8930,9891,2848,2361,NA,100,NA,NA,34
"Winston-Salem State University","NC",199999,1,"Southern Association of Colleges and Schools Commission on Colleges",3,4,"Public","Southeast","City",36.089554,-80.225033,73.4,17,921,0,4449,6.2,81.1,4.4,0.9,7.4,12.4,14618,22372,6276,16932,4804,8861,8647,64.6,61.6,49.6,25000,75.8
"Western Carolina University","NC",200004,1,"Southern Association of Colleges and Schools Commission on Colleges",3,4,"Public","Southeast","Town",35.308979,-83.186258,84.8,22,1127,0,9809,77,6.2,8,1.3,7.6,18.7,13801,18731,4453,8453,3950,8109,8444,73.1,33.5,60.6,21868,56.7
"Dickinson State University","ND",200059,1,"Higher Learning Commission",3,4,"Public","Midwest","Town",46.882917,-102.799679,72,19,1018,0,1148,77.2,3.3,7.3,1,11.1,15.4,15112,20098,9118,11218,6515,8721,7113,47.8,23.3,44.4,18442,55.4
"University of Jamestown","ND",200156,1,"Higher Learning Commission",3,4,"Private","Midwest","Town",46.914302,-98.698416,92,21,NA,0,968,72.5,3.6,9.4,1.1,13.3,3.1,NA,35968,24200,24200,8835,8746,6963,100,25.8,48.9,27000,43.8
"University of Mary","ND",200217,1,"Higher Learning Commission",3,4,"Private","Midwest","Rural",46.723767,-100.75274,81.4,NA,1195,0,2149,79.2,2.4,0,1.5,16.9,15.1,NA,31705,21062,21062,17727,8112,8230,61.4,17.8,63.7,24000,58.6
"Mayville State University","ND",200226,1,"Higher Learning Commission",3,4,"Public","Midwest","Rural",47.505415,-97.322554,71.2,20,NA,0,767,78.5,4.7,5.2,0.3,11.3,23.5,14298,19966,7873,11131,6636,7674,6285,100,26.1,34.6,18585,61.8
"Minot State University","ND",200253,1,"Higher Learning Commission",3,4,"Public","Midwest","City",48.246961,-101.29861,93.2,20,1025,0,2168,66.3,4,8.5,1.6,19.7,18.5,12121,17273,8508,8508,6467,8194,6942,63,23.1,44.9,19609,64.2
"University of North Dakota","ND",200280,1,"Higher Learning Commission",3,4,"Public","Midwest","City",47.921654,-97.071738,83.3,23,NA,0,9066,79,2.4,5.3,2.2,11,22.9,17681,23680,10951,15570,16130,16899,9252,91.3,16.9,63.1,22057,44.6
"North Dakota State University-Main Campus","ND",200332,1,"Higher Learning Commission",3,4,"Public","Midwest","City",46.893127,-96.800838,95.7,23,1120,0,9795,86.4,3.1,3.1,1.4,6,9.1,16875,22936,10992,15646,10764,11667,9679,97.6,19,63.2,23199,50.9
"Trinity Bible College and Graduate School","ND",200484,1,"Association for Biblical Higher Education",3,4,"Private","Midwest","Rural",46.001037,-98.517906,44.4,NA,1050,0,162,74.7,6.2,3.7,3.1,12.3,13,NA,28135,18216,18216,10865,10761,4336,100,51.2,40.7,22531,52.5
"Valley City State University","ND",200572,1,"Higher Learning Commission",3,4,"Public","Midwest","Town",46.918517,-98.00389,83.4,20,1022,0,914,80.5,2.8,6.8,0.7,9.2,20.6,11672,19362,8458,13422,5864,11386,6226,55.9,18.2,47.5,20369,53.4
"University of Akron Main Campus","OH",200800,1,"Higher Learning Commission",3,4,"Public","Midwest","City",41.075923,-81.511167,82.9,NA,1114,0,10099,71.6,12.3,3.7,4.1,8.3,15.7,14222,23479,12427,15500,8645,9655,10352,45.4,29.5,47.7,23250,47.5
"Allegheny Wesleyan College","OH",200873,1,"Association for Biblical Higher Education",3,3,"Private","Midwest","Rural",40.86722,-80.861232,NA,NA,NA,0,77,92.2,2.6,0,0,5.2,31.2,NA,14433,6800,6800,2778,0,2322,20,61,40,NA,42.9
"Art Academy of Cincinnati","OH",201061,1,"Higher Learning Commission",3,3,"Private","Midwest","City",39.108805,-84.513913,100,NA,NA,0,259,62.5,21.2,3.9,1.9,10.4,3.1,NA,45274,37394,37394,19204,3542,5441,22,50.4,49.1,27000,74.1
"Ashland University","OH",201104,1,"Higher Learning Commission",3,4,"Private","Midwest","Town",40.861755,-82.321061,71.8,23,1151,0,2332,77.2,8.7,3.2,1.1,9.8,19.2,NA,36822,24140,24140,17373,10560,7426,37.2,26.2,60.2,25000,55.9
"Baldwin Wallace University","OH",201195,1,"Higher Learning Commission",3,4,"Private","Midwest","Suburb",41.373017,-81.851145,77,24,1161,0,2708,77.8,6.9,6.9,2.1,6.2,3.7,NA,53687,36850,36850,14241,14288,8636,46.3,29.2,65.2,27000,55.5
"Bluffton University","OH",201371,1,"Higher Learning Commission",3,4,"Private","Midwest","Rural",40.895606,-83.899439,96.3,NA,980,0,649,72.7,13.4,2.8,0.5,10.6,1.7,NA,49458,35516,35516,8720,8315,6225,49,39.8,45.7,27000,46.7
"Bowling Green State University-Main Campus","OH",201441,1,"Higher Learning Commission",3,4,"Public","Midwest","Town",41.375513,-83.640896,78.7,23,1116,0,12223,80.1,6.7,4.9,1.2,7.1,5.9,20879,27721,13639,22212,10336,10505,9977,69.7,22.8,61.4,25000,56.7
"Capital University","OH",201548,1,"Higher Learning Commission",3,4,"Private","Midwest","Suburb",39.954875,-82.937867,72.2,23,1092,0,1905,69.9,11.6,6,2.6,9.9,1.8,NA,53060,40350,40350,15678,11268,8497,31.4,27.1,61.1,26889,59.6
"Case Western Reserve University","OH",201645,1,"Higher Learning Commission",3,4,"Private","Midwest","City",41.507419,-81.609596,27.4,34,1487,0,5927,36.2,6.5,11.6,25.3,20.4,0.8,NA,73706,61584,61584,29313,32311,12562,76,16.2,85.8,24000,47.9
"Cedarville University","OH",201654,1,"Higher Learning Commission",3,4,"Private","Midwest","Rural",39.749237,-83.814692,64.9,26,1250,0,3851,86.6,1.4,3,3.2,6,1.6,NA,45051,34698,34698,17093,9861,8206,65.3,16.6,75,20937,54.5
"Central State University","OH",201690,1,"Higher Learning Commission",3,3,"Public","Midwest","Rural",39.715787,-83.880186,88.8,16,NA,0,5395,26.1,33.1,12,2.3,26.5,42.3,12557,19757,7596,9596,2761,3070,7521,100,49.3,25.4,30739,70.2
"The Christ College of Nursing and Health Sciences","OH",201821,1,"Higher Learning Commission",3,3,"Private","Midwest","City",39.121821,-84.509564,71,20,1018,0,860,74,14.9,2.9,3.3,5,23.1,NA,27952,16472,16472,17850,6969,6921,58.1,33.1,53.4,24250,91.9
"Cincinnati College of Mortuary Science","OH",201867,1,"Higher Learning Commission",3,3,"Private","Midwest","Suburb",39.206578,-84.505604,NA,NA,NA,0,101,85.2,8.9,3,0,3,0,NA,NA,NA,NA,14103,5203,5639,NA,36.6,NA,15000,84.2
"University of Cincinnati-Main Campus","OH",201885,1,"Higher Learning Commission",3,4,"Public","Midwest","City",39.131159,-84.51428,86.2,27,1252,0,27880,71.4,7.6,4.2,5.3,11.5,10.8,21804,27473,13176,28540,13355,11865,10898,58.3,17.9,72,21250,50.2
"Ohio Christian University","OH",201964,1,"Higher Learning Commission",3,4,"Private","Midwest","Rural",39.613155,-82.904885,NA,NA,NA,0,929,63.7,20.6,4.4,1.2,10.1,29.9,NA,33152,23050,23050,16904,7058,2112,100,39.3,32.2,29579,57.4
"Cleveland Institute of Art","OH",202046,1,"Higher Learning Commission",3,3,"Private","Midwest","City",41.510435,-81.602416,69.8,23,1190,0,575,68,9.7,9.7,2.8,9.7,1.9,NA,61751,46460,46460,22265,14651,6480,40.9,43.1,73.1,27000,72.7
"Cleveland Institute of Music","OH",202073,1,"National Association of Schools of Music",3,4,"Private","Midwest","City",41.512444,-81.608878,36.2,NA,NA,0,194,46.4,2.6,7.7,20.1,23.2,0,NA,57954,42370,42370,20289,24175,6291,38.3,14.9,82.7,24968,50.5
"Cleveland State University","OH",202134,1,"Higher Learning Commission",3,4,"Public","Midwest","City",41.502281,-81.674355,85.3,23,1020,0,9502,60.4,16.7,8.6,4,10.4,18.1,15639,25191,12254,17469,12202,11578,10137,50.3,37.9,48.9,21797,54.6
"Columbus College of Art & Design","OH",202170,1,"Higher Learning Commission",3,4,"Private","Midwest","City",39.966074,-82.989479,91,NA,NA,0,956,65.9,11.1,7.7,4,11.3,1.3,NA,50459,38150,38150,20724,11843,5820,31.8,39.5,59.8,27000,69.6
"University of Dayton","OH",202480,1,"Higher Learning Commission",3,4,"Private","Midwest","City",39.739547,-84.176113,74.1,26,1284,0,8349,79.1,5.1,7.1,1.6,7.1,3.1,NA,62510,46170,46170,16676,13272,9240,68.3,15,81.3,23250,48
"Defiance College","OH",202514,1,"Higher Learning Commission",3,4,"Private","Midwest","Town",41.296842,-84.357075,62.9,20,1020,0,478,63.8,25.9,7.5,0.2,2.5,3.6,NA,48202,35328,35328,12802,9956,6231,58.8,51.1,41.9,26813,38.9
"Denison University","OH",202523,1,"Higher Learning Commission",3,3,"Private","Midwest","Suburb",40.071505,-82.523272,22,30,1389,0,2406,60.9,5.7,7.1,3.4,23,0.2,NA,73725,60000,60000,24662,20743,10126,98.4,13.8,84.6,26000,52.2
"The University of Findlay","OH",202763,1,"Higher Learning Commission",3,4,"Private","Midwest","Town",41.053344,-83.652313,86,23,NA,0,2257,73.8,5.4,2,1.6,17.2,2.9,NA,51270,37621,37621,14339,10072,7164,59.8,14.3,65.4,25439,68.4
"Franklin University","OH",202806,1,"Higher Learning Commission",3,4,"Private","Midwest","City",39.95831,-82.990375,NA,NA,NA,0,5117,58,19.2,8.4,2.7,11.8,62,NA,25199,9577,9577,9839,3560,9870,7.3,33.5,49.3,20836,59.6
"Gods Bible School and College","OH",202903,1,"Higher Learning Commission",3,4,"Private","Midwest","City",39.1153,-84.505703,63.8,NA,NA,0,268,71.3,5.6,4.5,0.8,17.9,38.4,NA,16030,7046,7046,6462,11564,1167,37.7,33.9,45.1,4522,48.1
"Heidelberg University","OH",203085,1,"Higher Learning Commission",3,4,"Private","Midwest","Town",41.114833,-83.168387,71.4,22,NA,0,913,80.7,10.5,3,0.4,5.4,1.6,NA,46603,33600,33600,11860,9344,6890,51.4,32.4,54.5,27000,46.1
"Hiram College","OH",203128,1,"Higher Learning Commission",3,4,"Private","Midwest","Rural",41.3107,-81.143981,93.1,NA,NA,0,737,48,9.8,9.2,0.5,32.4,7.2,NA,38329,25500,25500,12232,10015,6638,100,29.6,52.7,27000,51.3
"John Carroll University","OH",203368,1,"Higher Learning Commission",3,4,"Private","Midwest","Suburb",41.490259,-81.531224,82.4,27,1264,0,2358,84.2,4.5,4.5,2.8,3.9,1.9,NA,60766,47290,47290,17833,13084,9698,100,19.3,78.2,26000,45.1
"Kent State University at Kent","OH",203517,1,"Higher Learning Commission",3,4,"Public","Midwest","Suburb",41.146653,-81.342533,88,22,1093,0,19179,75,9.1,4.3,2.2,9.5,13.1,18340,27976,12464,21570,9955,9495,9957,58.8,27.5,64.8,24500,62.2
"Kenyon College","OH",203535,1,"Higher Learning Commission",3,3,"Private","Midwest","Rural",40.374408,-82.397977,34.3,33,1451,0,1877,66.4,2.9,7.6,4.5,18.6,0,NA,80270,66490,66490,32710,23155,9273,97.8,9.9,87.3,18527,56.1
"Kettering College","OH",203544,1,"Higher Learning Commission",3,4,"Private","Midwest","City",39.695052,-84.192006,34.4,20,1050,0,572,66.6,10.3,5.4,3.5,14.2,33,NA,27080,14664,14664,15495,8949,7775,83.1,29,50,23500,85.5
"Lake Erie College","OH",203580,1,"Higher Learning Commission",3,4,"Private","Midwest","Suburb",41.717841,-81.251817,54.1,20,1129,0,662,63.4,13.8,7.1,0.4,15.3,4.1,NA,48054,35024,35024,11466,6939,5560,53.6,33.6,42,26000,41.2
"Lourdes University","OH",203757,1,"Higher Learning Commission",3,4,"Private","Midwest","Suburb",41.710009,-83.706108,60.4,20,NA,0,749,74.1,16.4,3.1,1.2,5.2,7.7,NA,40824,28650,28650,14064,9407,6035,41.6,30.8,50,27000,54.7
"Malone University","OH",203775,1,"Higher Learning Commission",3,4,"Private","Midwest","City",40.825662,-81.376863,77.6,21,1091,0,818,73.6,7.3,3.3,1.3,14.4,9.2,NA,46398,34875,34875,12190,8328,6442,33,33.3,51.1,26289,53.4
"Marietta College","OH",203845,1,"Higher Learning Commission",3,4,"Private","Midwest","Town",39.41668,-81.450045,82.8,21,1075,0,1064,82,4.3,3.1,0.7,9.9,3.6,NA,51777,38022,38022,12160,18019,7453,100,23,50.4,27000,48.5
"Miami University-Hamilton","OH",204006,0,"Higher Learning Commission",3,3,"Public","Midwest","Suburb",39.377448,-84.563385,NA,NA,NA,0,2065,70.8,7.8,4.8,3.4,13.3,22.7,12681,15871,7072,18196,8423,8258,8627,100,30.9,19.5,23000,52.4
"Miami University-Middletown","OH",204015,0,"Higher Learning Commission",3,3,"Public","Midwest","Suburb",39.523776,-84.35724,NA,NA,NA,0,946,72.9,5.8,3.4,1.5,16.4,23.7,13832,17469,7072,18196,10051,6101,8014,100,26.4,22.5,23000,54
"Miami University-Oxford","OH",204024,1,"Higher Learning Commission",3,4,"Public","Midwest","Town",39.507757,-84.732954,87.9,27,1312,0,16721,80.2,2.9,4.8,2.5,9.5,1.9,24791,35642,17264,38293,15803,11585,10871,100,11.1,80.7,23000,51.8
"Mount Carmel College of Nursing","OH",204176,1,"Higher Learning Commission",3,4,"Private","Midwest","City",39.956625,-83.021501,63.4,19,950,0,628,63.1,23.6,2.5,5.9,4.9,23.2,NA,20151,13290,13290,17767,12287,8545,91.1,32.4,64.6,22082,87.6
"University of Mount Union","OH",204185,1,"Higher Learning Commission",3,4,"Private","Midwest","Town",40.905256,-81.111029,75.8,22,1107,0,1867,77.5,6.9,3,1.2,11.4,1.1,NA,45724,33800,33800,16053,11173,7748,98.4,28.8,61.9,27000,46.8
"Mount Vernon Nazarene University","OH",204194,1,"Higher Learning Commission",3,4,"Private","Midwest","Town",40.372901,-82.471074,85.3,22,1119,0,1481,87.6,2.4,2.8,0.7,6.5,13.6,NA,46543,34168,34168,10899,7229,6512,93.1,29.7,68.6,25000,61.8
"Mount St. Joseph University","OH",204200,1,"Higher Learning Commission",3,4,"Private","Midwest","Suburb",39.095893,-84.639453,54.4,24,1183,0,1045,75.9,12.3,4.3,1.3,6.1,5.8,NA,42356,34900,34900,16008,10119,7965,99.2,25.1,50.8,26827,55
"Muskingum University","OH",204264,1,"Higher Learning Commission",3,4,"Private","Midwest","Rural",39.996585,-81.737127,86.4,NA,1024,0,1436,81,7.9,2.3,0.8,8,9,NA,43742,30690,30690,11542,9188,7571,100,38.9,59.8,25369,54.1
"Notre Dame College","OH",204468,1,NA,3,4,"Private","Midwest","Suburb",41.506894,-81.516617,78.5,19,NA,0,1067,47,30.2,4.8,0.4,17.6,12,NA,44370,31950,31950,11040,5298,4697,36,38.1,42.1,27000,50.6
"Oberlin College","OH",204501,1,"Higher Learning Commission",3,3,"Private","Midwest","Town",41.291992,-82.216795,34.9,32,1446,0,2986,61.5,4.6,8.2,5.2,20.6,0.3,NA,81502,62024,62024,28996,24041,10435,68,9.2,83.5,26000,59.1
"Ohio Dominican University","OH",204617,1,"Higher Learning Commission",3,4,"Private","Midwest","City",39.992764,-82.940689,52.4,NA,1220,0,795,53.5,24.9,6.7,1.4,13.6,6.3,NA,45465,33350,33350,13602,7654,7808,98.2,37.4,50.7,26000,51.8
"Ohio Northern University","OH",204635,1,"Higher Learning Commission",3,4,"Private","Midwest","Town",40.7662,-83.827441,54.4,25,1282,0,2402,80.7,3.1,0.2,1.6,14.4,1.9,NA,51618,36730,36730,18124,13792,8979,79.9,19.3,72.4,27000,45.4
"Ohio State University-Lima Campus","OH",204671,0,"Higher Learning Commission",3,3,"Public","Midwest","Rural",40.738521,-84.02384,NA,NA,NA,0,731,79.6,5.3,4.4,2.2,8.5,10.8,12924,18048,8944,33181,6825,9973,10029,33.8,29.3,20.8,19976,56.1
"Ohio State University-Marion Campus","OH",204699,0,"Higher Learning Commission",3,3,"Public","Midwest","Town",40.577779,-83.090597,NA,NA,NA,0,833,75.3,3.8,4.8,6.8,9.2,13.3,12832,17993,8944,33181,6926,10279,10259,44.8,27.5,16.8,19976,48.3
"Ohio State University-Main Campus","OH",204796,1,"Higher Learning Commission",3,4,"Public","Midwest","City",39.999803,-83.007525,52.7,29,1386,0,45140,63.2,7.8,5.4,9.1,14.5,6.5,17953,28133,12485,36722,15971,20572,13456,63.6,20,88,19976,50
"Ohio University-Main Campus","OH",204857,1,"Higher Learning Commission",3,4,"Public","Midwest","Town",39.326798,-82.100985,86.5,25,1188,0,17611,81.4,5.5,4.4,1.6,7,17,20070,28182,13352,23720,11811,10869,9508,72.5,21.3,65.1,21056,60.6
"Ohio Wesleyan University","OH",204909,1,"Higher Learning Commission",3,3,"Private","Midwest","Suburb",40.295963,-83.069757,52.2,25,1239,0,1401,71.7,6.9,5.5,3.2,12.6,0.8,NA,64069,49822,49822,12000,14760,8068,56.2,25.8,66,27000,56
"Otterbein University","OH",204936,1,"Higher Learning Commission",3,4,"Private","Midwest","Suburb",40.125327,-82.936444,83.7,23,1146,0,2097,73.3,9.4,6.3,3.4,7.6,3.6,NA,46735,34274,34274,15220,11121,8286,43.6,31.1,69.4,26000,59.9
"Pontifical College Josephinum","OH",205027,1,"Higher Learning Commission",3,4,"Private","Midwest","City",40.120735,-83.018829,87.5,NA,NA,0,34,79.4,5.9,8.8,0,5.9,0,NA,NA,26763,26763,9116,37511,5593,100,12.5,30.8,NA,0
"Rabbinical College Telshe","OH",205124,1,"Association of Advanced Rabbinical and Talmudic Schools",3,3,"Private","Midwest","Suburb",41.593533,-81.485261,90,NA,NA,0,55,100,0,0,0,0,0,NA,20800,13800,13800,9394,13251,3327,NA,43.1,14.3,NA,0
"Shawnee State University","OH",205443,1,"Higher Learning Commission",3,4,"Public","Midwest","Town",38.730867,-82.993769,NA,NA,NA,0,2425,54.9,2.4,0,0.6,42.1,16,14144,21407,9341,15686,7425,7249,7097,33.3,34,35.2,23000,57.1
"Franciscan University of Steubenville","OH",205957,1,"Higher Learning Commission",3,4,"Private","Midwest","City",40.376919,-80.620524,66.6,25,1214,0,2605,73.3,0.9,17,2.8,6,7.6,NA,42004,31080,31080,13640,7369,8510,100,21.5,76.3,23384,58.1
"Tiffin University","OH",206048,1,"Higher Learning Commission",3,4,"Private","Midwest","Town",41.118316,-83.184197,82.8,NA,NA,0,1985,50.6,17.4,1.4,1.6,29,23.3,NA,44369,30120,30120,11473,5344,7086,100,35.7,45.2,27000,49.2
"University of Toledo","OH",206084,1,"Higher Learning Commission",3,4,"Public","Midwest","City",41.660572,-83.614714,92.2,25,1199,0,10787,68,9.5,5.6,3.1,13.7,11.2,17142,25294,12020,21380,11471,16430,9998,71,26.7,54.9,22250,50.7
"Union Institute & University","OH",206279,1,NA,3,4,"Private","Midwest","City",39.119091,-84.497652,NA,NA,NA,0,468,40,18.2,32,3,6.8,65.2,NA,31680,17141,17141,15482,8591,5709,16.1,46.8,50,18750,50
"Ursuline College","OH",206349,1,"Higher Learning Commission",3,4,"Private","Midwest","Suburb",41.497035,-81.465118,85.1,23,1087,0,618,53.6,27,1.1,4,14.2,13.3,NA,46641,36816,36816,15292,7921,5792,40.2,36.5,48.1,26250,92.4
"The North Coast College","OH",206394,1,NA,3,3,"Profit","Midwest","Suburb",41.484253,-81.769767,87.5,NA,NA,0,43,25.6,55.8,2.3,0,16.3,53.5,NA,36935,22800,22800,17320,12216,3467,NA,52.3,23.8,42785,74.4
"Walsh University","OH",206437,1,"Higher Learning Commission",3,4,"Private","Midwest","Suburb",40.873908,-81.369931,72.5,23,1186,0,1454,55.8,6.3,2.6,1,34.4,8.5,NA,44935,33235,33235,14085,7525,5429,100,23.5,58.5,27000,53.2
"Wilberforce University","OH",206491,1,"Higher Learning Commission",3,4,"Private","Midwest","Rural",39.707291,-83.880595,45.1,18,910,0,639,1.7,83.4,0,0,14.9,21.9,NA,23450,13250,13250,11948,7600,5975,40,65.6,41.1,26468,54.9
"Wilmington College","OH",206507,1,"Higher Learning Commission",3,3,"Private","Midwest","Town",39.444744,-83.818342,88.1,20,976,0,1011,75.6,10.4,3.6,0.6,9.9,4.2,NA,40582,29490,29490,12338,6314,6249,57.3,36,51,24208,54.9
"Wittenberg University","OH",206525,1,"Higher Learning Commission",3,4,"Private","Midwest","City",39.934029,-83.815445,93.9,23,1216,0,1235,73.7,9.8,5.7,1.2,9.6,2,NA,55565,43106,43106,12968,13120,7836,71.3,28.7,57.3,27000,52.5
"The College of Wooster","OH",206589,1,"Higher Learning Commission",3,3,"Private","Midwest","Town",40.81046,-81.934674,56.3,29,1364,0,1960,59.7,9.6,6.2,4,20.5,0.1,NA,70687,57500,57500,18651,15813,8598,84.8,19.4,74,26500,51.3
"Wright State University-Main Campus","OH",206604,1,"Higher Learning Commission",3,4,"Public","Midwest","Suburb",39.780634,-84.064881,95.2,21,1050,0,6327,72,11.8,4.7,3.2,8.4,19.2,15933,23352,10864,20282,11027,9979,9723,58.8,31.8,43.8,22750,55.2
"Wright State University-Lake Campus","OH",206613,0,"Higher Learning Commission",3,3,"Public","Midwest","Rural",40.546074,-84.509194,99.9,21,1090,0,984,89.3,3.6,1.7,1.3,4.1,26.9,12294,17235,7286,16704,6379,5018,10128,58.7,22.7,42.5,22750,58.3
"Xavier University","OH",206622,1,NA,3,4,"Private","Midwest","City",39.149547,-84.47465,84.5,25,1238,0,4837,74.6,10.6,5.8,2.6,6.4,4.6,NA,59338,45000,45000,19147,12322,9106,54.4,12.9,73.8,23250,55.8
"Youngstown State University","OH",206695,1,"Higher Learning Commission",3,4,"Public","Midwest","City",41.104928,-80.64659,80.6,21,1082,0,7741,75,7.3,4.5,1.6,11.6,11.4,11715,19194,10478,10838,8014,8263,8440,100,34.8,49,24000,54.6
"Bacone College","OK",206817,1,NA,3,3,"Private","West","Town",35.777082,-95.334046,NA,16,NA,0,299,9.7,8.4,5.3,0.3,76.3,14.7,NA,31120,15060,15060,7188,3072,4145,93.3,59.6,99,26187,50.2
"Oklahoma Wesleyan University","OK",206835,1,"Higher Learning Commission",3,4,"Private","West","Town",36.717453,-95.95671,52.1,20,1023,0,722,51.5,9.6,9.8,1,28.1,16.2,NA,42458,30262,30262,14022,7119,5918,28.4,38.4,33.9,24813,44.3
"Southern Nazarene University","OK",206862,1,"Higher Learning Commission",3,4,"Private","West","Suburb",35.513295,-97.629504,NA,NA,NA,0,908,50.2,9.8,22.2,1.7,16.1,2.3,NA,42019,28600,28600,14859,11261,6352,58.7,43.5,57.5,21900,49.8
"Cameron University","OK",206914,1,"Higher Learning Commission",3,4,"Public","West","City",34.606487,-98.434163,NA,NA,NA,0,2643,48.4,10.5,17,2.1,22,26.3,9459,17194,6705,16125,5191,8872,6643,54.5,44.1,24.7,21500,64.3
"University of Central Oklahoma","OK",206941,1,"Higher Learning Commission",3,4,"Public","West","Suburb",35.6552,-97.471508,69.9,21,1090,0,10400,52,8.4,14.5,4.4,20.6,24.7,17868,24920,8234,19121,8283,9970,7203,100,35.4,35.3,21000,62.2
"East Central University","OK",207041,1,"Higher Learning Commission",3,4,"Public","West","Town",34.771934,-96.663849,70.1,20,1050,0,2584,49.5,8.1,7.6,6.9,27.9,13.5,8412,17634,7405,16765,5867,6500,4801,67.8,41.8,31.4,17671,59.7
"Randall University","OK",207157,1,"Transnational Association of Christian Colleges and Schools",3,4,"Private","West","Suburb",35.300757,-97.491107,42.9,18,998,0,242,39.7,5.4,24,0,31,16.5,NA,29213,16742,16742,10816,3679,4407,31.6,46.3,15.2,22626,43.4
"Langston University","OK",207209,1,"Higher Learning Commission",3,4,"Public","West","Rural",35.943982,-97.260317,NA,NA,NA,0,1774,4.7,79.1,3,0.4,12.8,5.5,10427,20709,6639,14166,4839,7983,5972,83.1,67.9,22.9,26000,60.9
"Northeastern State University","OK",207263,1,"Higher Learning Commission",3,4,"Public","West","Town",35.919939,-94.967229,99.5,20,1046,0,4885,46.5,4.4,7.7,2.3,39.1,25,10133,18427,7400,16385,6659,10707,7412,76.5,43.5,38,17367,62.1
"Northwestern Oklahoma State University","OK",207306,1,"Higher Learning Commission",3,4,"Public","West","Town",36.796658,-98.667673,56.4,20,974,0,1430,61.2,6.9,13.3,0.6,18,13.5,9916,18714,5970,11664,5594,8422,6561,59.6,39.6,26.9,17355,59.2
"Oklahoma Christian University","OK",207324,1,"Higher Learning Commission",3,4,"Private","West","City",35.611412,-97.469526,96,23,1147,0,1856,62.6,12.2,10,3,12.2,6.5,NA,37935,25148,25148,11706,7304,7128,34.1,28,56.9,26000,57.8
"University of Oklahoma-Health Sciences Center","OK",207342,0,"Higher Learning Commission",3,4,"Public","West","City",35.47928,-97.496289,NA,NA,NA,0,985,61.5,4.6,12.8,7.5,13.6,4,NA,NA,NA,NA,16477,62152,8946,65.7,0,NA,20654,90
"Oklahoma Panhandle State University","OK",207351,1,"Higher Learning Commission",3,3,"Public","West","Rural",36.594518,-101.638488,NA,NA,NA,0,1124,50.4,10.2,23.8,0.7,14.9,23.5,7812,14525,7634,8385,6482,6052,4786,53.3,42.7,22,12500,59
"Oklahoma State University-Main Campus","OK",207388,1,"Higher Learning Commission",3,4,"Public","West","Town",36.123085,-97.069743,70.6,24,1145,0,20362,67,4.2,9.2,2.1,17.5,10.5,14505,24770,10234,25754,12348,10591,9925,86.7,26.5,64.9,20500,51.9
"Oklahoma Baptist University","OK",207403,1,"Higher Learning Commission",3,4,"Private","West","Town",35.360492,-96.932459,47.3,22,1054,0,1246,66.9,7.5,1.4,0.9,23.3,1.4,NA,45693,32880,32880,12832,8497,6470,64.7,29.2,54,24801,58.1
"Oklahoma City University","OK",207458,1,"Higher Learning Commission",3,4,"Private","West","City",35.495271,-97.541242,70.4,25,1150,0,1344,62.7,5.3,13.1,2.5,16.4,2.6,NA,46239,32744,32744,17292,15197,7555,57.1,21.8,69.3,20835,65.5
"University of Oklahoma-Norman Campus","OK",207500,1,"Higher Learning Commission",3,4,"Public","West","Suburb",35.209407,-97.444211,72.9,26,1240,0,20842,57.5,4.7,13.4,7.1,17.2,11.3,20261,31025,9312,25880,15545,14117,10516,85,23.6,76.1,20654,51.4
"Oral Roberts University","OK",207582,1,"Higher Learning Commission",3,4,"Private","West","City",36.049129,-95.952547,78.4,23,1112,0,3250,37.3,14.4,15.7,4.6,28,15.4,NA,46011,32640,32640,12055,6995,7511,42.5,36.4,62.9,27000,60.7
"Rogers State University","OK",207661,1,"Higher Learning Commission",3,4,"Public","West","Town",36.321437,-95.635718,NA,NA,NA,0,2507,52.4,4.6,8,1.8,33.2,23.6,13446,20553,7252,15036,5624,5307,5661,51.9,38,25.1,20500,60.9
"University of Science and Arts of Oklahoma","OK",207722,1,"Higher Learning Commission",3,3,"Public","West","Town",35.031392,-97.95641,56.3,NA,1086,0,808,60.9,5,5.9,0.9,27.3,6.4,8327,19687,9000,20190,5126,10352,5744,100,44.4,40.4,21750,64.5
"Southeastern Oklahoma State University","OK",207847,1,"Higher Learning Commission",3,4,"Public","West","Town",34.006808,-96.376864,74.2,20,1078,0,2853,51.1,5.2,9,0.7,33.9,30.7,5887,17907,7020,15930,6944,6126,6568,100,40.9,33.5,17000,56.4
"Southwestern Christian University","OK",207856,1,"Higher Learning Commission",3,4,"Private","West","Suburb",35.513314,-97.63934,NA,NA,NA,0,403,43.4,14.1,7.4,0.7,34.3,9.4,NA,30318,21316,21316,11386,4524,4827,44.3,36.3,15.5,20715,43.2
"Southwestern Oklahoma State University","OK",207865,1,"Higher Learning Commission",3,4,"Public","West","Town",35.535281,-98.707768,76.8,20,1050,0,3596,61.3,5.6,13.5,1.1,18.5,14.1,13215,21769,8130,15240,6194,9748,7214,100,37.9,39.1,15954,62.1
"University of Tulsa","OK",207971,1,"Higher Learning Commission",3,4,"Private","West","City",36.152324,-95.945941,69.2,26,1239,0,2612,49.6,8.2,12.6,6.8,22.7,7.6,NA,63577,47211,47211,19362,15551,10531,75.9,22.8,72.2,21500,51.3
"Eastern Oregon University","OR",208646,1,"Northwest Commission on Colleges and Universities",3,4,"Public","West","Town",45.319795,-118.092495,98.5,NA,NA,0,2262,68.9,1.9,13.9,1,14.3,34.7,14532,23018,10041,23226,8507,7819,8035,59.4,37.6,38.1,20500,58.8
"New Hope Christian College-Eugene","OR",208725,1,"Association for Biblical Higher Education",3,3,"Private","West","City",44.032674,-123.15355,34.1,NA,NA,0,37,29.7,2.7,24.3,13.5,29.7,8.1,NA,27000,15700,15700,7365,8270,4646,5.9,56.8,25,27000,40.5
"George Fox University","OR",208822,1,"Northwest Commission on Colleges and Universities",3,4,"Private","West","Town",45.303629,-122.967494,91.7,23,1195,0,2495,65,2.2,16.3,5.4,11.1,6.6,NA,53404,39540,39540,19112,12037,8129,32.5,27.9,71.5,24250,59.8
"Lewis & Clark College","OR",209056,1,"Northwest Commission on Colleges and Universities",3,4,"Private","West","City",45.450882,-122.669137,68.6,30,1366,0,2187,68.6,2.6,10.9,4.6,13.2,0.9,NA,73969,59684,59684,24270,14690,10490,47.4,20.6,73.5,19500,64.5
"Linfield University","OR",209065,1,"Northwest Commission on Colleges and Universities",3,4,"Private","West","Town",45.201173,-123.199642,88.7,NA,NA,0,1667,60.8,1.4,20.5,6.6,10.8,5.6,NA,61344,47415,47415,22305,14481,7357,100,28.1,70.7,25000,65.2
"Mount Angel Seminary","OR",209241,1,"Northwest Commission on Colleges and Universities",3,4,"Private","West","Rural",45.057871,-122.775405,100,NA,NA,0,28,28.6,0,53.6,3.6,14.3,0,NA,44224,27832,27832,20126,14200,6583,65.6,23.5,40,NA,0
"Multnomah University","OR",209287,1,NA,3,4,"Private","West","City",45.527139,-122.575557,53.4,NA,1155,0,375,40.8,15.2,20,4,20,9.3,NA,45129,28810,28810,16714,5145,4985,32,43.5,38.6,20250,42.4
"National University of Natural Medicine","OR",209296,1,"Northwest Commission on Colleges and Universities",3,4,"Private","West","City",45.501931,-122.6766,NA,NA,NA,0,12,50,0,16.7,0,33.3,0,NA,NA,NA,NA,24631,15307,8449,20.8,62.1,NA,NA,75
"Bushnell University","OR",209409,1,"Northwest Commission on Colleges and Universities",3,4,"Private","West","City",44.047483,-123.079754,66.8,18,NA,0,502,75.9,4.2,3,4,12.9,10.2,NA,44742,33220,33220,13691,6150,5746,100,35.1,51.8,23500,55.6
"Oregon Health & Science University","OR",209490,1,"Northwest Commission on Colleges and Universities",3,4,"Public","West","City",45.498772,-122.686096,NA,NA,NA,0,752,58.6,2.5,23.1,6.4,9.3,36,NA,NA,NA,NA,29298,85970,11969,58.2,29.1,NA,16625,82.8
"Oregon Institute of Technology","OR",209506,1,"Northwest Commission on Colleges and Universities",3,4,"Public","West","Town",42.257152,-121.785177,92.6,25,1177,0,3088,66.8,2.1,14.7,6.4,10,31.9,15974,25910,12122,33956,8946,9591,8486,93.8,21.2,57.2,22500,48
"Oregon State University","OR",209542,1,"Northwest Commission on Colleges and Universities",3,4,"Public","West","City",44.56395,-123.274723,82.5,25,NA,0,28407,63.4,1.8,12.3,8.5,14,30.6,18894,28827,12664,33439,12735,12079,11258,72.7,22.4,70,21221,48.6
"University of Oregon","OR",209551,1,"Northwest Commission on Colleges and Universities",3,4,"Public","West","City",44.045146,-123.075792,86.3,NA,1271,0,19443,61.8,2.5,15.4,6.6,13.7,6.5,20543,30622,15054,41700,19070,14583,12149,70.4,23.4,73.4,20139,55.5
"Pacific Northwest College of Art","OR",209603,1,"Northwest Commission on Colleges and Universities",3,4,"Private","West","City",45.526766,-122.678182,94.5,NA,NA,0,376,63,4.3,9,3.5,20.2,4.5,NA,63974,45100,45100,22425,16931,6183,22,41.2,40.5,25000,77.1
"Pacific University","OR",209612,1,"Northwest Commission on Colleges and Universities",3,4,"Private","West","Suburb",45.521394,-123.108777,92.3,23,1150,0,1546,44.6,2.1,17.8,13.7,21.7,3.8,NA,66812,52072,52072,26777,13091,8596,68.9,26.6,66.1,23223,59.2
"Portland State University","OR",209807,1,"Northwest Commission on Colleges and Universities",3,4,"Public","West","City",45.511601,-122.686289,93.1,21,NA,0,14299,48.9,4.8,21.9,9.8,14.5,23.3,16281,21039,10806,29706,10208,10781,10545,52.2,39.7,52.5,20500,56.9
"University of Portland","OR",209825,1,"Northwest Commission on Colleges and Universities",3,4,"Private","West","City",45.572724,-122.726691,92.5,29,1326,0,3368,44.7,2.3,17.1,19.9,16,1.8,NA,66047,51812,51812,22779,16393,9774,53.5,16.9,79,21370,64
"Reed College","OR",209922,1,"Northwest Commission on Colleges and Universities",3,4,"Private","West","City",45.480959,-122.630348,30.8,NA,1421,0,1494,60.2,1.1,12,7.7,19,0.4,NA,80970,64760,64760,36545,25655,12070,94.9,11.5,79.6,21500,57.9
"Southern Oregon University","OR",210146,1,"Northwest Commission on Colleges and Universities",3,4,"Public","West","Suburb",42.185077,-122.695081,88,22,NA,0,2898,55.7,2.4,13.8,2.2,25.9,18.8,16577,24475,11691,30051,7411,10477,8984,61.9,27.8,46.4,20332,61.2
"Warner Pacific University","OR",210304,1,"Northwest Commission on Colleges and Universities",3,4,"Private","West","City",45.506265,-122.592498,72.2,NA,NA,0,440,35.4,11.4,31.8,11.6,9.8,7,NA,32178,20240,20240,16142,6865,6661,100,51,42.7,25000,62.3
"Corban University","OR",210331,1,"Northwest Commission on Colleges and Universities",3,4,"Private","West","City",44.882399,-122.961129,34.8,24,NA,0,795,59.1,2.3,14.8,2.8,21,17.5,NA,48823,35767,35767,10788,4324,6749,44,33.9,54,22625,55.6
"Willamette University","OR",210401,1,"Northwest Commission on Colleges and Universities",3,4,"Private","West","City",44.935457,-123.030537,80.6,NA,NA,0,1335,66.7,1.9,14.8,4.9,11.8,1.5,NA,60106,45260,45260,24156,18238,10977,72.1,23.6,76.1,21500,59.6
"Western Oregon University","OR",210429,1,"Northwest Commission on Colleges and Universities",3,4,"Public","West","Town",44.852235,-123.238309,83.4,NA,1050,0,3292,58.1,2.8,23.8,2.7,12.6,13.1,19577,23734,10602,30582,7224,9405,7343,75.5,39.9,47.6,20609,65.4
"University of Western States","OR",210438,1,"Northwest Commission on Colleges and Universities",3,4,"Private","West","City",45.536519,-122.580586,NA,NA,NA,0,2,50,0,0,0,50,100,NA,NA,NA,NA,24015,7727,7284,29,0,NA,NA,0
"Bryn Athyn College of the New Church","PA",210492,1,"Middle States Commission on Higher Education",3,4,"Private","Northeast","Suburb",40.134393,-75.060808,80,28,1118,0,271,57.9,16.6,0.4,4.1,21,5.9,NA,38557,27000,27000,16704,17363,7160,68.6,41.9,50,22250,50.2
"Albright College","PA",210571,1,"Middle States Commission on Higher Education",3,4,"Private","Northeast","City",40.361351,-75.909742,84.9,NA,NA,0,1276,43.6,26.7,18.1,2,9.6,5.6,NA,42833,28230,28230,10422,13986,6713,75.3,51.5,48.3,27000,55.6
"Allegheny College","PA",210669,1,"Middle States Commission on Higher Education",3,3,"Private","Northeast","Town",41.64869,-80.147168,69.7,26,1269,0,1324,69.3,7.9,8.5,3.5,10.8,0.7,NA,69353,53610,53610,16067,14887,8479,78.1,27.6,67.8,27000,52.9
"DeSales University","PA",210739,1,"Middle States Commission on Higher Education",3,4,"Private","Northeast","Suburb",40.539091,-75.375608,77.2,26,1204,0,2175,71.8,5.4,13,4.3,5.6,12.9,NA,56928,42600,42600,16777,11285,8510,38.3,24,67.7,25788,64.9
"Alvernia University","PA",210775,1,"Middle States Commission on Higher Education",3,4,"Private","Northeast","City",40.310028,-75.936754,59,NA,1075,0,2000,62.8,10.5,13.7,1.8,11.1,16.6,NA,53109,40750,40750,17344,6909,8029,100,31.7,63.2,27000,63.4
"Clarks Summit University","PA",211024,1,NA,3,4,"Private","Northeast","Suburb",41.495062,-75.685472,65.2,NA,NA,0,376,80,4,8,1.3,6.7,28.5,NA,35824,29700,29700,11355,5348,4013,100,49.3,64.4,18034,48.9
"Arcadia University","PA",211088,1,"Middle States Commission on Higher Education",3,4,"Private","Northeast","Suburb",40.092606,-75.163876,77.6,25,1212,0,1750,60.1,12.9,9.9,5.1,12,7,NA,60526,47130,47130,19725,10095,8365,33.9,31.3,63.5,27000,64.3
"Bryn Mawr College","PA",211273,1,"Middle States Commission on Higher Education",3,4,"Private","Northeast","Suburb",40.02736,-75.313223,30.8,NA,1404,0,1402,51.1,5.1,10.1,11.1,22.7,0.4,NA,75690,59330,59330,27233,24862,11359,81,14,82.6,25000,100
"Bucknell University","PA",211291,1,"Middle States Commission on Higher Education",3,4,"Private","Northeast","Town",40.954317,-76.882616,32.6,31,1405,0,3732,75.7,4.1,7.3,4.5,8.4,0,NA,77740,61746,61746,37148,22765,12166,97.4,10.2,86.5,27000,51.9
"Cabrini University","PA",211352,1,NA,3,4,"Private","Northeast","Suburb",40.056355,-75.375263,78.5,22,1120,0,1145,54.6,21.1,12.8,2.5,8.9,3.8,NA,48016,34665,34665,13738,8433,7437,40.2,37,50.5,26000,60
"Carlow University","PA",211431,1,"Middle States Commission on Higher Education",3,4,"Private","Northeast","City",40.439293,-79.963448,92.7,23,950,0,1243,69.3,18.7,2.8,3.1,6.1,26.9,NA,44265,33500,33500,21264,11523,7283,100,41.6,56,25500,84.2
"Carnegie Mellon University","PA",211440,1,"Middle States Commission on Higher Education",3,4,"Private","Northeast","City",40.44357,-79.941993,11.3,34,1546,0,7005,21.8,4.1,10.5,33.7,30,2.1,NA,77465,61344,61344,45372,33872,13113,91.6,14.5,91.5,21750,50.4
"Cedar Crest College","PA",211468,1,"Middle States Commission on Higher Education",3,4,"Private","Northeast","City",40.586318,-75.519221,84.2,25,1075,0,933,54.1,9.2,15.3,4,17.4,25.4,NA,54458,43643,43643,19540,11521,7695,39.5,42.3,62.4,27000,93.7
"Central Penn College","PA",211477,1,"Middle States Commission on Higher Education",3,4,"Profit","Northeast","Suburb",40.3049,-76.934461,34,NA,NA,0,844,48.8,19.4,12.4,2.7,16.6,76.7,NA,26955,19404,19404,22351,8033,5234,42.3,49.8,35.9,23194,64.3
"Chatham University","PA",211556,1,"Middle States Commission on Higher Education",3,4,"Private","Northeast","City",40.448432,-79.926083,66.3,NA,1175,0,1207,76.7,6.2,5.6,3.7,7.7,3.1,NA,55395,42125,42125,19291,11964,8442,100,24.6,68,23250,70.1
"Chestnut Hill College","PA",211583,1,"Middle States Commission on Higher Education",3,4,"Private","Northeast","City",40.08678,-75.228742,98.2,NA,NA,0,939,33.1,29.3,13.3,1.2,23.1,12.7,NA,54628,39410,39410,14661,9096,5903,35.7,51.5,62.1,26389,56.7
"Cheyney University of Pennsylvania","PA",211608,1,"Middle States Commission on Higher Education",3,3,"Public","Northeast","Rural",39.932274,-75.529262,NA,NA,NA,0,686,1.2,85.1,4.7,0.9,8.2,9.6,12532,24886,10904,18870,0,9394,10235,51.4,67.4,14.9,21785,66.3
"Curtis Institute of Music","PA",211893,1,"Middle States Commission on Higher Education",3,4,"Private","Northeast","City",39.948857,-75.170727,9.7,NA,NA,0,103,37.9,2.9,2.9,12.6,43.7,0,NA,32446,5930,5930,5980,75069,8125,37,6.4,83.3,NA,40.8
"Delaware Valley University","PA",211981,1,"Middle States Commission on Higher Education",3,4,"Private","Northeast","Suburb",40.298659,-75.158452,95.4,26,1117,0,1631,70.3,9.9,8.7,1.2,9.9,5.8,NA,57745,42120,42120,16830,9757,8665,45.5,29.2,54.1,25000,59.8
"Dickinson College","PA",212009,1,"Middle States Commission on Higher Education",3,3,"Private","Northeast","City",40.202796,-77.197854,34.9,NA,NA,0,2083,65.2,4.5,7.4,5.2,17.6,0.3,NA,77188,61351,61351,23567,18354,9608,83.4,14.9,83.7,19000,58.3
"Drexel University","PA",212054,1,"Middle States Commission on Higher Education",3,4,"Private","Northeast","City",39.955217,-75.190051,79.6,29,1333,0,13933,44.9,8,8,23.3,15.8,7.7,NA,72427,58965,58965,25923,16894,11752,54.7,24.5,78.2,25325,48.9
"Duquesne University","PA",212106,1,"Middle States Commission on Higher Education",3,4,"Private","Northeast","City",40.43589,-79.993123,87.5,27,1257,0,5087,80.1,4.8,4.6,3.6,6.9,1.4,NA,60583,45376,45376,26222,14420,9443,50.1,18.2,77.7,26244,63.3
"East Stroudsburg University of Pennsylvania","PA",212115,1,"Middle States Commission on Higher Education",3,4,"Public","Northeast","Town",40.99599,-75.173905,93.6,23,1069,0,4324,53.2,20.3,17.6,1.8,7,8.9,19184,24149,10987,18953,9028,8585,10589,73.2,40.2,45.7,24218,55.6
"Eastern University","PA",212133,1,"Middle States Commission on Higher Education",3,4,"Private","Northeast","Suburb",40.050448,-75.370316,63.2,NA,NA,0,1692,43,26.8,14,2,14.2,24.4,NA,52302,36464,36464,10535,4917,6484,25,35.8,59,25000,62
"Elizabethtown College","PA",212197,1,"Middle States Commission on Higher Education",3,4,"Private","Northeast","Suburb",40.149236,-76.593224,81.1,26,1191,0,1703,82.9,2.8,7.1,2.2,4.9,6.2,NA,48098,35670,35670,16459,12438,9044,53.5,19.1,76.2,27000,58.2
"Franklin and Marshall College","PA",212577,1,"Middle States Commission on Higher Education",3,3,"Private","Northeast","City",40.048045,-76.319037,36.2,NA,1386,0,1986,56.2,5.5,10.3,4.4,23.6,0.1,NA,80319,65844,65844,33923,19393,10770,82.7,18.6,85.6,19000,53.4
"Gannon University","PA",212601,1,"Middle States Commission on Higher Education",3,4,"Private","Northeast","City",42.128403,-80.087166,80.8,24,NA,0,2588,67,5.8,4.9,2.6,19.8,2.7,NA,48076,36706,36706,17661,9170,8219,57.9,25.5,69.7,27000,58.4
"Geneva College","PA",212656,1,"Middle States Commission on Higher Education",3,4,"Private","Northeast","Suburb",40.772518,-80.321826,79,NA,NA,0,1013,80.6,5.7,3.5,1.4,8.9,5,NA,41066,30990,30990,14043,9403,7332,90.9,28.9,68.9,25198,46.6
"Gettysburg College","PA",212674,1,"Middle States Commission on Higher Education",3,3,"Private","Northeast","Town",39.836597,-77.236792,56.3,30,1372,0,2236,66.7,4.7,11.7,3.2,13.8,0.2,NA,76330,61760,61760,23203,16526,9670,79.4,19.9,81.6,26999,51.4
"Gratz College","PA",212771,1,"Middle States Commission on Higher Education",3,4,"Private","Northeast","Suburb",40.067206,-75.133915,NA,NA,NA,0,107,88.8,0,0,0,11.2,48.6,NA,NA,NA,NA,9699,2625,5356,23.3,0.8,NA,NA,100
"Grove City College","PA",212805,1,"Middle States Commission on Higher Education",3,3,"Private","Northeast","Town",41.1558,-80.081481,71,27,1277,0,2160,90.8,0.4,0.7,2.2,5.8,0.7,NA,NA,19990,19990,19787,16358,NA,NA,0,81,NA,48.1
"Gwynedd Mercy University","PA",212832,1,"Middle States Commission on Higher Education",3,4,"Private","Northeast","Suburb",40.19774,-75.237224,58.4,NA,1110,0,1217,62,16.6,7.1,6.5,7.9,8.4,NA,51628,37052,37052,21197,9777,6840,17.9,28.5,56.5,25000,75.4
"Haverford College","PA",212911,1,"Middle States Commission on Higher Education",3,3,"Private","Northeast","Suburb",40.007452,-75.305207,14.2,34,1506,0,1417,49.4,5.3,12.8,12.3,20.1,0,NA,81420,63628,63628,40227,25556,10994,84.1,14.2,91.4,13621,54.4
"Holy Family University","PA",212984,1,"Middle States Commission on Higher Education",3,4,"Private","Northeast","City",40.060581,-74.986451,77.4,21,940,0,2124,57.8,16,12.4,7.6,6.3,13.3,NA,37674,32558,32558,17299,9037,7636,18.7,37.3,58.5,25125,75.1
"Hussian College-Philadelphia","PA",212993,1,NA,3,3,"Profit","Northeast","City",39.962505,-75.164185,71,NA,NA,0,80,16.2,52.5,13.8,0,17.5,15,NA,33858,22225,22225,23806,7507,4709,95.8,82.8,40,18446,56.2
"Immaculata University","PA",213011,1,"Middle States Commission on Higher Education",3,4,"Private","Northeast","Suburb",40.027981,-75.570711,69.7,25,1180,0,1248,71.9,10.4,10.7,2.6,4.5,20.2,NA,44986,27750,27750,13949,6271,4766,100,22.7,61.1,27000,70
"Indiana University of Pennsylvania-Main Campus","PA",213020,1,"Middle States Commission on Higher Education",3,4,"Public","Northeast","Town",40.617531,-79.159332,91.9,21,1061,0,6611,75.5,10.5,5.2,1.3,7.5,7.3,19868,27923,11320,18927,8801,11042,11080,84.2,36,52.1,26798,61.5
"Juniata College","PA",213251,1,"Middle States Commission on Higher Education",3,4,"Private","Northeast","Town",40.500523,-78.017292,76.2,NA,1244,0,1116,71.5,4.7,7.7,2.3,13.8,0.3,NA,65999,54336,54336,17238,13283,8609,67.6,23.2,70.6,27000,52.8
"Keystone College","PA",213303,1,"Middle States Commission on Higher Education",3,4,"Private","Northeast","Suburb",41.558969,-75.777456,80.7,NA,1030,0,1009,66.6,12.7,8.7,0.5,11.5,19.6,NA,30927,17450,17450,10113,6140,6482,27.5,61.5,43.1,26000,52.9
"King's College","PA",213321,1,"Middle States Commission on Higher Education",3,4,"Private","Northeast","City",41.250097,-75.879822,96,NA,1162,0,1595,74.4,5,11.2,2.9,6.5,2.4,NA,55232,41600,41600,18429,11787,8078,72.7,25.8,57.5,27000,48.6
"Kutztown University of Pennsylvania","PA",213349,1,"Middle States Commission on Higher Education",3,4,"Public","Northeast","Town",40.513561,-75.783933,96.1,21,1140,0,6334,71.9,7.5,11.3,2.3,7,6.3,20381,27730,11230,15628,8267,9899,10358,82.4,31.5,56.4,26000,56.4
"La Roche University","PA",213358,1,"Middle States Commission on Higher Education",3,4,"Private","Northeast","Suburb",40.568615,-80.014851,97.4,21,1094,0,794,57.2,4,3.5,1,34.2,14.7,NA,45704,32284,32284,10405,6556,7193,41,35.5,55.3,25000,60.7
"La Salle University","PA",213367,1,"Middle States Commission on Higher Education",3,4,"Private","Northeast","City",40.037979,-75.153061,94.2,NA,1140,0,2275,45.7,21.9,17.8,5.3,9.3,12.3,NA,46521,33890,33890,16337,9560,9352,49.2,36.9,62,25000,63.9
"Lafayette College","PA",213385,1,"Middle States Commission on Higher Education",3,3,"Private","Northeast","Suburb",40.69956,-75.209786,33.6,32,1410,0,2725,67.7,5.4,8.2,4.1,14.6,0.5,NA,75934,59368,59368,32977,22497,12189,84.9,9.3,89.2,16000,50
"Lancaster Bible College","PA",213400,1,"Middle States Commission on Higher Education",3,4,"Private","Northeast","Suburb",40.075347,-76.287761,97.2,23,1121,0,1286,61.9,22.6,3.2,1.7,10.6,35.1,NA,39882,28460,28460,12944,7249,6177,16.7,32.5,68.3,20500,51.4
"Lebanon Valley College","PA",213507,1,"Middle States Commission on Higher Education",3,4,"Private","Northeast","Suburb",40.330604,-76.514431,76.7,NA,1201,0,1618,84.4,2.8,5.9,2.4,4.6,2,NA,62016,48620,48620,18970,11760,8199,46.6,22.5,68.2,27000,54.3
"Lehigh University","PA",213543,1,"Middle States Commission on Higher Education",3,4,"Private","Northeast","City",40.606822,-75.380236,37,32,1418,0,5612,59.7,5.3,10.2,9.9,14.9,1.1,NA,74573,59930,59930,31750,23596,14561,85.4,18.1,91.2,21960,45.9
"Lincoln University","PA",213598,1,"Middle States Commission on Higher Education",3,4,"Public","Northeast","Suburb",39.807723,-75.926458,80.6,19,952,0,1704,0.9,82.8,6.8,0.1,9.4,6.5,16029,26546,11910,18456,4724,10041,9049,100,66.6,44.7,28250,65.2
"Lycoming College","PA",213668,1,"Middle States Commission on Higher Education",3,3,"Private","Northeast","City",41.24666,-77,75.2,25,1150,0,1046,61.3,12.6,14.1,1.3,10.7,0.1,NA,59747,45499,45499,9370,14252,8112,80.5,41.9,63.8,27000,52.3
"Marywood University","PA",213826,1,"Middle States Commission on Higher Education",3,4,"Private","Northeast","City",41.434587,-75.634142,80.8,22,1113,0,1793,77.7,2.6,9.8,2,8,4.9,NA,50781,38226,38226,17229,10576,7584,42.6,30,75.5,26186,67.7
"Mercyhurst University","PA",213987,1,"Middle States Commission on Higher Education",3,4,"Private","Northeast","City",42.10578,-80.053412,80.6,NA,NA,0,2367,76.6,5.2,4.8,0.9,12.4,5.1,NA,56706,43460,43460,15583,8241,7308,62.8,29.2,63.3,25305,59.4
"Messiah University","PA",213996,1,"Middle States Commission on Higher Education",3,4,"Private","Northeast","Suburb",40.156579,-76.988269,79.4,27,1229,0,2327,78,3.5,7.8,3.4,7.2,2.2,NA,52125,39490,39490,17647,10573,8771,48.5,17.3,78.2,25621,60.3
"Millersville University of Pennsylvania","PA",214041,1,"Middle States Commission on Higher Education",3,4,"Public","Northeast","Suburb",40.000337,-76.357381,92.4,NA,1150,0,5697,74.5,9,9.8,3.3,3.4,19.1,21506,26480,12262,22232,10606,10018,10724,69.4,26.4,57,23507,58.8
"Misericordia University","PA",214069,1,"Middle States Commission on Higher Education",3,4,"Private","Northeast","Suburb",41.345277,-75.971541,88.7,NA,NA,0,1727,82.6,3.6,4.8,1.3,7.7,19.8,NA,50605,35940,35940,18658,10922,8123,100,22.5,74.9,26973,66.6
"Moore College of Art and Design","PA",214148,1,"Middle States Commission on Higher Education",3,4,"Private","Northeast","City",39.957078,-75.172105,53.2,NA,1180,0,355,55.8,16.1,7,5.1,16.1,2.2,NA,64551,47990,47990,27575,13845,7780,22.8,41.3,61.4,26000,100
"Moravian University","PA",214157,1,"Middle States Commission on Higher Education",3,4,"Private","Northeast","City",40.630947,-75.383638,67,NA,1149,0,1864,69.8,4.8,15.2,2.6,7.6,4.3,NA,62571,50500,50500,19326,14385,8085,97.6,26,69.8,26793,61.2
"Mount Aloysius College","PA",214166,1,"Middle States Commission on Higher Education",3,4,"Private","Northeast","Town",40.459679,-78.600898,86,NA,1030,0,1097,76.3,2.8,1,1.1,18.8,11.6,NA,38096,25510,25510,12984,6799,7150,34.3,14.8,46,24287,72
"Muhlenberg College","PA",214175,1,"Middle States Commission on Higher Education",3,4,"Private","Northeast","City",40.596416,-75.508502,65.5,30,1332,0,1933,72,4.3,11.2,3.4,9.1,2.2,NA,71431,58205,58205,20269,16702,6817,56.9,20.3,82.8,25455,60.7
"Neumann University","PA",214272,1,"Middle States Commission on Higher Education",3,4,"Private","Northeast","Suburb",39.874876,-75.440022,85.5,21,NA,0,1595,52.1,29.7,8.3,2.6,7.3,16.8,NA,54330,35700,35700,17934,8584,7415,37.3,41.3,54.1,27000,62.9
"Pennsylvania State University-Penn State Erie-Behrend College","PA",214591,0,"Middle States Commission on Higher Education",3,4,"Public","Northeast","Suburb",42.119417,-79.983818,95.4,NA,1207,0,3149,78.9,3.4,4.3,4.4,9,3.8,24375,31624,15904,26370,8842,4742,9900,86.6,28.2,42.3,25000,35.6
"Pennsylvania State University-Penn State New Kensington","PA",214625,0,"Middle States Commission on Higher Education",3,3,"Public","Northeast","Rural",40.551056,-79.697461,91.4,NA,1156,0,440,80.9,6.4,5.4,1.4,5.9,11.1,19444,26795,14340,23602,10254,5500,8638,56.5,30.9,28.2,25000,38.9
"Pennsylvania State University-Penn State Shenango","PA",214634,0,"Middle States Commission on Higher Education",3,3,"Public","Northeast","Town",41.235131,-80.50924,87,NA,NA,0,223,70.4,13.9,3.6,0.9,11.2,19.7,16588,28582,13962,23044,13216,7089,8057,62.5,35.4,23.3,25000,70.9
"Pennsylvania State University-Penn State Wilkes-Barre","PA",214643,0,"Middle States Commission on Higher Education",3,3,"Public","Northeast","Rural",41.305602,-76.016151,95.2,NA,1190,0,351,76.1,9.7,8,1.1,5.1,4.3,16377,26114,14218,23480,11785,6321,8638,79.5,39.8,20.2,25000,34.8
"Pennsylvania State University-Penn State Scranton","PA",214652,0,"Middle States Commission on Higher Education",3,3,"Public","Northeast","Suburb",41.439843,-75.621401,94,NA,1130,0,860,65.9,5.5,12.8,10.6,5.2,4.3,17896,26498,15140,24834,6505,3489,9076,58.8,44.9,34.3,25000,45.8
"Pennsylvania State University-Penn State Lehigh Valley","PA",214670,0,"Middle States Commission on Higher Education",3,3,"Public","Northeast","Suburb",40.559201,-75.40267,94.1,NA,1172,0,843,51.6,6.6,21.6,11.7,8.4,7.5,19021,27409,15140,24834,5916,3173,8045,55.6,36.4,12.4,25000,40.9
"Pennsylvania State University-Penn State Altoona","PA",214689,0,"Middle States Commission on Higher Education",3,3,"Public","Northeast","City",40.541759,-78.409601,95.8,NA,1163,0,2565,73.7,6.1,7.3,4,8.9,2.6,24385,31423,15904,26370,6954,3730,8805,75.3,27.9,16.1,25000,47.3
"Pennsylvania State University-Penn State Beaver","PA",214698,0,"Middle States Commission on Higher Education",3,3,"Public","Northeast","Suburb",40.678271,-80.296316,93.2,NA,1164,0,503,71.4,9.9,8.8,2.8,7.2,3.2,17782,26403,14218,23480,8219,4408,9347,64.5,32.6,20.2,25000,43.9
"Pennsylvania State University-Penn State Berks","PA",214704,0,"Middle States Commission on Higher Education",3,3,"Public","Northeast","Suburb",40.358839,-75.97329,97.3,NA,1193,0,2024,62.4,7.8,15,6.7,8.2,7.5,24811,30721,15904,26370,6132,3289,9445,75,30.5,33.4,25000,39.8
"Pennsylvania State University-Penn State Harrisburg","PA",214713,0,"Middle States Commission on Higher Education",3,4,"Public","Northeast","Suburb",40.204253,-76.741216,95.6,NA,1213,0,4053,47.4,9.5,8.7,13.3,21,6.6,23705,31448,15904,26370,6848,3673,10537,62,28.1,24.9,25000,38
"Pennsylvania State University-Penn State Brandywine","PA",214731,0,"Middle States Commission on Higher Education",3,3,"Public","Northeast","Suburb",39.927123,-75.449704,96.2,NA,1179,0,1189,50.4,17.4,9,12.3,10.9,7.9,22693,29564,15140,24834,6251,3353,9169,60.7,34.9,25.6,25000,39.1
"Pennsylvania State University-Penn State Fayette- Eberly","PA",214759,0,"Middle States Commission on Higher Education",3,3,"Public","Northeast","Rural",39.946455,-79.659317,80.7,NA,1129,0,420,87.4,4.5,2.9,1.2,4,5.7,15655,23740,14340,23602,9237,4954,8278,77.6,33.3,30.2,25000,54.8
"Pennsylvania State University-Penn State Hazleton","PA",214768,0,"Middle States Commission on Higher Education",3,3,"Public","Northeast","Suburb",40.98396,-76.030975,89.9,NA,1145,0,470,54,9.2,24.5,4.5,7.9,3.8,18860,28971,15140,24834,11144,5977,9704,79,43.2,16.2,25000,46.6
"Pennsylvania State University-Main Campus","PA",214777,1,"Middle States Commission on Higher Education",3,4,"Public","Northeast","City",40.7965,-77.862848,55.2,NA,1308,0,41417,62.9,4.5,8.4,7,17.2,2.3,32223,38049,19835,38651,30669,16450,8326,99.9,13.8,83.3,25000,47
"Pennsylvania State University-Penn State Greater Allegheny","PA",214786,0,"Middle States Commission on Higher Education",3,3,"Public","Northeast","Suburb",40.345591,-79.827428,87.6,NA,1130,0,356,55.1,22.5,5.9,5.3,11.2,5.1,20995,28706,14340,23602,12816,6874,9197,70.9,44.4,21,25000,37.9
"Pennsylvania State University-Penn State Mont Alto","PA",214795,0,"Middle States Commission on Higher Education",3,3,"Public","Northeast","Rural",39.842212,-77.541797,91.3,NA,1130,0,626,78,4.3,7.2,3.8,6.7,8.5,19764,26565,14340,23602,9124,4894,8926,67.9,26.9,27.4,25000,59.6
"Pennsylvania State University-Penn State Abington","PA",214801,0,"Middle States Commission on Higher Education",3,3,"Public","Northeast","Suburb",40.117101,-75.110724,93.4,NA,1188,0,3072,43.6,13.5,12.5,17.9,12.4,8.1,20241,28611,15200,25102,5787,3104,8851,57.5,40.6,28.4,25000,41.4
"Pennsylvania State University-Penn State Schuylkill","PA",214810,0,"Middle States Commission on Higher Education",3,3,"Public","Northeast","Town",40.640512,-76.166374,85.8,NA,1070,0,593,69.8,12.7,9.3,3,5.2,6.8,17534,27788,15140,24834,9021,4839,8366,80.7,43.6,26.4,25000,63.7
"Pennsylvania State University-Penn State York","PA",214829,0,"Middle States Commission on Higher Education",3,4,"Public","Northeast","Suburb",39.95283,-76.703486,92.9,NA,1194,0,662,66.2,7.6,10.4,6.7,9.2,12.2,19080,26650,15140,24834,9406,5045,9561,61.8,28.9,10.1,25000,34.6
"Peirce College","PA",214883,1,"Middle States Commission on Higher Education",3,4,"Private","Northeast","City",39.949623,-75.168105,NA,NA,NA,0,761,19.2,51.6,13.5,3.3,12.4,78.6,NA,18260,15060,15060,16231,8493,7974,100,52.5,5.3,31250,75.9
"Pennsylvania Academy of the Fine Arts","PA",214971,1,"Middle States Commission on Higher Education",3,4,"Private","Northeast","City",39.955692,-75.163456,91.3,NA,NA,0,114,55.3,9.7,10.5,5.3,19.3,3.5,NA,63997,42100,42100,13544,20782,6119,40.8,33.9,50,22309,68.4
"Pennsylvania College of Art and Design","PA",215053,1,"National Association of Schools of Arts and Design",3,3,"Private","Northeast","City",40.041152,-76.308769,44.3,NA,NA,0,236,70.8,12.7,0.9,5.9,9.8,5.1,NA,39413,29450,29450,23736,8816,4772,19.3,47.1,60,27000,72
"University of Pennsylvania","PA",215062,1,"Middle States Commission on Higher Education",3,4,"Private","Northeast","City",39.950929,-75.19391,6.5,34,1546,0,10572,32.4,8.1,10.4,26.7,22.4,4,NA,83298,63452,63452,45024,55606,20131,76.2,15.2,96.1,15715,55
"University of the Arts","PA",215105,1,NA,3,4,"Private","Northeast","City",39.946017,-75.165888,80,NA,NA,0,1160,49.7,21.1,14.3,4.1,10.7,2.2,NA,67900,51130,51130,24743,14978,7224,24.8,32.9,66,27000,65.7
"Cairn University-Langhorne","PA",215114,1,"Middle States Commission on Higher Education",3,4,"Private","Northeast","Suburb",40.165809,-74.909509,81,NA,NA,0,780,66.8,7.7,3.2,2.9,19.4,4.4,NA,44533,31965,31965,11140,6331,6288,37.1,32.9,55.9,26926,50.6
"University of Pittsburgh-Bradford","PA",215266,0,"Middle States Commission on Higher Education",3,3,"Public","Northeast","Town",41.943415,-78.673701,93.6,24,1071,0,1051,66,13.9,5.6,4.3,10.2,4.5,17215,28611,14620,26494,10518,10250,8158,70.1,45.6,41.6,24250,54
"University of Pittsburgh-Greensburg","PA",215275,0,"Middle States Commission on Higher Education",3,3,"Public","Northeast","Suburb",40.276447,-79.532676,97.6,22,1158,0,1323,76.1,7.3,5,4.2,7.4,4.4,18487,28051,14630,26504,13107,7422,7602,81.5,36.7,38.6,24250,58.2
"University of Pittsburgh-Johnstown","PA",215284,0,"Middle States Commission on Higher Education",3,3,"Public","Northeast","Suburb",40.265957,-78.834163,97.4,24,1153,0,2039,75.4,4.8,5.2,2.9,11.7,2.2,17961,27754,14646,26520,12205,9029,7905,91,29.4,48.3,24250,43.4
"University of Pittsburgh-Pittsburgh Campus","PA",215293,1,"Middle States Commission on Higher Education",3,4,"Public","Northeast","City",40.444388,-79.953254,49.1,31,1380,0,19954,62.4,5.4,6.9,14.1,11.3,3.6,29187,35928,21080,37320,19618,19312,11391,77,13.9,83.7,24250,57.4
"Point Park University","PA",215442,1,"Middle States Commission on Higher Education",3,4,"Private","Northeast","City",40.438768,-80.002061,82,22,1150,0,2410,67.2,12.4,10,2.1,8.3,8.8,NA,49275,36620,36620,18003,10272,9094,29.4,37.8,58.8,27000,63.8
"Robert Morris University","PA",215655,1,"Middle States Commission on Higher Education",3,4,"Private","Northeast","Suburb",40.520415,-80.210468,93.8,NA,NA,0,2738,76.1,7,3.5,1.6,11.8,5.7,NA,48084,33767,33767,18748,12042,12904,100,28.8,64.8,26950,44.6
"Rosemont College","PA",215691,1,"Middle States Commission on Higher Education",3,4,"Private","Northeast","Suburb",40.033417,-75.32925,75.6,21,NA,0,446,29.4,24.4,12.8,1.6,31.8,22.2,NA,34813,21175,21175,13888,7426,5650,24.3,33.2,43.2,27000,52.5
"Saint Francis University","PA",215743,1,"Middle States Commission on Higher Education",3,4,"Private","Northeast","Rural",40.506734,-78.63904,73,NA,1142,0,1639,81.5,6,1,2.4,9.1,9.1,NA,56242,40520,40520,14864,8949,7389,100,17.2,71.6,27000,64.1
"Saint Joseph's University","PA",215770,1,"Middle States Commission on Higher Education",3,4,"Private","Northeast","City",39.994442,-75.238343,88.7,28,1242,0,4978,67.1,6.3,9,10.8,6.7,3.4,NA,63376,49610,49610,22053,13025,11079,100,17.5,82,25500,54.9
"Saint Vincent College","PA",215798,1,"Middle States Commission on Higher Education",3,4,"Private","Northeast","Suburb",40.29265,-79.403762,73.4,25,1152,0,1335,81.1,5.5,4.9,1.5,7,1.7,NA,53487,39903,39903,15420,11503,7956,97.2,27.3,76.1,27000,42.2
"University of Scranton","PA",215929,1,"Middle States Commission on Higher Education",3,4,"Private","Northeast","City",41.406556,-75.656915,84.4,26,1237,0,3515,74.1,3.6,12.3,3.6,6.5,2.3,NA,65421,50312,50312,21851,14303,10689,67.9,19.6,79.9,27000,56.8
"Seton Hill University","PA",215947,1,"Middle States Commission on Higher Education",3,4,"Private","Northeast","Suburb",40.309407,-79.557433,78.3,NA,1160,0,1615,80.4,7.2,3.8,2,6.5,7.9,NA,52892,40224,40224,13878,10366,7872,94.8,32.6,71.6,27000,65.5
"Shippensburg University of Pennsylvania","PA",216010,1,"Middle States Commission on Higher Education",3,4,"Public","Northeast","Town",40.057933,-77.522335,87.8,NA,1090,0,4283,72.5,12.9,7,1.5,6.1,7.1,21562,27961,13544,14272,8663,10713,11367,78.1,30.1,50.2,25000,50.7
"Slippery Rock University of Pennsylvania","PA",216038,1,"Middle States Commission on Higher Education",3,4,"Public","Northeast","Town",41.062719,-80.045965,74.3,23,1060,0,6707,84.2,4.4,3,0.9,7.5,5.9,19718,24328,10507,14615,8655,8561,10333,87.2,29,66.5,25000,55.5
"Saint Charles Borromeo Seminary-Overbrook","PA",216047,1,"Middle States Commission on Higher Education",3,4,"Private","Northeast","Suburb",39.99133,-75.255675,75,NA,NA,0,32,65.6,3.1,18.8,6.2,6.2,0,NA,43331,24060,24060,17078,9453,4222,95,4.3,58.8,NA,0
"Susquehanna University","PA",216278,1,"Middle States Commission on Higher Education",3,4,"Private","Northeast","Town",40.797502,-76.875329,76.7,NA,1195,0,2139,79.1,6.2,6.6,1.7,6.4,0.8,NA,69479,55160,55160,15388,11983,8630,66.4,24.4,75.7,27000,57.3
"Swarthmore College","PA",216287,1,"Middle States Commission on Higher Education",3,3,"Private","Northeast","Suburb",39.905159,-75.354278,6.9,34,1507,0,1619,31.6,9,14.3,17.7,27.4,0,NA,75793,59328,59328,29620,37950,13487,88,19.4,93.7,17500,51.2
"Talmudical Yeshiva of Philadelphia","PA",216311,1,"Association of Advanced Rabbinical and Talmudic Schools",3,3,"Private","Northeast","City",39.989249,-75.247964,87.5,NA,NA,0,123,96.8,0,0,0,3.2,0,NA,20980,10275,10275,14054,21459,4645,NA,27.7,60.5,NA,0
"Temple University","PA",216339,1,"Middle States Commission on Higher Education",3,4,"Public","Northeast","City",39.980546,-75.156859,79.7,NA,NA,0,23697,50.2,16,9.2,14.1,10.5,7.5,23742,33768,21135,35608,24041,16367,12226,55.9,29.8,77.9,24395,55.9
"Thiel College","PA",216357,1,"Middle States Commission on Higher Education",3,4,"Private","Northeast","Town",41.41354,-80.384383,82.3,21,NA,0,776,76.8,11.6,2.6,1.4,7.6,1.2,NA,50257,35450,35450,11251,11274,7204,67.4,39.2,43.3,27000,48.8
"Thomas Jefferson University","PA",216366,1,"Middle States Commission on Higher Education",3,4,"Private","Northeast","City",39.948274,-75.158266,88.8,28,1244,0,3739,49.3,14.1,11.6,15.2,9.7,11,NA,60556,44350,44350,24826,30665,10274,31.5,32.6,67.6,14744,74.3
"Ursinus College","PA",216524,1,"Middle States Commission on Higher Education",3,3,"Private","Northeast","Suburb",40.193023,-75.456505,82.2,30,1293,0,1505,75,7.2,7,3.5,7.4,0.2,NA,73603,58016,58016,18736,13565,9048,74.9,19.3,73,27000,48.2
"University of Valley Forge","PA",216542,1,"Middle States Commission on Higher Education",3,4,"Private","Northeast","Suburb",40.117835,-75.5469,82.4,NA,NA,0,489,46.2,16,26,2.5,9.4,9,NA,40922,23750,23750,9990,8049,6814,24.7,49.8,42.3,27000,53
"Villanova University","PA",216597,1,"Middle States Commission on Higher Education",3,4,"Private","Northeast","Suburb",40.036463,-75.340502,23.4,33,1454,0,6926,68.3,5.7,10.9,7.2,7.8,2.5,NA,77650,61618,61618,32601,16841,12757,67.1,11.6,90.6,25874,53.7
"Washington & Jefferson College","PA",216667,1,"Middle States Commission on Higher Education",3,3,"Private","Northeast","Suburb",40.170622,-80.24049,88.1,26,1145,0,1139,76.5,7.5,5.5,1.7,8.9,0.8,NA,64529,50192,50192,13957,16480,8299,100,32.1,74.1,27000,47.3
"Waynesburg University","PA",216694,1,"Middle States Commission on Higher Education",3,4,"Private","Northeast","Town",39.899871,-80.186205,75.6,NA,1120,0,1066,85.6,5,3.7,0.8,5.1,1,NA,39689,28490,28490,12385,11016,6961,43.1,30.4,59.6,27000,56.3
"West Chester University of Pennsylvania","PA",216764,1,"Middle States Commission on Higher Education",3,4,"Public","Northeast","Suburb",39.953398,-75.59812,87.8,26,1165,0,14014,73.4,11.3,7.2,3.1,4.9,10.3,24128,28335,10575,22399,10093,8027,10550,71.5,24.5,71.6,23500,59.3
"Westminster College","PA",216807,1,"Middle States Commission on Higher Education",3,4,"Private","Northeast","Rural",41.119272,-80.331017,75.3,23,NA,0,1023,79.4,6.3,3.8,1,9.6,1.9,NA,51406,38700,38700,10595,9874,7267,60.5,27.8,62.2,26060,52.6
"Widener University","PA",216852,1,"Middle States Commission on Higher Education",3,4,"Private","Northeast","Suburb",39.861689,-75.355363,87.7,NA,1212,0,2513,65.5,18.2,6.2,4.3,5.8,7.5,NA,64456,51639,51639,21767,13375,8398,44.9,20.2,67.9,27000,58.5
"Wilkes University","PA",216931,1,"Middle States Commission on Higher Education",3,4,"Private","Northeast","City",41.244199,-75.890262,94.1,24,1159,0,1904,72.4,5.2,10.2,2.4,9.8,5.4,NA,56215,41112,41112,19652,10595,9257,38.6,31.3,59.4,26000,53.5
"Wilson College","PA",217013,1,"Middle States Commission on Higher Education",3,4,"Private","Northeast","City",39.949659,-77.650712,94,NA,1060,0,635,77.2,8.2,8,0.8,5.8,17.2,NA,37890,26200,26200,12466,5807,6836,100,24.5,50.4,26328,80.2
"York College of Pennsylvania","PA",217059,1,"Middle States Commission on Higher Education",3,4,"Private","Northeast","Suburb",39.94614,-76.727984,95.6,25,1122,0,3219,74.7,6.5,8.6,1.9,8.3,8.1,NA,34433,23328,23328,15549,11288,9256,40.6,24.9,64.9,26000,56.3
"Brown University","RI",217156,1,"New England Commission on Higher Education",3,4,"Private","Northeast","City",41.82617,-71.40385,5.1,34,1547,0,7222,38.3,8.2,11.6,19.1,22.8,0.8,NA,82570,65146,65146,40474,35131,16831,89.7,13.1,95,11428,50.8
"Bryant University","RI",217165,1,"New England Commission on Higher Education",3,4,"Private","Northeast","Suburb",41.920092,-71.539547,68.8,28,1256,0,3193,75.5,4,7.2,3.7,9.6,0.7,NA,65678,49329,49329,28389,11866,14368,58.6,11.2,82.5,26849,36.2
"Johnson & Wales University-Providence","RI",217235,1,"New England Commission on Higher Education",3,4,"Private","Northeast","City",41.819956,-71.41277,83.4,NA,1094,0,4135,58.7,10.8,15.7,3.8,11.1,4.7,NA,55633,38492,38492,19364,12033,10061,100,33.5,58.5,26000,61.3
"Providence College","RI",217402,1,"New England Commission on Higher Education",3,4,"Private","Northeast","City",41.842742,-71.437446,52.8,29,1334,0,3959,77,3.5,9.6,1.6,8.3,3.3,NA,73779,57928,57928,32051,15266,11326,65.8,13.8,85.6,27000,54.1
"Rhode Island College","RI",217420,1,"New England Commission on Higher Education",3,4,"Public","Northeast","Suburb",41.842415,-71.46556,87.5,NA,990,0,4596,51,11.1,25.8,3.3,8.8,19.9,12599,18709,10966,26499,9510,12676,10664,100,42.8,43.9,20500,68.9
"University of Rhode Island","RI",217484,1,"New England Commission on Higher Education",3,4,"Public","Northeast","Suburb",41.484691,-71.527356,76.4,28,1178,0,13828,74.3,4.8,10.9,3.3,6.7,6.7,19694,31804,15880,34362,16429,9672,10718,68.9,21.9,71.6,22250,57.3
"Rhode Island School of Design","RI",217493,1,"New England Commission on Higher Education",3,4,"Private","Northeast","City",41.827114,-71.409309,17.4,31,1433,0,2108,22.7,4.4,8.4,22.6,41.9,0,NA,77280,57505,57505,45723,20975,10648,39.2,15.1,91,27000,67.2
"Roger Williams University","RI",217518,1,"New England Commission on Higher Education",3,4,"Private","Northeast","Suburb",41.650214,-71.260374,91,NA,1215,0,3971,74.5,3.1,9.7,1.8,10.9,6.9,NA,58334,40962,40962,21685,16150,12610,41,11.4,66.4,26940,50.1
"Salve Regina University","RI",217536,1,"New England Commission on Higher Education",3,4,"Private","Northeast","Suburb",41.471545,-71.30124,69.5,NA,1216,0,2174,79.8,1.5,9.1,1.3,8.3,2.7,NA,64895,46000,46000,19608,9608,9027,97,16.7,75.6,27000,68.9
"Northpoint Bible College","MA",217606,1,"Association for Biblical Higher Education",3,4,"Private","Northeast","Suburb",42.765357,-71.079335,NA,NA,NA,0,181,68,9.9,10.5,0.5,11.1,26,NA,32474,14160,14160,9173,7276,4879,21,53.8,31.4,25000,49.7
"Allen University","SC",217624,1,"Southern Association of Colleges and Schools Commission on Colleges",3,4,"Private","Southeast","City",34.010348,-81.020045,43.4,NA,NA,0,603,0.3,93,2.3,0.2,4.1,4.5,NA,25042,13422,13422,8174,5491,5859,62,86.7,8.2,34290,43
"Anderson University","SC",217633,1,"Southern Association of Colleges and Schools Commission on Colleges",3,4,"Private","Southeast","City",34.5152,-82.640358,45.4,NA,NA,0,2960,84,4.1,0,1.8,10.1,3.8,NA,45980,31720,31720,15740,7367,7285,100,21.8,60.3,26700,67
"Charleston Southern University","SC",217688,1,"Southern Association of Colleges and Schools Commission on Colleges",3,4,"Private","Southeast","City",32.983047,-80.072587,86.8,21,1072,0,2771,48.6,16.2,5.9,1.2,28.2,6.8,NA,42810,29990,29990,13029,9771,6200,59.9,35.4,43.7,26471,63.7
"Benedict College","SC",217721,1,"Southern Association of Colleges and Schools Commission on Colleges",3,4,"Private","Southeast","City",34.012941,-81.020403,67.8,NA,900,0,1726,0.6,79.1,2.4,0.4,17.4,1,NA,29926,17200,17200,10108,4414,7011,67.4,68.4,19.8,32500,55.7
"Bob Jones University","SC",217749,1,"Transnational Association of Christian Colleges and Schools",3,4,"Private","Southeast","City",34.874016,-82.365838,NA,NA,NA,0,2374,75.6,1.9,8,3.3,11.1,5,NA,32671,21890,21890,10469,6675,5405,92.3,31.5,69.2,16585,54.5
"Southern Wesleyan University","SC",217776,1,"Southern Association of Colleges and Schools Commission on Colleges",3,4,"Private","Southeast","Suburb",34.728068,-82.761586,51.2,21,1090,0,798,66.5,16.9,6.3,0.5,9.8,19.8,NA,37082,27820,27820,13000,6365,5111,100,41.4,59.7,26000,63
"College of Charleston","SC",217819,1,"Southern Association of Colleges and Schools Commission on Colleges",3,4,"Public","Southeast","City",32.784225,-79.939794,75.7,26,1239,0,9667,78.9,5.6,7.2,1.9,6.4,5.4,18690,30468,12978,35798,16337,8763,9491,63.2,20.6,64.7,23250,67.2
"Citadel Military College of South Carolina","SC",217864,1,"Southern Association of Colleges and Schools Commission on Colleges",3,4,"Public","Southeast","City",32.797183,-79.958775,98.6,NA,1178,0,2658,75.4,7.3,7.7,2,7.6,7.1,21619,30690,12570,35826,12059,12284,9394,67,19.5,70.4,21096,14.4
"Claflin University","SC",217873,1,"Southern Association of Colleges and Schools Commission on Colleges",3,4,"Private","Southeast","Town",33.498444,-80.854319,78,NA,NA,0,1730,3.8,89.1,1.2,0.5,5.4,6.5,NA,33658,17046,17046,15271,8331,7761,73.9,74.3,50,29000,68.8
"Clemson University","SC",217882,1,"Southern Association of Colleges and Schools Commission on Colleges",3,4,"Public","Southeast","Suburb",34.679381,-82.835114,43,30,1341,0,22467,77.1,5.4,7.9,2.9,6.6,3.4,22433,34001,15558,39502,19373,12739,11217,82.2,14.7,85.3,21500,52.5
"Coker University","SC",217907,1,"Southern Association of Colleges and Schools Commission on Colleges",3,4,"Private","Southeast","Town",34.37696,-80.070416,94.1,20,NA,0,773,52.5,27.4,5.4,0.8,13.8,3.4,NA,44864,31764,31764,9593,6373,6061,44.1,34,41.7,26000,56.4
"Columbia International University","SC",217925,1,"Southern Association of Colleges and Schools Commission on Colleges",3,4,"Private","Southeast","City",34.07551,-81.07443,48.2,21,1074,0,775,59.7,20.9,2.1,1.7,15.6,27.5,NA,38781,26840,26840,9171,6383,5052,92.2,32,70,20000,49.4
"Columbia College","SC",217934,1,"Southern Association of Colleges and Schools Commission on Colleges",3,4,"Private","Southeast","City",34.045581,-81.029967,98.1,NA,972,0,1136,39.3,38.3,10.4,1.8,10.3,30.6,NA,34974,22050,22050,12433,7907,6721,24.6,53.3,55.5,22750,83.5
"Converse University","SC",217961,1,"Southern Association of Colleges and Schools Commission on Colleges",3,4,"Private","Southeast","City",34.955534,-81.917881,55.6,NA,1143,0,804,52.7,13.8,11.4,3.4,18.6,2.9,NA,34643,21410,21410,9283,9107,6386,97.8,41.9,57.1,27000,79
"Erskine College","SC",217998,1,"Southern Association of Colleges and Schools Commission on Colleges",3,4,"Private","Southeast","Rural",34.332087,-82.39095,53.2,20,1053,0,817,50.9,24.6,6.7,1.5,16.3,6.5,NA,53405,36710,36710,8006,5020,5263,100,41.6,46.4,27000,33.9
"Francis Marion University","SC",218061,1,"Southern Association of Colleges and Schools Commission on Colleges",3,4,"Public","Southeast","Rural",34.189777,-79.652854,82.9,19,993,0,2684,47.5,39.3,4.2,1.3,7.7,5.5,12106,22683,11160,21544,6695,10395,7866,69.5,44.8,39.2,27000,64.9
"Furman University","SC",218070,1,"Southern Association of Colleges and Schools Commission on Colleges",3,4,"Private","Southeast","Suburb",34.924676,-82.440458,67,31,1361,0,2278,76.6,5.9,6,3.6,7.9,0.8,NA,69678,55772,55772,22955,24317,10080,83.9,11.1,85.4,23250,58.7
"Lander University","SC",218229,1,"Southern Association of Colleges and Schools Commission on Colleges",3,4,"Public","Southeast","Town",34.199892,-82.164736,67.4,21,1076,0,3360,64.7,23.9,2.1,0.3,9,5,15344,25593,11700,21300,3969,5930,5268,62.2,39.2,44.9,25000,67.8
"Limestone University","SC",218238,1,"Southern Association of Colleges and Schools Commission on Colleges",3,4,"Private","Southeast","Town",35.057076,-81.649161,89.5,NA,NA,0,1551,47.4,32,2.8,0.8,16.8,15.9,NA,42472,26300,26300,12033,8567,6119,100,41.8,25.4,27639,50.5
"Medical University of South Carolina","SC",218335,1,"Southern Association of Colleges and Schools Commission on Colleges",3,4,"Public","Southeast","City",32.784363,-79.947158,NA,NA,NA,0,300,77,10,4.3,2.3,6.3,3.3,NA,NA,NA,NA,29364,68435,10746,84.2,13.5,NA,15000,89.3
"Morris College","SC",218399,1,"Southern Association of Colleges and Schools Commission on Colleges",3,3,"Private","Southeast","City",33.938574,-80.346155,NA,NA,NA,0,384,1,93,2.3,0,3.7,1,NA,29101,15758,15758,13691,9271,5321,53.2,84.2,23.8,31400,52.6
"Newberry College","SC",218414,1,"Southern Association of Colleges and Schools Commission on Colleges",3,3,"Private","Southeast","Town",34.285868,-81.619777,75.3,19,1001,0,1292,40.9,30.5,4.9,0.5,23.2,2.2,NA,43485,29100,29100,11159,7118,6646,100,49.3,49.5,26805,44.9
"North Greenville University","SC",218441,1,"Southern Association of Colleges and Schools Commission on Colleges",3,4,"Private","Southeast","Rural",35.069758,-82.37026,76.1,22,NA,0,1651,63.1,9,4.4,0.7,22.7,4.7,NA,38625,23590,23590,10713,7571,6047,72.5,30.4,53.6,23082,51.8
"Presbyterian College","SC",218539,1,"Southern Association of Colleges and Schools Commission on Colleges",3,4,"Private","Southeast","Town",34.465834,-81.87448,59.4,23,1156,0,877,64.3,19.6,6,0.9,9.1,0.5,NA,55950,41900,41900,17813,13876,8398,100,28.7,63.4,26000,49.8
"University of South Carolina Aiken","SC",218645,1,"Southern Association of Colleges and Schools Commission on Colleges",3,4,"Public","Southeast","Suburb",33.572704,-81.767612,75.6,20,1080,0,2817,60.9,22.3,7.4,1.4,8,15.4,11476,20783,10760,21218,6095,8951,7625,60.6,37.5,42.4,24275,63.1
"University of South Carolina Beaufort","SC",218654,1,"Southern Association of Colleges and Schools Commission on Colleges",3,4,"Public","Southeast","Town",32.303308,-80.973595,80,NA,NA,0,1885,60,21,10.3,0.9,7.9,11.8,15848,23345,10730,21776,6001,8684,7872,53.8,39.7,38.5,24000,67.8
"University of South Carolina-Columbia","SC",218663,1,"Southern Association of Colleges and Schools Commission on Colleges",3,4,"Public","Southeast","City",33.996788,-81.026935,64,29,1304,0,26840,73.5,9,5.8,4.3,7.4,3.3,21044,28844,12688,33928,13550,12962,11492,73.6,19.2,78.3,21500,56.4
"Coastal Carolina University","SC",218724,1,"Southern Association of Colleges and Schools Commission on Colleges",3,4,"Public","Southeast","City",33.794995,-79.011767,78.6,23,1105,0,9495,70.4,14.2,6.2,1,8.2,5.3,12952,25333,11640,28490,13654,9223,8397,100,30.4,48,23750,55.1
"South Carolina State University","SC",218733,1,"Southern Association of Colleges and Schools Commission on Colleges",3,4,"Public","Southeast","Town",33.497968,-80.848722,83.9,17,NA,0,2351,1.8,89.9,0.3,0.1,7.9,10.1,17552,29886,11060,21750,9525,10020,7626,100,65.6,34.4,31000,53.6
"University of South Carolina-Upstate","SC",218742,1,"Southern Association of Colleges and Schools Commission on Colleges",3,4,"Public","Southeast","Suburb",34.996403,-81.970583,78.6,21,1078,0,4046,46.1,33.9,8.6,3.2,8.2,13.2,13466,24523,11583,22545,5790,7517,7736,57.4,45.4,43.2,22310,66.7
"Voorhees University","SC",218919,1,"Southern Association of Colleges and Schools Commission on Colleges",3,3,"Private","Southeast","Rural",33.307199,-81.127863,NA,NA,NA,0,473,0.2,93,0,0,6.8,11.6,NA,26282,12630,12630,8788,12601,4776,59,81.3,36,26700,55.4
"Winthrop University","SC",218964,1,"Southern Association of Colleges and Schools Commission on Colleges",3,4,"Public","Southeast","City",34.941515,-81.031404,69.8,23,1106,0,3376,51.4,32.5,7.3,2,6.8,6,16576,29729,15866,30196,8713,10183,8179,63.4,40.8,60.9,26975,66.3
"Wofford College","SC",218973,1,"Southern Association of Colleges and Schools Commission on Colleges",3,3,"Private","Southeast","City",34.959411,-81.933568,60.2,30,1300,0,1823,79.9,6.6,5.7,2.1,5.6,0.9,NA,67045,51530,51530,18878,13433,8860,84.1,15.4,82.5,25732,52.3
"Augustana University","SD",219000,1,"Higher Learning Commission",3,4,"Private","Midwest","City",43.525148,-96.736975,65.8,25,1191,0,1759,77.8,3,4.4,2.1,12.7,2,NA,51613,37342,37342,13772,14448,7181,68.8,18.2,75.5,25000,62.2
"Black Hills State University","SD",219046,1,"Higher Learning Commission",3,4,"Public","Midwest","Town",44.494889,-103.870966,96.6,21,1085,0,1933,89,0.6,3.3,0.4,6.8,19.4,17111,20843,9000,12100,6123,5460,7606,62.8,20.2,44.3,26000,67.4
"Dakota State University","SD",219082,1,"Higher Learning Commission",3,4,"Public","Midwest","Town",44.013014,-97.113358,78.9,23,1141,0,1894,78.1,3.9,5.4,2.5,10,27.6,18356,22651,9633,12735,7913,8819,9020,71.6,17.8,48.7,23500,29.8
"Dakota Wesleyan University","SD",219091,1,"Higher Learning Commission",3,4,"Private","Midwest","Town",43.697432,-98.031188,74.8,22,1050,0,632,79.1,1.1,8.1,1.3,10.4,8.7,NA,40906,31890,31890,12620,6265,6370,60.9,26.9,53.4,27000,50.3
"Mount Marty University","SD",219198,1,"Higher Learning Commission",3,4,"Private","Midwest","Town",42.874475,-97.409904,68.4,22,1050,0,693,71,6.9,5.9,0.6,15.6,11.1,NA,44064,31500,31500,11004,8516,7238,35.8,17.9,56.7,26396,48
"National American University-Rapid City","SD",219204,1,"Higher Learning Commission",3,4,"Profit","Midwest","City",44.03152,-103.250223,NA,NA,NA,1,922,40.7,26.4,14.6,1.5,16.8,89.4,NA,28827,16065,16065,14056,1632,NA,0,56.7,33.3,29020,53.9
"Kairos University","SD",219240,1,"Commission on Accrediting of the Association of Theological Schools",3,4,"Private","Midwest","City",43.525446,-96.735896,100,NA,NA,0,38,86.8,2.6,0,5.3,5.3,71,NA,NA,3600,3600,5309,2409,5691,100,0,NA,NA,50
"Northern State University","SD",219259,1,"Higher Learning Commission",3,4,"Public","Midwest","Town",45.450829,-98.484728,78.1,21,1087,0,1258,80.2,3.7,5,2.7,8.3,19.2,17523,22455,8845,11947,5612,10506,8004,97,13.3,50.8,22320,58.2
"Presentation College","SD",219295,1,NA,3,4,"Private","Midwest","Rural",45.483339,-98.49129,75.6,20,998,0,586,63.8,10.2,9.7,1.9,14.3,34.1,NA,37503,22764,22764,13998,6680,5490,53.3,37.5,26.8,25000,61.8
"South Dakota School of Mines and Technology","SD",219347,1,"Higher Learning Commission",3,4,"Public","Midwest","City",44.075439,-103.205753,82.7,27,1252,0,2047,83.4,1.1,5.4,1.5,8.5,15.9,21282,25988,10440,14860,9444,12754,10240,88.1,16.3,55.9,27000,22.7
"South Dakota State University","SD",219356,1,"Higher Learning Commission",3,4,"Public","Midwest","Town",44.317485,-96.782139,86.1,22,1121,0,8627,86.4,1.7,2.8,1.2,7.9,12.1,18125,22447,9299,12809,8918,8981,9342,78.9,18,59.3,23250,53.9
"University of Sioux Falls","SD",219383,1,"Higher Learning Commission",3,4,"Private","Midwest","City",43.531574,-96.738229,75.9,NA,NA,0,1299,79.2,5.3,3.9,1.2,10.4,9.8,NA,31730,20290,20290,11928,5903,6748,100,27.6,59.3,23249,62.1
"University of South Dakota","SD",219471,1,"Higher Learning Commission",3,4,"Public","Midwest","Town",42.786019,-96.925283,99.5,22,1122,0,5265,81.3,3.6,5.3,1.2,8.6,14.5,19499,23178,9432,12942,8211,10831,8799,67.7,19.3,57.2,23592,64.2
"American Baptist College","TN",219505,1,"Association for Biblical Higher Education",3,3,"Private","Southeast","City",36.202623,-86.789912,NA,NA,NA,0,52,0,94.2,1.9,0,3.8,28.8,NA,27208,12474,12474,32141,21610,5278,16.7,75,25,NA,34.6
"Austin Peay State University","TN",219602,1,"Southern Association of Colleges and Schools Commission on Colleges",3,4,"Public","Southeast","City",36.533319,-87.354081,93.8,21,1089,0,7054,53,21.6,11,2.3,12.1,25.3,15914,25804,8431,13975,5791,9383,8482,100,45,43.2,20547,59
"Baptist Health Sciences University","TN",219639,1,"Southern Association of Colleges and Schools Commission on Colleges",3,4,"Private","Southeast","City",35.138415,-90.027501,40.9,22,1120,0,777,42.1,44,5,2.5,6.4,61,NA,21043,13078,13078,16719,13361,7182,100,54.5,58.5,29500,91.4
"Belmont University","TN",219709,1,"Southern Association of Colleges and Schools Commission on Colleges",3,4,"Private","Southeast","City",36.135589,-86.794807,96.3,27,1269,0,7349,77.3,4.9,8.4,2.9,6.5,3.6,NA,58305,39850,39850,25037,10971,9832,59.3,16.8,72.5,20500,66.4
"Bethel University","TN",219718,1,"Southern Association of Colleges and Schools Commission on Colleges",3,4,"Private","Southeast","Town",36.137848,-88.516762,88.8,18,1021,0,2906,53.5,31.2,3.1,0.2,12,18.2,NA,26998,17482,17482,8022,5155,3425,98.6,34.1,45,27249,47.4
"Bryan College-Dayton","TN",219790,1,"Southern Association of Colleges and Schools Commission on Colleges",3,4,"Private","Southeast","Town",35.497209,-84.999552,NA,NA,NA,0,882,83.8,4.7,3.7,0.8,7,14.3,NA,28662,17900,17900,9022,4865,6221,25.6,25.9,51.5,23000,51.4
"Carson-Newman University","TN",219806,1,"Southern Association of Colleges and Schools Commission on Colleges",3,4,"Private","Southeast","Suburb",36.122934,-83.491709,79.8,22,1112,0,1426,73.3,9.4,5.4,1,10.9,1.7,NA,43885,33000,33000,10816,5423,6325,56.1,39.8,56.2,21500,56.1
"Christian Brothers University","TN",219833,1,"Southern Association of Colleges and Schools Commission on Colleges",3,4,"Private","Southeast","City",35.127437,-89.983241,87.5,22,1150,0,1032,27.5,19,10.8,3.3,39.3,4.5,NA,45249,35520,35520,12700,8472,7663,95,36.5,59.8,27000,54.8
"Cumberland University","TN",219949,1,"Southern Association of Colleges and Schools Commission on Colleges",3,4,"Private","Southeast","Town",36.204514,-86.298782,66.2,NA,NA,0,1934,52.4,10.7,6.6,1.4,28.8,5.2,NA,40945,26400,26400,8047,3857,5414,43.7,33.6,48.5,17952,57.6
"Lipscomb University","TN",219976,1,"Southern Association of Colleges and Schools Commission on Colleges",3,4,"Private","Southeast","City",36.106253,-86.799791,71.1,26,1275,0,2950,70.9,7,10.1,4.1,8,5.4,NA,51502,37152,37152,19042,11566,8567,49.6,22.6,69.3,19500,61
"East Tennessee State University","TN",220075,1,"Southern Association of Colleges and Schools Commission on Colleges",3,4,"Public","Southeast","City",36.301643,-82.366954,85.3,23,1114,0,9772,74.6,6.7,3.9,1.8,13,13.5,12886,24278,9674,13484,9464,13606,7966,61.4,38,55.1,19442,61.1
"Fisk University","TN",220181,1,"Southern Association of Colleges and Schools Commission on Colleges",3,4,"Private","Southeast","City",36.167087,-86.804805,71,23,1200,0,1009,0.3,72.9,1.9,0.2,24.7,2.6,NA,39142,23578,23578,8791,7850,5635,59.5,52.7,56.1,27000,67.1
"Welch College","TN",220206,1,"Southern Association of Colleges and Schools Commission on Colleges",3,4,"Private","Southeast","Suburb",36.36719,-86.549153,NA,NA,NA,0,247,78.1,6.1,4,0.8,10.9,21.5,NA,32937,20170,20170,8952,7501,5582,48.3,27.1,59.3,19500,44.1
"Freed-Hardeman University","TN",220215,1,"Southern Association of Colleges and Schools Commission on Colleges",3,4,"Private","Southeast","Town",35.440611,-88.637964,91.2,24,1147,0,1384,87.5,3.5,0.1,1,7.9,3.2,NA,35735,24300,24300,8955,7955,7279,100,23.5,69.8,21500,54.8
"Johnson University","TN",220473,1,"Southern Association of Colleges and Schools Commission on Colleges",3,4,"Private","Southeast","Rural",35.937193,-83.750273,63.2,22,1084,0,668,83.1,4.3,3.3,0.4,8.8,9.6,NA,30442,19274,19274,13405,10163,5947,100,41.8,65.6,21500,53.1
"King University","TN",220516,1,"Southern Association of Colleges and Schools Commission on Colleges",3,4,"Private","Southeast","City",36.585309,-82.159421,60.8,21,NA,0,1065,81.9,5.9,0.9,1.3,10,8.6,NA,44974,33784,33784,11179,6485,5238,72.9,42.3,46.3,22750,62.9
"Lane College","TN",220598,1,"Southern Association of Colleges and Schools Commission on Colleges",3,3,"Private","Southeast","City",35.627378,-88.806535,NA,NA,NA,0,1010,1.6,77.9,1.8,0,18.7,5.5,NA,23553,11790,11790,9507,6535,5981,89.2,82.8,17.9,30500,44
"Le Moyne-Owen College","TN",220604,1,"Southern Association of Colleges and Schools Commission on Colleges",3,3,"Private","Southeast","City",35.118641,-90.034101,99.6,15,NA,0,605,0.8,95,1.7,0,2.5,11.7,NA,18458,12076,12076,10760,6238,4918,48.1,76.8,18.1,28070,64.5
"Lee University","TN",220613,1,"Southern Association of Colleges and Schools Commission on Colleges",3,4,"Private","Southeast","City",35.166019,-84.871399,72.6,24,1174,0,2932,82.3,4.3,1.6,1.4,10.4,8.9,NA,32673,21730,21730,13606,8244,7540,90.3,30,62.8,25750,61.4
"Lincoln Memorial University","TN",220631,1,"Southern Association of Colleges and Schools Commission on Colleges",3,4,"Private","Southeast","Town",36.578508,-83.660198,78.5,22,1060,0,1461,77,5.8,5.3,2.5,9.4,17.4,NA,37976,25180,25180,30364,10417,7220,56.2,39.7,50.8,20000,70.6
"The University of Tennessee Southern","TN",220701,1,"Southern Association of Colleges and Schools Commission on Colleges",3,4,"Public","Southeast","Town",35.201019,-87.035661,80.3,21,1091,0,787,75.3,6,5,0.8,13,4.8,15725,26042,10200,10200,3334,7386,6156,100,38.6,30.3,21500,58.6
"Maryville College","TN",220710,1,"Southern Association of Colleges and Schools Commission on Colleges",3,3,"Private","Southeast","Suburb",35.751505,-83.964223,69.5,24,1143,0,977,72.4,9.9,5.1,0.9,11.7,0.9,NA,52089,37758,37758,13535,8214,6617,100,36.9,53.3,25375,54.2
"University of Memphis","TN",220862,1,"Southern Association of Colleges and Schools Commission on Colleges",3,4,"Public","Southeast","City",35.118878,-89.938068,94.6,NA,1090,0,14181,40.2,38.8,9.6,4.5,6.9,23,13216,23875,10056,14280,8328,9749,9139,71.4,41.7,48.3,23300,60.6
"Middle Tennessee State University","TN",220978,1,"Southern Association of Colleges and Schools Commission on Colleges",3,4,"Public","Southeast","City",35.848005,-86.360618,72.5,23,1120,0,16239,64.6,15.1,8.6,4.2,7.4,14.8,13267,21922,9232,28264,7949,10902,8980,81.2,33.9,54.6,20000,52.8
"Rhodes College","TN",221351,1,"Southern Association of Colleges and Schools Commission on Colleges",3,4,"Private","Southeast","City",35.154405,-89.990803,53.9,30,1385,0,1966,63.7,9.8,6,7.2,13.3,2,NA,66266,52310,52310,16868,14959,9079,82.4,13.6,85,21761,58.4
"The University of the South","TN",221519,1,"Southern Association of Colleges and Schools Commission on Colleges",3,4,"Private","Southeast","Rural",35.204719,-85.920179,52.3,29,1357,0,1599,80.6,4.2,6,1.1,8.1,0.6,NA,66480,51146,51146,23657,20888,9416,87.9,15,81.5,22855,52.8
"Southern Adventist University","TN",221661,1,"Southern Association of Colleges and Schools Commission on Colleges",3,4,"Private","Southeast","Suburb",35.048254,-85.052088,65.8,NA,1120,0,2439,39.4,6,27,13.1,14.4,10.4,NA,37289,23870,23870,14224,10850,6056,100,32.5,51.7,24500,54.4
"Tennessee Wesleyan University","TN",221731,1,"Southern Association of Colleges and Schools Commission on Colleges",3,4,"Private","Southeast","Town",35.446331,-84.592728,60.7,21,1086,0,906,74,6.8,4.9,1.1,13.2,8,NA,35673,27350,27350,11821,8609,5471,100,42.6,50,20000,61.6
"The University of Tennessee-Chattanooga","TN",221740,1,"Southern Association of Colleges and Schools Commission on Colleges",3,4,"Public","Southeast","City",35.047519,-85.300247,82.7,23,1147,0,9820,74.7,9.7,6.3,2.9,6.4,9.6,13539,23504,9848,25966,6445,9168,9246,67.6,33.2,52.3,19500,57.9
"The University of Tennessee-Knoxville","TN",221759,1,"Southern Association of Colleges and Schools Commission on Colleges",3,4,"Public","Southeast","City",35.952082,-83.925852,68.4,28,1299,0,26905,79,4.5,5.9,3.7,6.9,4.1,19400,32658,13244,31664,12857,13376,12033,84.9,22.4,72.6,20500,54.4
"The University of Tennessee-Martin","TN",221768,1,"Southern Association of Colleges and Schools Commission on Colleges",3,4,"Public","Southeast","Town",36.340338,-88.864211,88.4,22,1121,0,4629,77.8,13.1,4.1,0.8,4.3,8,11952,21744,9912,15952,5327,9637,7910,68.8,36.6,52.6,21024,61.7
"Tennessee State University","TN",221838,1,"Southern Association of Colleges and Schools Commission on Colleges",3,4,"Public","Southeast","City",36.166321,-86.828275,NA,NA,NA,0,7346,4.9,87.5,2.2,0.7,4.7,9.1,11643,23482,8336,21692,6191,11608,8255,70.3,46.7,32.4,27000,66
"Tennessee Technological University","TN",221847,1,"Southern Association of Colleges and Schools Commission on Colleges",3,4,"Public","Southeast","Town",36.174754,-85.504039,78.1,NA,1190,0,8341,81.1,4.5,5.1,2.1,7.3,7.5,14426,23699,9802,19834,6789,9522,8773,73.7,32.1,60.2,15650,45.6
"Trevecca Nazarene University","TN",221892,1,"Southern Association of Colleges and Schools Commission on Colleges",3,4,"Private","Southeast","City",36.141324,-86.754238,70.9,NA,1101,0,1738,56.1,10.2,13.2,2.1,18.4,18.4,NA,36993,28200,28200,14907,8893,7067,94.6,33.3,61.3,18744,62
"Tusculum University","TN",221953,1,"Southern Association of Colleges and Schools Commission on Colleges",3,4,"Private","Southeast","Town",36.172435,-82.760818,81.1,22,1044,0,981,34.9,6,3,0.2,56,9.5,NA,42041,27208,27208,10628,5348,4978,60.4,46.8,34,23250,48.8
"Union University","TN",221971,1,"Southern Association of Colleges and Schools Commission on Colleges",3,4,"Private","Southeast","City",35.676896,-88.858524,52.5,27,1281,0,1731,67.4,13.7,0.9,1.9,16.1,11,NA,56891,36880,36880,15749,12971,7919,98.6,26.2,66.6,20714,63.3
"Vanderbilt University","TN",221999,1,"Southern Association of Colleges and Schools Commission on Colleges",3,4,"Private","Southeast","City",36.14659,-86.803369,6.7,35,1546,0,7144,40.6,10.4,11,17.5,20.5,0.9,NA,79538,60348,60348,30921,31189,14933,81.7,16.6,92.8,14000,51.8
"Abilene Christian University","TX",222178,1,"Southern Association of Colleges and Schools Commission on Colleges",3,4,"Private","West","City",32.468943,-99.709797,65.8,25,1172,0,3141,63.6,6.8,18,1.9,9.7,2.7,NA,55221,40500,40500,16362,10907,8507,66.3,23.6,60.3,24250,61.8
"Amberton University","TX",222628,1,"Southern Association of Colleges and Schools Commission on Colleges",3,4,"Private","West","Suburb",32.859931,-96.65302,NA,NA,NA,0,114,26.3,28.1,15.8,12.3,17.5,77.2,NA,NA,NA,NA,6415,3330,6628,41,12,NA,NA,65.8
"Angelo State University","TX",222831,1,"Southern Association of Colleges and Schools Commission on Colleges",3,4,"Public","West","City",31.440914,-100.465051,79.1,21,1038,0,5314,44.6,6.2,41.5,1.2,6.5,10.8,12255,21174,8186,17978,6021,7024,7705,72.5,28,40.8,20000,57.2
"Arlington Baptist University","TX",222877,1,"Association for Biblical Higher Education",3,4,"Private","West","City",32.739489,-97.156024,NA,NA,NA,0,216,45.4,19.4,30.1,2.3,2.8,0.9,NA,26940,17480,17480,13571,4512,3949,23.1,50.7,23.8,27000,37
"The Art Institute of Houston","TX",222938,1,NA,3,3,"Profit","West","City",29.73025,-95.445766,NA,NA,NA,0,317,18.9,34.1,30,4.7,12.3,33.1,NA,40128,20794,20794,22449,2702,5522,11.6,48.9,40.8,31000,53.3
"Austin College","TX",222983,1,"Southern Association of Colleges and Schools Commission on Colleges",3,4,"Private","West","City",33.646345,-96.596331,54.4,26,1243,0,1166,48.9,7.1,26.1,12,5.9,0.2,NA,57746,44950,44950,15036,12657,7984,89.6,31,73,24500,50.3
"Baptist Missionary Association Theological Seminary","TX",223117,1,"Southern Association of Colleges and Schools Commission on Colleges",3,4,"Private","West","Town",31.978961,-95.255524,70,NA,NA,0,53,39.6,22.6,32.1,1.9,3.8,90.6,NA,NA,8850,8850,7646,7232,4460,NA,25.5,NA,NA,20.8
"Baylor University","TX",223232,1,"Southern Association of Colleges and Schools Commission on Colleges",3,4,"Private","West","City",31.546872,-97.121041,45.9,29,1347,0,15134,61.1,4.8,16,8.8,9.3,1.7,NA,68535,51738,51738,26855,16277,11033,64.1,14.2,81.4,23000,59.5
"Concordia University Texas","TX",224004,1,"Southern Association of Colleges and Schools Commission on Colleges",3,4,"Private","West","City",30.420232,-97.835703,85.7,20,1060,0,1571,36.9,13.6,35.3,6.2,8,15.2,NA,49494,35620,35620,19536,5185,5900,100,35.2,38.9,21852,69.2
"Texas A & M University-Corpus Christi","TX",224147,1,"Southern Association of Colleges and Schools Commission on Colleges",3,4,"Public","West","City",27.713723,-97.32395,88,22,1090,0,7818,35,3.6,51.7,2.7,7,23.1,17937,23200,9748,20745,9440,9884,8938,73.9,38.9,35.1,23000,60.5
"Dallas Baptist University","TX",224226,1,"Southern Association of Colleges and Schools Commission on Colleges",3,4,"Private","West","City",32.710017,-96.947006,91.4,23,1095,0,2674,54.4,10.2,16,2.2,17.1,13.6,NA,46367,35310,35310,18247,9510,8266,100,25.1,56.6,21591,58.6
"Dallas Christian College","TX",224244,1,"Association for Biblical Higher Education",3,3,"Private","West","Suburb",32.913692,-96.887117,50,NA,965,0,245,40,18.4,19.6,0,22,10.2,NA,34925,20580,20580,8465,5896,5542,40,44.8,36.7,24912,38.8
"University of Dallas","TX",224323,1,"Southern Association of Colleges and Schools Commission on Colleges",3,4,"Private","West","City",32.846221,-96.919512,58.7,28,1277,0,1446,58.6,2.5,26.6,6.9,5.5,1.6,NA,63310,48000,48000,17945,10714,8805,64,28.4,72,23117,55.7
"East Texas Baptist University","TX",224527,1,"Southern Association of Colleges and Schools Commission on Colleges",3,4,"Private","West","Town",32.557847,-94.374488,67.7,NA,NA,0,1324,62.5,18.3,11.6,1.1,6.5,7,NA,40625,28910,28910,11152,7532,7121,100,33.8,41.9,23250,51.2
"Texas A&M University-Texarkana","TX",224545,1,"Southern Association of Colleges and Schools Commission on Colleges",3,4,"Public","West","City",33.490482,-94.103617,91.5,21,999,0,1758,50.1,18,18.4,1.4,12.2,22.6,10189,21204,7930,20659,7329,13312,8311,59.2,51.1,30,18953,61.2
"Texas A & M University-Commerce","TX",224554,1,"Southern Association of Colleges and Schools Commission on Colleges",3,4,"Public","West","Town",33.242112,-95.904579,86.4,21,1050,0,7317,41.6,18.5,24.9,2.3,12.7,27.2,12704,22475,10026,22266,7163,7496,8445,46.9,40,42.7,20500,60.1
"Miami International University of Art & Design-Art Institute Dallas","TX",224776,0,NA,3,3,"Profit","West","City",32.871008,-96.767823,NA,NA,NA,0,263,28.9,28.9,27.4,2.3,12.5,34.2,NA,40240,20794,20794,24627,3033,6392,8.3,48.7,6.4,30382,53.6
"Hallmark University","TX",225201,1,"Accrediting Commission of Career Schools and Colleges",3,4,"Private","West","City",29.466862,-98.685754,52.9,NA,NA,0,792,24.9,11.2,50.1,2.9,10.9,0,NA,NA,NA,NA,14698,4299,5791,33.3,51.1,66.4,25438,35.2
"Hardin-Simmons University","TX",225247,1,"Southern Association of Colleges and Schools Commission on Colleges",3,4,"Private","West","City",32.476434,-99.73564,88.2,21,1093,0,1323,54.2,11.4,25.8,1.2,7.4,4.6,NA,45285,31686,31686,13562,10304,7586,55.1,38.8,57.9,24711,52.1
"Houston Christian University","TX",225399,1,"Southern Association of Colleges and Schools Commission on Colleges",3,4,"Private","West","City",29.693819,-95.515954,84.5,25,1147,0,2814,19.1,24.3,39,7.1,10.5,23.5,NA,46360,36750,36750,13202,5663,8512,48.7,52.1,49.3,22642,63
"University of Houston-Clear Lake","TX",225414,1,"Southern Association of Colleges and Schools Commission on Colleges",3,4,"Public","West","City",29.582523,-95.098129,69.4,20,1082,0,6343,31.6,6.5,47.7,7.2,6.9,49.6,17774,28856,7698,20994,8740,7748,9733,58.6,44,53.7,17831,63
"University of Houston-Downtown","TX",225432,1,"Southern Association of Colleges and Schools Commission on Colleges",3,4,"Public","West","City",29.7661,-95.359338,88.4,NA,1038,0,12752,11.4,17.5,57.6,8.4,5.2,51.9,14797,23217,7708,17524,6663,5952,9127,50.5,49.6,30.9,18750,62.9
"University of Houston-Victoria","TX",225502,1,"Southern Association of Colleges and Schools Commission on Colleges",3,4,"Public","West","City",28.816248,-96.976334,82.1,NA,NA,0,2699,28,13.9,44.8,6.4,6.9,53.1,10991,21218,7149,16941,6812,8219,9166,61.4,46.1,23.3,18973,64.4
"University of Houston","TX",225511,1,"Southern Association of Colleges and Schools Commission on Colleges",3,4,"Public","West","City",29.720393,-95.343537,66.2,26,1241,0,37080,18.4,11.1,37.2,24,9.3,27,13900,24130,9699,21891,10451,8655,12870,77.8,41,63.1,18194,51.9
"Howard Payne University","TX",225548,1,"Southern Association of Colleges and Schools Commission on Colleges",3,4,"Private","West","Town",31.716467,-98.985204,62.3,NA,1033,0,721,51.2,10.7,27.9,0.5,9.7,8.6,NA,42707,31650,31650,12274,8898,6125,100,38.5,32.1,26793,45.8
"Huston-Tillotson University","TX",225575,1,"Southern Association of Colleges and Schools Commission on Colleges",3,4,"Private","West","City",30.264667,-97.721691,51.9,17,930,0,991,13.3,55.1,24.6,0.8,6.2,5.2,NA,25026,14703,14703,14641,5912,5562,50,61.1,31.7,30750,56.7
"University of the Incarnate Word","TX",225627,1,"Southern Association of Colleges and Schools Commission on Colleges",3,4,"Private","West","City",29.46708,-98.46583,94.2,20,1020,0,4547,15.9,7.1,64.6,2.5,10,13.4,NA,45505,34400,34400,20289,10871,8777,49.2,43,53.2,27000,64.3
"Jarvis Christian University","TX",225885,1,"Southern Association of Colleges and Schools Commission on Colleges",3,3,"Private","West","Rural",32.587942,-95.181513,NA,NA,NA,0,729,1.8,55,17.7,0,25.5,13.3,NA,25149,11720,11720,9705,5391,7380,32.4,76.8,16,27000,53.4
"Lamar University","TX",226091,1,"Southern Association of Colleges and Schools Commission on Colleges",3,4,"Public","West","City",30.042738,-94.072244,83.7,20,936,0,8075,39.3,28.4,22.8,5.5,3.9,23.8,12002,21570,8690,18482,8639,5484,8560,77.2,43.1,37.7,21250,59.2
"Texas A & M International University","TX",226152,1,"Southern Association of Colleges and Schools Commission on Colleges",3,4,"Public","West","City",27.571172,-99.436043,47.9,18,1006,0,6459,2,0.5,91.9,0.3,5.2,18.8,4778,16313,7846,19382,5612,7515,8601,58.3,63.1,49.5,15000,62.1
"LeTourneau University","TX",226231,1,"Southern Association of Colleges and Schools Commission on Colleges",3,4,"Private","West","City",32.46632,-94.726394,48.8,26,1239,0,1553,69.7,5.3,5.4,2.1,17.4,16.3,NA,47233,34470,34470,16028,9673,7035,33.3,16.5,66.9,26000,37.9
"Lubbock Christian University","TX",226383,1,"Southern Association of Colleges and Schools Commission on Colleges",3,4,"Private","West","City",33.575973,-101.934426,81.6,23,1068,0,1221,63.4,5.1,23.2,1.2,7.1,7,NA,38261,26300,26300,12258,8202,6421,57.2,31.6,48.8,20948,62.9
"University of Mary Hardin-Baylor","TX",226471,1,"Southern Association of Colleges and Schools Commission on Colleges",3,4,"Private","West","Suburb",31.066793,-97.463471,95.7,22,1100,0,3013,53.3,13.9,25.3,1.7,5.8,6.3,NA,45330,31950,31950,21446,10601,8113,54.1,39.2,49.9,26000,64.6
"McMurry University","TX",226587,1,"Southern Association of Colleges and Schools Commission on Colleges",3,4,"Private","West","City",32.429776,-99.748682,56.5,24,1138,0,1092,44.2,14.7,34.7,1.2,5.1,8.1,NA,42284,30422,30422,12727,9465,7050,100,52.9,37.3,27000,47.1
"Midwestern State University","TX",226833,1,"Southern Association of Colleges and Schools Commission on Colleges",3,4,"Public","West","City",33.874809,-98.519386,92.4,NA,NA,0,4421,44.2,15.5,24.7,3.2,12.4,24.8,10464,21876,10233,12183,7269,12741,8085,68.6,40.5,41,21030,63.8
"University of North Texas","TX",227216,1,"Southern Association of Colleges and Schools Commission on Colleges",3,4,"Public","West","City",33.211178,-97.148422,79.1,23,1127,0,33023,38.3,15.1,28.3,7.9,10.3,21.3,15205,24696,11140,20932,10522,6160,10682,72.6,35.2,58.9,19250,54.2
"Our Lady of the Lake University","TX",227331,1,"Southern Association of Colleges and Schools Commission on Colleges",3,4,"Private","West","City",29.426194,-98.54365,NA,19,NA,0,1163,8.2,6.9,76.5,0.5,7.8,11.2,NA,40626,31124,31124,18705,12836,7055,44.8,57.3,38.5,24999,66.5
"The University of Texas Rio Grande Valley","TX",227368,1,"Southern Association of Colleges and Schools Commission on Colleges",3,4,"Public","West","City",26.306759,-98.173567,87.7,NA,1020,0,26420,2.1,0.4,93.7,1,2.8,25.6,7007,17988,9538,19333,4672,8321,8763,82.6,62.2,52.8,12950,59.3
"Paul Quinn College","TX",227429,1,"Transnational Association of Christian Colleges and Schools",3,3,"Private","West","City",32.678837,-96.755778,57.3,NA,NA,0,938,22.6,47.9,9.1,1.4,19.1,65.9,NA,21678,13798,13798,6028,3612,5308,25,74.5,28.9,23373,67.9
"Prairie View A & M University","TX",227526,1,"Southern Association of Colleges and Schools Commission on Colleges",3,4,"Public","West","Rural",30.092425,-95.989475,76.1,19,957,0,8103,1.2,85.3,8.1,0.8,4.5,11.6,12889,25775,11299,26874,7281,8338,8608,81.8,65.9,41.5,27000,67.8
"Rice University","TX",227757,1,"Southern Association of Colleges and Schools Commission on Colleges",3,4,"Private","West","City",29.717897,-95.402035,8.7,35,1546,0,4480,28.2,7.9,15.5,29.5,19,2.2,NA,71745,54960,54960,27512,35370,17599,82.2,16.6,93.6,11000,48.9
"Saint Edward's University","TX",227845,1,"Southern Association of Colleges and Schools Commission on Colleges",3,4,"Private","West","City",30.229618,-97.754998,85.1,NA,1165,0,2751,32.2,3.5,51.6,2.5,10.1,5.4,NA,63671,50766,50766,22827,9988,9121,49.6,39.8,65.1,24803,61.9
"University of St Thomas","TX",227863,1,"Southern Association of Colleges and Schools Commission on Colleges",3,4,"Private","West","City",29.736438,-95.393102,96.7,21,1171,0,2524,20,7.4,50.1,10.9,11.6,14.3,NA,42639,32484,32484,15583,11562,8006,96.2,36,65.8,19928,59.3
"Sam Houston State University","TX",227881,1,"Southern Association of Colleges and Schools Commission on Colleges",3,4,"Public","West","Town",30.714738,-95.546205,84.6,21,1056,0,18184,47.3,16.4,27,2.2,7.1,19.9,15134,23962,8960,18752,10184,7713,8039,78.6,39.9,56.1,21983,63.5
"Schreiner University","TX",228042,1,"Southern Association of Colleges and Schools Commission on Colleges",3,4,"Private","West","Town",30.031458,-99.130586,85.2,21,NA,0,1056,49.1,5.4,39.5,0.8,5.2,3.5,NA,45167,35614,35614,14658,9221,7465,53.6,35.5,49.8,23250,55.3
"St. Mary's University","TX",228149,1,"Southern Association of Colleges and Schools Commission on Colleges",3,4,"Private","West","City",29.453244,-98.562778,86.2,NA,NA,0,1991,12.3,2.8,60.5,2.3,22.2,3,NA,45724,35226,35226,18825,12592,10238,61.9,41.3,56,25563,60.4
"Southern Methodist University","TX",228246,1,"Southern Association of Colleges and Schools Commission on Colleges",3,4,"Private","West","Suburb",32.843612,-96.783365,52.2,33,1444,0,7044,60.6,5,14.5,8.3,11.6,2.3,NA,79885,61980,61980,31748,16722,13831,66.8,11.6,82.3,19500,50.6
"Southwestern Assemblies of God University","TX",228325,1,"Southern Association of Colleges and Schools Commission on Colleges",3,4,"Private","West","Suburb",32.40443,-96.853492,85.7,20,1015,0,1435,50.7,14.1,25.2,1.2,8.8,11.1,NA,31917,17782,17782,11159,8095,6022,50,52.9,41.7,24725,50.3
"Southwestern University","TX",228343,1,"Southern Association of Colleges and Schools Commission on Colleges",3,3,"Private","West","City",30.634341,-97.665738,44.8,28,1262,0,1480,56,5.5,26.8,4,7.6,1.2,NA,61668,48650,48650,18839,14859,8540,83.3,24.7,71.6,25000,53.7
"Stephen F Austin State University","TX",228431,1,"Southern Association of Colleges and Schools Commission on Colleges",3,4,"Public","West","Town",31.621056,-94.64908,89.5,21,1067,0,8961,58.2,12.4,21.3,1.2,6.9,12.6,15005,24402,10600,21616,8021,7872,7882,71.2,38.1,53.1,23409,63.4
"Texas State University","TX",228459,1,"Southern Association of Colleges and Schools Commission on Colleges",3,4,"Public","West","City",29.888885,-97.943029,87.7,22,1090,0,33834,40.2,9.3,42,2.6,5.9,18,14840,25797,11135,22559,8982,6847,8567,74.4,36.3,55.9,21000,59.9
"Southwestern Adventist University","TX",228468,1,"Southern Association of Colleges and Schools Commission on Colleges",3,4,"Private","West","Town",32.397617,-97.32702,53.6,21,1020,0,659,19.3,10.9,40.8,5.2,23.8,9.9,NA,34060,24060,24060,15489,8910,6220,96.2,42.1,47,26998,58.9
"Sul Ross State University","TX",228501,1,"Southern Association of Colleges and Schools Commission on Colleges",3,4,"Public","West","Town",30.363139,-103.651469,97.1,16,972,0,1495,19.7,6.7,70.3,0.3,3,38.9,13221,22434,7649,17441,5773,9435,7353,50.6,55.4,26.1,15900,57.9
"Tarleton State University","TX",228529,1,"Southern Association of Colleges and Schools Commission on Colleges",3,4,"Public","West","Town",32.217805,-98.219039,87.1,20,1061,0,11880,63.4,6.5,23.1,1,6,26.4,19575,22286,7848,17640,8370,5988,8005,60,38.1,45.8,19606,63.2
"The University of Texas Health Science Center at San Antonio","TX",228644,1,"Southern Association of Colleges and Schools Commission on Colleges",3,4,"Public","West","City",29.508107,-98.575655,NA,NA,NA,0,785,27.5,5.5,56.6,6.8,3.7,14.4,NA,NA,NA,NA,14486,133672,10982,73.8,31.1,NA,15000,71.7
"The University of Texas Medical Branch at Galveston","TX",228653,1,"Southern Association of Colleges and Schools Commission on Colleges",3,4,"Public","West","City",29.310758,-94.775956,NA,NA,NA,0,585,33.3,9.9,26.3,26,4.5,25,NA,NA,NA,NA,14942,145594,10249,97.2,20.5,NA,13396,82
"Texas A & M University-Kingsville","TX",228705,1,"Southern Association of Colleges and Schools Commission on Colleges",3,4,"Public","West","Town",27.525168,-97.882387,96.6,19,1130,0,4562,14.4,4.4,75.8,0.6,4.8,14.4,11064,22081,9892,25746,8104,9503,8390,83.8,52.7,44,22934,50.4
"Texas A & M University-College Station","TX",228723,1,"Southern Association of Colleges and Schools Commission on Colleges",3,4,"Public","West","City",30.618726,-96.336475,62.6,28,1281,0,56792,55.6,2.3,25.4,11.3,5.3,10.1,20257,31451,13239,40139,12955,17601,13385,85.2,19.7,83.5,17804,47
"The University of Texas at Arlington","TX",228769,1,"Southern Association of Colleges and Schools Commission on Colleges",3,4,"Public","West","City",32.729718,-97.11296,80.8,23,1112,0,30503,25,15,37.7,14.1,8.3,38.1,14244,24530,11727,29299,9590,6370,10715,62.2,36.8,53.5,17527,60.2
"The University of Texas at Austin","TX",228778,1,"Southern Association of Colleges and Schools Commission on Colleges",3,4,"Public","West","City",30.282825,-97.738273,31.4,30,1373,0,40980,33.2,4.5,28,24.4,9.9,6.2,18850,29361,11698,41070,11811,20169,14867,82.9,24.4,87.8,20500,57.4
"The University of Texas at Dallas","TX",228787,1,"Southern Association of Colleges and Schools Commission on Colleges",3,4,"Public","West","City",32.984673,-96.749702,84.7,NA,1304,0,21586,24.3,5.5,17.8,41.4,11,16.9,16987,28456,14564,39776,12816,10519,13909,75.4,31.5,69.6,18000,43.6
"The University of Texas at El Paso","TX",228796,1,"Southern Association of Colleges and Schools Commission on Colleges",3,4,"Public","West","City",31.77015,-106.504098,99.9,NA,982,0,20123,4.1,1.8,87.8,0.6,5.7,32,10061,19344,9744,25152,7740,7461,9473,69.1,58.4,47.3,18000,55.2
"The University of Texas at Tyler","TX",228802,1,"Southern Association of Colleges and Schools Commission on Colleges",3,4,"Public","West","City",32.315772,-95.254337,93.9,22,1114,0,6568,51.6,10.8,26,4.7,6.9,30,13381,22535,9855,25693,7318,21876,9503,78.4,34.9,44,17137,61.9
"Texas Christian University","TX",228875,1,"Southern Association of Colleges and Schools Commission on Colleges",3,4,"Private","West","City",32.70961,-97.364758,56.1,29,1307,0,10510,65.5,4.3,17,2.3,11,1.8,NA,71425,53980,53980,28169,19286,13004,100,12.3,83.7,21500,61.7
"Texas College","TX",228884,1,"Southern Association of Colleges and Schools Commission on Colleges",3,3,"Private","West","City",32.37456,-95.312454,NA,NA,NA,0,642,1.7,87.7,7.5,0.2,3,7.8,NA,21437,10008,10008,8781,2991,5050,80,63.6,15.9,31000,40.5
"Texas Lutheran University","TX",228981,1,"Southern Association of Colleges and Schools Commission on Colleges",3,4,"Private","West","Town",29.573261,-97.982669,91.8,NA,1116,0,1307,41.2,9.7,42.5,1,5.6,3.2,NA,45182,33920,33920,14034,10873,7697,68.9,35,53.6,25000,51.9
"The University of Texas Permian Basin","TX",229018,1,"Southern Association of Colleges and Schools Commission on Colleges",3,4,"Public","West","City",31.889509,-102.329634,94.7,20,1011,0,4060,26.9,7.5,53.9,1.6,10.2,24.3,8601,22113,9234,21474,6194,12128,8466,98.3,30.8,39.8,17750,61.3
"The University of Texas at San Antonio","TX",229027,1,"Southern Association of Colleges and Schools Commission on Colleges",3,4,"Public","West","City",29.583709,-98.620657,86.9,22,1111,0,29112,19.6,8.1,60.8,5.7,5.9,25.3,12911,21660,8945,21253,8776,6008,9842,76.4,43.3,53.5,20500,52.2
"Texas Southern University","TX",229063,1,"Southern Association of Colleges and Schools Commission on Colleges",3,4,"Public","West","City",29.721046,-95.361113,96.8,17,922,0,6830,0.7,84.5,8.1,0.9,5.9,16.8,18012,24679,9173,21413,7604,11074,8141,61.2,69.5,26.2,29000,65.1
"Texas Tech University","TX",229115,1,"Southern Association of Colleges and Schools Commission on Colleges",3,4,"Public","West","City",33.583448,-101.874783,67.3,26,1198,0,32346,54.5,6,29,3.1,7.3,10.1,20048,27249,11852,24122,10355,7562,11038,81.8,25.2,63.7,21500,49.2
"Texas Wesleyan University","TX",229160,1,"Southern Association of Colleges and Schools Commission on Colleges",3,4,"Private","West","City",32.732962,-97.279613,60.9,19,1025,0,1549,22.3,22,36.4,1.5,17.9,9.1,NA,43598,36128,36128,16533,9405,8388,25,42.4,32.6,23125,52.9
"Texas Woman's University","TX",229179,1,"Southern Association of Colleges and Schools Commission on Colleges",3,4,"Public","West","City",33.226211,-97.127842,93.6,21,1041,0,8876,29,18.7,36.1,9.4,6.8,25.6,10928,20019,8311,18103,5583,6721,8979,98.7,37.9,48.2,19218,91.6
"Trinity University","TX",229267,1,"Southern Association of Colleges and Schools Commission on Colleges",3,4,"Private","West","City",29.462682,-98.48186,30.5,31,1390,0,2491,53.8,4.1,24.1,7.7,10.4,1.2,NA,63684,49264,49264,18808,18709,11172,74.7,15.9,75.8,22954,53.3
"The University of Texas Health Science Center at Houston","TX",229300,1,"Southern Association of Colleges and Schools Commission on Colleges",3,4,"Public","West","City",29.702873,-95.403183,NA,NA,NA,0,554,20,13.7,29.6,29.1,7.6,14.6,NA,NA,NA,NA,14498,201675,10192,63.2,44.7,NA,13063,86.5
"Texas Tech University Health Sciences Center","TX",229337,1,"Southern Association of Colleges and Schools Commission on Colleges",3,4,"Public","West","City",33.589284,-101.891915,NA,NA,NA,0,1448,50.9,9.7,31.6,5.9,2,14.2,NA,NA,NA,NA,10254,36063,9162,94.9,23.3,NA,12268,86.8
"Wayland Baptist University","TX",229780,1,"Southern Association of Colleges and Schools Commission on Colleges",3,4,"Private","West","Town",34.187677,-101.730042,69.7,NA,NA,0,2138,31.3,16.2,35.7,2,14.7,39.1,NA,34453,22368,22368,10540,11418,5315,100,36.3,19,23106,52
"West Texas A & M University","TX",229814,1,"Southern Association of Colleges and Schools Commission on Colleges",3,4,"Public","West","Town",34.982789,-101.914736,91.6,21,1050,0,6828,52.2,4.5,33.8,1.8,7.8,22.1,20294,22672,9101,10996,8072,5973,8214,80.2,46.4,45,19500,59
"Wiley University","TX",229887,1,"Southern Association of Colleges and Schools Commission on Colleges",3,3,"Private","West","Town",32.537641,-94.376814,NA,NA,NA,0,698,9.5,83.4,3.9,0.1,3.2,6.6,NA,20235,13500,13500,9150,5624,5109,71.4,73.7,23.9,24989,50.9
"Brigham Young University","UT",230038,1,"Northwest Commission on Colleges and Universities",3,4,"Private","West","City",40.250851,-111.649281,66.7,29,1376,0,31411,80.8,0.4,7.9,1.8,9.1,10.1,NA,19819,6304,6304,5912,15938,12747,71.4,32.4,78.6,11069,52
"Brigham Young University-Hawaii","HI",230047,1,"Northwest Commission on Colleges and Universities",3,3,"Private","West","Town",21.642074,-157.926586,34.2,24,1126,0,2716,25.5,0.3,5.3,3.6,65.2,4.8,NA,21369,6250,6250,3540,14437,10078,100,15.5,66.4,9413,59.5
"Utah Tech University","UT",230171,1,"Northwest Commission on Colleges and Universities",3,4,"Public","West","City",37.102769,-113.565903,NA,NA,NA,0,8606,74.6,1.9,13.3,1.2,9,18.9,15065,18982,6096,17666,5700,3971,7714,39.7,25.1,35.6,15000,59.4
"Eagle Gate College-Murray","UT",230366,1,"Accrediting Bureau of Health Education Schools",3,4,"Profit","West","City",40.649984,-111.903609,NA,NA,NA,0,248,58.5,5.2,16.5,3.2,16.5,0,NA,33644,17112,17112,19280,7775,7289,69.2,50.2,62.5,43021,89.5
"Utah State University","UT",230728,1,"Northwest Commission on Colleges and Universities",3,4,"Public","West","City",41.740748,-111.81391,93.7,25,1187,0,20573,82.6,0.7,6.4,0.9,9.4,19.5,12620,20770,9228,24802,6878,11684,10168,96.2,27.2,54.4,14340,54.8
"University of Utah","UT",230764,1,"Northwest Commission on Colleges and Universities",3,4,"Public","West","City",40.762484,-111.846044,89.1,26,1236,0,25392,63.3,1.4,14.1,7.8,13.3,16.6,9422,18891,9315,29837,13012,19311,11802,90.3,21.5,64.6,19000,48.2
"Westminster University","UT",230807,1,"Northwest Commission on Colleges and Universities",3,4,"Private","West","City",40.730779,-111.855757,69.8,27,1247,0,955,69.6,1.6,12.8,2.5,13.5,3.9,NA,54750,40352,40352,15497,13819,8552,100,25.7,64.5,22250,60.6
"Bennington College","VT",230816,1,"New England Commission on Higher Education",3,4,"Private","Northeast","Town",42.919547,-73.237799,45.3,NA,1337,0,733,62.8,2.9,10.2,0.8,23.3,3.4,NA,80648,61448,61448,25511,20288,9819,45.1,21.5,69.2,26000,67.1
"Castleton University","VT",230834,1,"New England Commission on Higher Education",3,4,"Public","Northeast","Rural",43.608397,-73.180842,80.5,19,1102,0,1585,80.6,4.5,3.9,1.8,9.3,10.7,16355,25878,13078,30046,13322,9456,7348,100,33.3,54,24802,53.9
"Champlain College","VT",230852,1,"New England Commission on Higher Education",3,4,"Private","Northeast","City",44.473287,-73.202746,55.7,NA,1259,0,3031,69.9,6,9.6,4.2,10.3,25.6,NA,61248,44220,44220,17786,10458,9739,100,21.9,64.5,26814,38.4
"Goddard College","VT",230889,1,NA,3,4,"Private","Northeast","Rural",44.279087,-72.438388,85.7,NA,NA,0,105,56.2,5.7,2.9,0.9,34.3,20,NA,27933,18477,18477,29030,14604,5176,90,62.3,57.1,18750,68.6
"Northern Vermont University","VT",230913,1,"New England Commission on Higher Education",3,4,"Public","Northeast","Rural",44.641736,-72.671154,72.9,NA,NA,0,1266,72.4,5.2,7,0.4,14.9,29.7,14552,25648,12804,26892,10412,11824,7306,100,38,38.2,21500,63.5
"Middlebury College","VT",230959,1,"New England Commission on Higher Education",3,4,"Private","Northeast","Town",44.009117,-73.176068,12.7,33,1502,0,2751,56.1,5.4,12,7.3,19.2,0.5,NA,78820,62460,62460,46183,27123,13224,90.8,14.9,93.5,13857,53.2
"Norwich University","VT",230995,1,"New England Commission on Higher Education",3,4,"Private","Northeast","Rural",44.140237,-72.659783,82.6,NA,NA,0,2706,67.2,4.8,2.7,3.1,22.2,17.2,NA,62955,45340,45340,13314,8448,8022,42.9,24,61.1,25000,26.9
"Saint Michael's College","VT",231059,1,"New England Commission on Higher Education",3,4,"Private","Northeast","Suburb",44.494558,-73.167069,85.2,NA,1253,0,1200,83.1,2.8,5.5,1.4,7.2,0.8,NA,65051,49840,49840,20839,8899,8646,98.2,19.5,74.4,26922,52.9
"Sterling College","VT",231095,1,"New England Commission on Higher Education",3,3,"Private","Northeast","Rural",44.65225,-72.382372,92.9,NA,NA,0,86,72.1,2.3,7,4.7,14,5.8,NA,52300,39200,39200,6643,21172,5868,66.7,37.3,29.6,23000,60.5
"University of Vermont","VT",231174,1,"New England Commission on Higher Education",3,4,"Public","Northeast","City",44.477325,-73.196646,59.8,31,1358,0,11326,83.5,0.9,4.7,2.7,8.1,2.3,20795,35179,18890,43890,25971,13919,10220,79.8,13.7,75.8,20951,63.7
"Averett University","VA",231420,1,"Southern Association of Colleges and Schools Commission on Colleges",3,4,"Private","Southeast","Town",36.577287,-79.413203,76,20,1026,0,1121,49,28.2,4.5,1.5,16.9,9.2,NA,50240,37790,37790,15566,10390,6455,100,41.7,46,25000,47.4
"Bluefield University","VA",231554,1,"Southern Association of Colleges and Schools Commission on Colleges",3,4,"Private","Southeast","Town",37.244557,-81.246233,63,NA,NA,0,615,56.9,20.5,4.2,0.3,18,8,NA,41528,29420,29420,12084,5731,5695,100,43.6,31.5,21855,46.3
"Bridgewater College","VA",231581,1,"Southern Association of Colleges and Schools Commission on Colleges",3,4,"Private","Southeast","Suburb",38.378484,-78.969007,90.4,25,1127,0,1379,67.1,11.8,7.4,1.3,12.4,0.1,NA,53800,39800,39800,10503,8090,7196,71.6,30.6,57.8,26000,51.8
"William & Mary","VA",231624,1,"Southern Association of Colleges and Schools Commission on Colleges",3,4,"Public","Southeast","Suburb",37.269489,-76.708214,33.5,33,1465,0,6778,59.9,5.9,9,11.3,13.9,1,19442,40624,23970,47196,22260,15329,12549,77.3,12.8,91,18500,58.3
"Regent University","VA",231651,1,"Southern Association of Colleges and Schools Commission on Colleges",3,4,"Private","Southeast","City",36.801173,-76.194627,32.3,26,1150,0,4281,46.8,26.1,10.7,1.7,14.7,44.6,NA,29448,19680,19680,14239,3690,8356,78.1,49.9,54.6,24534,61.4
"Christopher Newport University","VA",231712,1,"Southern Association of Colleges and Schools Commission on Colleges",3,4,"Public","Southeast","City",37.062495,-76.494364,85.4,27,1199,0,4442,74,8,7.6,4,6.4,2.2,22609,31162,15425,29063,8663,11793,9974,63.2,14.4,76.1,25000,53.5
"Emory & Henry University","VA",232025,1,"Southern Association of Colleges and Schools Commission on Colleges",3,4,"Private","Southeast","Rural",36.772857,-81.829142,96.9,NA,NA,0,1080,72.8,14.4,3.3,1.3,8.2,2,NA,52559,35155,35155,13028,13248,7569,96.5,42.7,57.8,26332,50.8
"Eastern Mennonite University","VA",232043,1,"Southern Association of Colleges and Schools Commission on Colleges",3,4,"Private","Southeast","City",38.471134,-78.880326,99.5,30,NA,0,826,59.6,11.4,10.3,2.4,16.3,5.2,NA,53834,40990,40990,16844,12921,6020,96.9,30.7,62.6,24813,58.5
"Ferrum College","VA",232089,1,"Southern Association of Colleges and Schools Commission on Colleges",3,4,"Private","Southeast","Rural",36.926431,-80.020614,84.3,21,1010,0,780,48.1,19.6,6.4,0.5,25.4,4.2,NA,52268,38320,38320,12922,7915,4961,100,51,28.2,27000,39.5
"George Mason University","VA",232186,1,"Southern Association of Colleges and Schools Commission on Colleges",3,4,"Public","Southeast","Suburb",38.83195,-77.307063,90,28,1255,0,26447,34.2,11.9,17.1,23.1,13.6,19.2,17385,26268,13401,38983,12249,14087,12945,51.6,29.6,70.6,19500,49
"Hampden-Sydney College","VA",232256,1,"Southern Association of Colleges and Schools Commission on Colleges",3,3,"Private","Southeast","Rural",37.240615,-78.464216,39.8,24,1182,0,846,78.5,6.9,6.3,1.2,7.2,0.9,NA,66868,50740,50740,14728,17286,8732,90.8,20,75.3,26000,0.4
"Hampton University","VA",232265,1,"Southern Association of Colleges and Schools Commission on Colleges",3,4,"Private","Southeast","Suburb",37.019944,-76.339161,74.5,NA,1053,0,2846,1,96.5,0.8,0.4,1.3,7,NA,46123,29162,29162,19877,17130,7437,100,17.1,46.3,25442,65.4
"Hollins University","VA",232308,1,"Southern Association of Colleges and Schools Commission on Colleges",3,4,"Private","Southeast","Suburb",37.354201,-79.943277,72.4,NA,1228,0,689,58.2,14.8,9.4,1.2,16.4,0.1,NA,56698,41210,41210,8281,16167,7218,65.6,36.2,65.6,27000,100
"James Madison University","VA",232423,1,"Southern Association of Colleges and Schools Commission on Colleges",3,4,"Public","Southeast","City",38.436311,-78.870484,78.3,27,1241,0,19968,74.8,4.7,7.6,5.7,7.2,5.2,22465,29043,13092,30152,10993,10410,9995,81.2,14.3,81.2,20093,57.2
"Liberty University","VA",232557,1,"Southern Association of Colleges and Schools Commission on Colleges",3,4,"Private","Southeast","City",37.350232,-79.18222,99.3,NA,NA,0,48408,57.6,9.4,7.1,1.7,24.2,36,NA,41963,22511,22511,11997,4049,7813,19.1,38.4,65.6,24500,56.5
"Longwood University","VA",232566,1,"Southern Association of Colleges and Schools Commission on Colleges",3,4,"Public","Southeast","Town",37.297975,-78.396987,87.8,20,1116,0,3009,72.2,10.6,6.5,1.5,9.1,4.7,20679,31501,14840,27780,6480,9935,8506,100,25.6,66.6,25000,69.2
"University of Lynchburg","VA",232609,1,"Southern Association of Colleges and Schools Commission on Colleges",3,4,"Private","Southeast","City",37.399774,-79.181653,95.9,NA,1125,0,1543,71.2,11.8,7,1.6,8.4,2.3,NA,47371,34500,34500,16301,12032,8189,75.4,29.3,59.9,27000,62.5
"Mary Baldwin University","VA",232672,1,"Southern Association of Colleges and Schools Commission on Colleges",3,4,"Private","Southeast","City",38.153884,-79.069273,NA,NA,NA,0,1298,51.2,25.1,7.6,1.5,14.6,16.4,NA,43096,32036,32036,13121,8672,7555,32.6,54.1,45.1,26586,77.7
"University of Mary Washington","VA",232681,1,"Southern Association of Colleges and Schools Commission on Colleges",3,4,"Public","Southeast","Suburb",38.302492,-77.476055,85.8,29,1260,0,3443,64.5,8.3,12.1,4.5,10.5,13.8,22066,29268,14234,31154,5886,10286,9093,71.3,20.2,68.8,20500,62.5
"Marymount University","VA",232706,1,"Southern Association of Colleges and Schools Commission on Colleges",3,4,"Private","Southeast","City",38.905562,-77.128785,81.4,NA,NA,0,1764,30.8,16.4,25.4,7.3,20,6.9,NA,50922,37600,37600,22504,10939,8661,49.9,22,60.6,25000,64.3
"Sentara College of Health Sciences","VA",232885,1,"Accrediting Bureau of Health Education Schools",3,4,"Private","Southeast","City",36.777043,-76.243308,NA,NA,NA,0,241,62.7,12.4,6.2,11.6,7,10,NA,NA,NA,NA,13937,11950,8607,43.4,29.6,NA,19450,94.6
"Norfolk State University","VA",232937,1,"Southern Association of Colleges and Schools Commission on Colleges",3,4,"Public","Southeast","City",36.848429,-76.261375,89.5,18,949,0,5328,2.1,85.2,4.8,0.3,7.7,13.3,15577,26039,9622,20790,5983,11094,9520,68.2,62.9,39.9,29000,67.4
"Old Dominion University","VA",232982,1,"Southern Association of Colleges and Schools Commission on Colleges",3,4,"Public","Southeast","City",36.886418,-76.30666,95.1,24,1172,0,18152,42.2,32.5,10.2,5,10.1,23.6,15415,26060,11220,31170,7459,11107,9705,94.3,37,48.3,24000,55
"Radford University","VA",233277,1,"Southern Association of Colleges and Schools Commission on Colleges",3,4,"Public","Southeast","Town",37.136907,-80.549728,93.3,21,1057,0,5945,64.8,15.1,9.1,1.5,9.5,7.9,16310,25873,11916,24453,7523,13315,9068,70,36.1,54,24000,62.6
"Randolph-Macon College","VA",233295,1,"Southern Association of Colleges and Schools Commission on Colleges",3,3,"Private","Southeast","Suburb",37.76043,-77.478416,85.4,NA,1122,0,1476,75.2,8.6,5.3,2.2,8.7,2.3,NA,59197,46460,46460,18095,12943,8562,64.1,19,74,27000,54.7
"Randolph College","VA",233301,1,"Southern Association of Colleges and Schools Commission on Colleges",3,4,"Private","Southeast","City",37.437315,-79.171887,95,25,1108,0,461,58.1,21.3,7.8,2.4,10.4,0.9,NA,42574,27930,27930,12760,16227,8249,100,39,49.7,26950,60.7
"Bon Secours Memorial College of Nursing","VA",233356,1,"Accrediting Bureau of Health Education Schools",3,3,"Private","Southeast","Suburb",37.646698,-77.433569,NA,NA,NA,0,481,64,21.8,1.2,6.7,6.2,20.6,NA,NA,NA,NA,14060,8242,8191,69.3,19.9,NA,26500,91.9
"University of Richmond","VA",233374,1,"Southern Association of Colleges and Schools Commission on Colleges",3,4,"Private","Southeast","City",37.577393,-77.538806,24.4,NA,1474,0,3069,60.1,6.4,10.1,6.5,16.8,3.8,NA,74354,60330,60330,30923,23819,12946,62.6,18.4,88,21000,53.8
"Roanoke College","VA",233426,1,"Southern Association of Colleges and Schools Commission on Colleges",3,3,"Private","Southeast","Suburb",37.294861,-80.055467,79.8,25,1172,0,1801,80.3,5.1,6.4,1.9,6.3,3,NA,65345,35350,35350,16163,11444,7619,74.9,25.7,71.3,27000,54.1
"Shenandoah University","VA",233541,1,"Southern Association of Colleges and Schools Commission on Colleges",3,4,"Private","Southeast","City",39.167355,-78.157433,80.4,NA,NA,0,2104,60.6,8.5,9.4,3.1,18.4,3.2,NA,49610,35170,35170,19010,10609,8250,58.8,18.5,62.6,25000,58.5
"Southeastern Free Will Baptist Bible College","NC",233602,1,"Transnational Association of Christian Colleges and Schools",3,3,"Private","Southeast","Rural",35.80023,-78.4164,NA,NA,NA,0,74,89.2,0,8.1,1.4,1.3,12.2,NA,20111,10690,10690,6293,7112,5120,40,36.1,31.6,NA,39.2
"Southern Virginia University","VA",233611,1,"Southern Association of Colleges and Schools Commission on Colleges",3,3,"Private","Southeast","Town",37.740368,-79.35037,99.4,22,1089,0,1053,73.2,4,8.9,1.2,12.6,4.1,NA,31394,19108,19108,12302,5828,6313,100,45.5,46.1,24224,47.4
"Strayer University-Virginia","VA",233684,0,"Middle States Commission on Higher Education",3,4,"Profit","Southeast","City",38.890995,-77.085294,NA,NA,NA,0,2197,25.8,53.7,9.5,3.6,7.4,81.7,NA,NA,13515,13515,13422,1925,7647,21.1,54.8,28.1,40621,66.1
"Sweet Briar College","VA",233718,1,"Southern Association of Colleges and Schools Commission on Colleges",3,4,"Private","Southeast","Rural",37.556725,-79.081014,75.8,25,1232,0,451,69.2,8.4,4.7,2.7,15.1,0.2,NA,40846,23590,23590,9567,19867,7218,64.9,34.5,61.2,27000,100
"University of Virginia's College at Wise","VA",233897,1,"Southern Association of Colleges and Schools Commission on Colleges",3,3,"Public","Southeast","Town",36.970602,-82.559656,75.6,22,1068,0,993,77.7,9.8,0.8,1.3,10.4,2.7,9536,23546,11498,31592,6056,10907,8346,100,33.6,44.9,16750,50.6
"Virginia Polytechnic Institute and State University","VA",233921,1,"Southern Association of Colleges and Schools Commission on Colleges",3,4,"Public","Southeast","City",37.229012,-80.423675,57,29,1337,0,30339,59.8,6,9.6,12.3,12.4,2.8,20292,28064,14586,34838,16131,13910,12807,98.5,15,86.4,21500,42.9
"Virginia Commonwealth University","VA",234030,1,"Southern Association of Colleges and Schools Commission on Colleges",3,4,"Public","Southeast","City",37.54962,-77.452697,91,25,1170,0,20552,41,20.8,11.3,14.4,12.5,11.4,20405,33388,15828,37786,12752,15361,11232,64.4,29.8,64.5,21500,63.5
"University of Virginia-Main Campus","VA",234076,1,"Southern Association of Colleges and Schools Commission on Colleges",3,4,"Public","Southeast","Suburb",38.035665,-78.503428,18.7,34,1487,0,17103,52.3,7,7.1,17.8,15.8,3.8,23101,36314,20342,55914,24774,21310,16166,96.1,13.5,95.2,17500,56.2
"Virginia Military Institute","VA",234085,1,"Southern Association of Colleges and Schools Commission on Colleges",3,3,"Public","Southeast","Town",37.7896,-79.437067,71.1,25,1201,0,1512,74.1,6.8,8.2,4.8,6.2,0,21215,33182,19914,49722,15449,18107,7966,100,15.3,76.9,22996,13.4
"Virginia University of Lynchburg","VA",234137,1,"Transnational Association of Christian Colleges and Schools",3,4,"Private","Southeast","City",37.395187,-79.151615,NA,NA,NA,0,479,8.8,72,2.9,2.3,14,16.5,NA,24613,9400,9400,5877,2463,3733,25,73.3,87.2,24250,55.5
"Virginia State University","VA",234155,1,"Southern Association of Colleges and Schools Commission on Colleges",3,4,"Public","Southeast","Suburb",37.234692,-77.419026,89.7,18,910,0,4295,2,91.5,1.5,0.3,4.7,4.8,14164,23673,9654,21409,6411,11185,8600,53.9,68.4,37.9,26500,59.6
"Virginia Union University","VA",234164,1,"Southern Association of Colleges and Schools Commission on Colleges",3,4,"Private","Southeast","City",37.562405,-77.450903,80.6,16,900,0,1297,0.7,86.2,2,0.1,11,17.3,NA,29361,14305,14305,12708,6215,5250,100,55.6,39.1,29000,50.3
"Virginia Wesleyan University","VA",234173,1,"Southern Association of Colleges and Schools Commission on Colleges",3,4,"Private","Southeast","City",36.868417,-76.18606,81.4,29,1278,0,1154,50.4,24.7,10.4,2.2,12.2,6.7,NA,50638,36910,36910,13273,11521,8648,68.6,33.2,44,27000,58.5
"Washington and Lee University","VA",234207,1,"Southern Association of Colleges and Schools Commission on Colleges",3,4,"Private","Southeast","Town",37.788939,-79.443018,17,34,1499,0,1861,72.3,4,8,4,11.7,0.3,NA,80300,61750,61750,31792,36019,13626,87.7,10.4,94.8,19500,50.9
"Central Washington University","WA",234827,1,"Northwest Commission on Colleges and Universities",3,4,"Public","West","Town",47.002687,-120.538368,93.5,NA,NA,0,8650,54.5,5.1,20,4.5,15.9,12.4,16768,25435,8845,25910,7766,10564,8902,73.7,33.6,52.3,19500,52.5
"City University of Seattle","WA",234915,1,"Northwest Commission on Colleges and Universities",3,4,"Private","West","City",47.617381,-122.344594,NA,NA,NA,0,1077,19.7,6.4,6.8,5.3,61.8,86.4,NA,NA,NA,NA,19135,8849,8096,8.5,14.4,NA,25000,58.4
"Cornish College of the Arts","WA",235024,1,"Northwest Commission on Colleges and Universities",3,3,"Private","West","City",47.618174,-122.336238,71.1,NA,NA,0,416,64.9,5.1,1.9,3.9,24.3,2.2,NA,52653,36844,36844,32077,18016,6094,58.3,31.9,52.9,27000,63.9
"Eastern Washington University","WA",235097,1,"Northwest Commission on Colleges and Universities",3,4,"Public","West","Town",47.490667,-117.583808,96.1,NA,NA,0,6938,58.5,3.8,20,2.1,15.5,9.9,11676,22226,8139,26529,8026,9491,9934,68,36.1,49.5,19500,56.3
"The Evergreen State College","WA",235167,1,"Northwest Commission on Colleges and Universities",3,4,"Public","West","Suburb",47.07382,-122.977492,74.4,23,1131,0,1799,60.9,5.3,13.1,3.5,17.3,8.3,20891,24688,8750,30059,8383,12561,8818,65.2,45.4,41.1,20500,61.8
"Gonzaga University","WA",235316,1,"Northwest Commission on Colleges and Universities",3,4,"Private","West","City",47.666531,-117.400625,69.7,29,1329,0,5018,64.8,1.1,12.9,6.6,14.5,1.2,NA,66149,50735,50735,23963,13598,10325,56.1,14.2,88.1,24454,53.8
"Heritage University","WA",235422,1,"Northwest Commission on Colleges and Universities",3,4,"Private","West","Rural",46.3748,-120.394972,NA,NA,NA,0,796,8.2,0.8,74.1,1,15.9,11.1,NA,25946,19500,19500,13437,10972,7461,38.4,64.6,45,14573,75.1
"Bastyr University","WA",235547,1,"Northwest Commission on Colleges and Universities",3,4,"Private","West","Suburb",47.729935,-122.251708,NA,NA,NA,0,74,75.7,1.4,2.7,5.4,14.9,41.9,NA,NA,NA,NA,31120,29005,6808,77.6,29.3,NA,13817,86.5
"Northwest University","WA",236133,1,"Northwest Commission on Colleges and Universities",3,4,"Private","West","Suburb",47.657945,-122.192763,94.3,28,1198,0,662,62.4,5.7,13.8,4.5,13.6,2.4,NA,45835,35000,35000,17569,11494,7318,29.2,28.4,67.5,20891,65.1
"Pacific Lutheran University","WA",236230,1,"Northwest Commission on Colleges and Universities",3,4,"Private","West","Suburb",47.14516,-122.440421,88.9,25,1338,0,2253,50.5,4.1,17.8,11.1,16.5,3.1,NA,60866,50928,50928,19184,10815,8573,65.1,34.1,71.8,22578,63.2
"University of Puget Sound","WA",236328,1,"Northwest Commission on Colleges and Universities",3,4,"Private","West","City",47.26308,-122.478982,82.7,29,1301,0,1712,65.8,3,11.6,6.8,12.8,2.2,NA,73002,57626,57626,27683,20350,10691,76.8,17.8,76.1,25000,57.5
"Saint Martin's University","WA",236452,1,"Northwest Commission on Colleges and Universities",3,4,"Private","West","City",47.041068,-122.816354,95,21,1090,0,1344,37.6,7.1,22.5,10.4,22.3,6.6,NA,54442,42220,42220,19818,8629,6943,47.8,38.9,60.2,22500,59.8
"Seattle Pacific University","WA",236577,1,"Northwest Commission on Colleges and Universities",3,4,"Private","West","City",47.650214,-122.361667,90.7,24,1205,0,2409,39.8,7.2,17.6,15.4,19.9,3.2,NA,51895,37158,37158,19432,14103,8989,51.6,33.8,65.4,24000,67.5
"Seattle University","WA",236595,1,"Northwest Commission on Colleges and Universities",3,4,"Private","West","City",47.608859,-122.318851,85.2,28,1269,0,4033,33.9,5.3,14.6,25.4,20.8,4,NA,66095,51324,51324,27102,16435,10234,68.4,20.3,74.3,19883,60.8
"Walla Walla University","WA",236896,1,"Northwest Commission on Colleges and Universities",3,4,"Private","West","Suburb",46.048088,-118.389555,NA,NA,NA,0,1234,51.9,3.3,22.9,5.7,16.2,4.9,NA,42392,31758,31758,7445,11841,5683,100,24.3,62.8,26842,48.8
"Washington State University","WA",236939,1,"Northwest Commission on Colleges and Universities",3,4,"Public","West","Town",46.730448,-117.158168,83.1,NA,NA,0,22265,59.5,2.8,16.5,7.1,14,11.4,15484,26396,12701,28385,10624,10047,10883,83.5,26.6,62,19500,53
"University of Washington-Seattle Campus","WA",236948,1,"Northwest Commission on Colleges and Universities",3,4,"Public","West","City",47.65538,-122.30514,47.5,NA,NA,0,30931,34.3,3.6,9.6,27.5,25,6.3,13404,28650,12242,40740,21161,31611,13911,80.5,16.8,84.4,14615,56.8
"Western Washington University","WA",237011,1,"Northwest Commission on Colleges and Universities",3,4,"Public","West","City",48.737812,-122.485734,92.7,26,1257,0,13686,68.8,2,10.8,6,12.4,11.2,18373,26158,8967,26873,8693,11588,10876,69.4,21.9,65.3,18500,57.2
"Whitman College","WA",237057,1,"Northwest Commission on Colleges and Universities",3,3,"Private","West","City",46.069815,-118.331546,47.7,31,1416,0,1472,60.5,2.6,9.2,6.2,21.4,1.6,NA,71982,58622,58622,28708,20011,9980,88.8,13.7,90.4,18437,56.5
"Whitworth University","WA",237066,1,"Northwest Commission on Colleges and Universities",3,4,"Private","West","Suburb",47.753358,-117.416714,90.5,25,1207,0,2037,62.5,2.6,12.9,4.2,17.8,2.2,NA,63427,48990,48990,18287,11826,7781,100,29.8,75.7,25000,57.9
"Alderson Broaddus University","WV",237118,1,NA,3,4,"Private","Southeast","Rural",39.158067,-80.047728,61.5,21,991,0,633,49.6,29.2,7.7,0.8,12.6,3.2,NA,44217,31500,31500,7568,11713,5597,72.5,51.5,33.9,26000,39
"Appalachian Bible College","WV",237136,1,"Association for Biblical Higher Education",3,4,"Private","Southeast","Suburb",37.853335,-81.198867,100,23,1088,0,182,75.3,2.2,0,1.1,21.4,15.4,NA,28102,17050,17050,6400,5287,3175,62.5,44.3,58.5,11000,44
"Bethany College","WV",237181,1,"Higher Learning Commission",3,3,"Private","Southeast","Rural",40.205819,-80.560056,64.9,22,NA,0,594,53.5,15.2,6.4,0.2,24.7,0.2,NA,47610,32640,32640,6761,6653,6081,100,40.1,42.1,27000,43.9
"Bluefield State University","WV",237215,1,"Higher Learning Commission",3,3,"Public","Southeast","Town",37.265732,-81.239037,97.2,20,999,0,1244,75.2,15.3,3.8,0.3,5.5,22.4,10717,18445,9840,17030,4766,7510,6438,59.8,45.8,35.2,18250,59.4
"University of Charleston","WV",237312,1,"Higher Learning Commission",3,4,"Private","Southeast","City",38.333367,-81.616244,67.7,NA,NA,0,2330,69,9.2,6,2.1,13.7,43.9,NA,43177,31900,31900,11381,6882,6725,50.4,31.5,41.8,19500,39.1
"Concord University","WV",237330,1,"Higher Learning Commission",3,4,"Public","Southeast","Rural",37.423723,-81.006696,91.4,21,1007,0,1311,79.6,8.5,0.9,0.4,10.7,5.4,9701,18362,9100,19340,4245,5907,7128,81.8,45.1,40.3,18900,57.8
"Davis & Elkins College","WV",237358,1,"Higher Learning Commission",3,3,"Private","Southeast","Town",38.931232,-79.846022,75.3,NA,985,0,644,44.7,5.3,3.6,1.1,45.3,1.2,NA,43278,30680,30680,8339,9661,5621,48.9,44.8,48.4,27000,59.2
"Fairmont State University","WV",237367,1,"Higher Learning Commission",3,4,"Public","Southeast","Town",39.483079,-80.162433,98.5,20,973,0,2776,85,4.9,0.9,0.9,8.3,15.3,10794,17238,8008,17836,4076,7006,6791,93.3,35.3,46.4,21000,57.1
"Glenville State University","WV",237385,1,"Higher Learning Commission",3,3,"Public","Southeast","Rural",38.93547,-80.834295,NA,NA,NA,0,1257,75.1,14.2,3,0.6,7.1,24,17250,23819,9064,10724,5924,6490,6387,100,47.3,33,25000,44.8
"Marshall University","WV",237525,1,"Higher Learning Commission",3,4,"Public","Southeast","City",38.422482,-82.428964,96.9,22,NA,0,6965,84.1,5.8,2.5,1.4,6.2,9.5,8370,20327,8604,19658,7079,11518,8245,79,40.1,49.7,23250,57.5
"Salem University","WV",237783,1,"Higher Learning Commission",3,4,"Profit","Southeast","Rural",39.288632,-80.571767,NA,NA,NA,0,756,44.4,18.5,7,1.1,29,11.4,NA,21566,13150,13150,15926,2488,4042,24.2,58.7,28.6,24694,54
"Shepherd University","WV",237792,1,"Higher Learning Commission",3,4,"Public","Southeast","Rural",39.433071,-77.804101,95.9,23,1064,0,2325,70.8,8.2,8.1,2.1,10.7,9.9,8418,18205,8282,18722,5209,8114,7327,53.2,30.8,47.9,21600,61.2
"West Virginia State University","WV",237899,1,"Higher Learning Commission",3,4,"Public","Southeast","Suburb",38.380541,-81.765034,96.2,NA,967,0,1362,67.8,17,2.6,0.5,12,10.8,11791,19182,8647,14385,4378,7197,6800,66.4,20.3,35.4,23338,55.6
"West Liberty University","WV",237932,1,"Higher Learning Commission",3,4,"Public","Southeast","Rural",40.164417,-80.602256,74.1,21,995,0,1648,80.2,3.8,0.1,0.5,15.4,4.9,15499,22394,8716,17100,7042,6126,7157,65.7,30.7,61.2,23250,62.4
"West Virginia University Institute of Technology","WV",237950,0,"Higher Learning Commission",3,3,"Public","Southeast","City",37.775924,-81.184072,64.6,22,1050,0,1038,74.9,3.2,3.4,1,17.6,6.4,10838,18060,7848,19584,6238,5102,8108,72.9,27.1,33.8,22500,40.8
"West Virginia Wesleyan College","WV",237969,1,"Higher Learning Commission",3,4,"Private","Southeast","Town",38.990661,-80.218969,96.4,21,1067,0,886,69.6,14,4.9,1.1,10.4,1,NA,47149,32976,32976,12452,7491,6035,61.2,36.6,53.5,27000,51.7
"West Virginia University","WV",238032,1,"Higher Learning Commission",3,4,"Public","Southeast","City",39.634371,-79.954391,88.4,24,1116,0,18370,81.6,3.2,4.2,1.7,9.4,4.5,12347,22810,9360,26568,14495,11856,11328,74.1,21.7,62.1,22500,51.4
"Wheeling University","WV",238078,1,"Higher Learning Commission",3,4,"Private","Southeast","City",40.070873,-80.690804,72.7,20,NA,0,578,27.3,13.3,0.4,1.6,57.4,15.2,NA,41602,28290,28290,12275,7383,5164,100,32.4,70.4,25125,39.3
"Alverno College","WI",238193,1,"Higher Learning Commission",3,4,"Private","Midwest","City",42.982842,-87.965174,89.9,NA,NA,0,717,32.2,16.5,40.5,5,5.8,18.4,NA,42812,31858,31858,15023,10308,6200,44,50.3,52.8,27000,98.5
"Bellin College","WI",238324,1,"Higher Learning Commission",3,4,"Private","Midwest","Suburb",44.468277,-87.921722,92.9,22,NA,0,346,87.9,0.9,2,2,7.2,24,NA,30905,21900,21900,16591,10705,7723,78.8,16.2,75.7,18000,91.3
"Beloit College","WI",238333,1,"Higher Learning Commission",3,3,"Private","Midwest","City",42.504022,-89.029285,65.9,26,1306,0,921,49.2,9.3,16.7,3.1,21.6,0,NA,66936,56312,56312,12237,9611,7536,78.4,30.6,71.2,25738,52.2
"Cardinal Stritch University","WI",238430,1,NA,3,4,"Private","Midwest","Suburb",43.139752,-87.909045,92.6,20,980,0,526,31.8,16.5,19.6,2.3,29.8,20.5,NA,45740,35444,35444,11968,7188,6656,26.2,27,51.5,30571,62.5
"Carroll University","WI",238458,1,"Higher Learning Commission",3,4,"Private","Midwest","City",43.004527,-88.228114,72.1,25,1212,0,2689,74.9,2.5,11,3.4,8.2,4,NA,48464,36190,36190,17088,8514,8470,41.3,22.7,67,27000,67.5
"Carthage College","WI",238476,1,"Higher Learning Commission",3,4,"Private","Midwest","City",42.622969,-87.820924,81.8,24,1160,0,2541,68.8,5.5,15.5,2.2,8.1,2.4,NA,46744,34500,34500,13931,9043,8553,51.4,27.1,64.7,26000,55.8
"Concordia University-Wisconsin","WI",238616,1,"Higher Learning Commission",3,4,"Private","Midwest","Suburb",43.253387,-87.91552,70.4,23,1150,0,2556,67.3,9.1,6.1,5.4,12.1,23.4,NA,47970,33062,33062,15927,10212,7370,100,23.3,66.4,25750,62.9
"Edgewood College","WI",238661,1,"Higher Learning Commission",3,4,"Private","Midwest","City",43.057059,-89.422884,98.6,NA,NA,0,1127,76.8,4,11,2,6.3,8,NA,47807,33550,33550,19086,9239,6952,43.5,24.8,62.5,24424,68
"Lakeland University","WI",238980,1,"Higher Learning Commission",3,4,"Private","Midwest","Rural",43.841573,-87.883414,99.5,NA,NA,0,1281,63.1,9.1,9.6,4.2,14,41.1,NA,45519,31786,31786,15311,9921,6891,17.8,41.3,51.8,25000,56.7
"Lawrence University","WI",239017,1,"Higher Learning Commission",3,3,"Private","Midwest","City",44.261323,-88.397822,72.3,30,1358,0,1411,60.7,4,11.2,5.5,18.7,1.2,NA,65910,53979,53979,16508,18353,8558,85,22.6,78,26000,53.9
"Maranatha Baptist University","WI",239071,1,"Higher Learning Commission",3,4,"Private","Midwest","Town",43.195013,-88.737016,75.1,24,1117,0,571,85.3,1.8,5.9,1.4,5.6,18.2,NA,29409,18810,18810,10653,8198,3686,69.2,39.7,56,14143,59.2
"Marian University","WI",239080,1,"Higher Learning Commission",3,4,"Private","Midwest","City",43.777411,-88.420638,71.6,21,1050,0,1058,72.5,5.2,9.3,1.7,11.3,13,NA,39345,30000,30000,14100,5256,5829,82.8,41.9,51.3,25000,66.3
"Marquette University","WI",239105,1,"Higher Learning Commission",3,4,"Private","Midwest","City",43.03903,-87.927961,87.2,28,1302,0,7290,67.4,4.9,15.7,6,6.1,1.8,NA,61926,46670,46670,22703,14083,10515,57,19.5,82.5,23940,55.9
"Milwaukee Institute of Art & Design","WI",239309,1,"Higher Learning Commission",3,3,"Private","Midwest","City",43.030917,-87.907925,64,NA,NA,0,895,64.9,4.7,17.1,5,8.3,1.5,NA,50250,41140,41140,19256,9636,6368,41.3,38.4,56.6,27000,78.4
"Milwaukee School of Engineering","WI",239318,1,"Higher Learning Commission",3,4,"Private","Midwest","City",43.045364,-87.907691,63.5,27,NA,0,2562,69.1,2.5,9.2,5.7,13.4,1.9,NA,57411,46506,46506,16526,13485,10031,61,23,71,27000,28
"Mount Mary University","WI",239390,1,"Higher Learning Commission",3,4,"Private","Midwest","City",43.072507,-88.030732,69.4,19,1050,0,640,32.5,20.9,34.2,7.2,5.1,3.9,NA,46622,33390,33390,16022,12139,6708,37,59.9,60.2,25288,100
"Northland College","WI",239512,1,"Higher Learning Commission",3,3,"Private","Midwest","Town",46.579087,-90.87476,68.4,24,1129,0,508,72.2,4.1,8.9,0.6,14.2,1.2,NA,53032,41237,41237,12807,10946,6759,77.6,36.5,54.2,25450,52.9
"Ripon College","WI",239628,1,"Higher Learning Commission",3,3,"Private","Midwest","Town",43.844135,-88.842333,81.3,24,NA,0,754,78.8,3.9,10.9,1.9,4.6,0,NA,59356,49600,49600,13399,10885,7875,96.9,35.4,56.1,27000,48.7
"Saint Norbert College","WI",239716,1,"Higher Learning Commission",3,4,"Private","Midwest","Suburb",44.44483,-88.067812,83.6,27,1178,0,1784,84.6,1.7,6.3,1.7,5.7,0.6,NA,54466,43204,43204,19776,11301,8626,86.6,16.7,71.5,26731,56.6
"Viterbo University","WI",240107,1,"Higher Learning Commission",3,4,"Private","Midwest","City",43.803133,-91.244297,72.4,23,1188,0,1456,81.9,5.4,5.5,1.7,5.6,17.4,NA,42691,31150,31150,15760,7548,6700,40.4,22.1,60.8,25000,76
"University of Wisconsin-Whitewater","WI",240189,1,"Higher Learning Commission",3,4,"Public","Midwest","Town",42.835563,-88.742368,82.4,21,1090,0,8893,81.2,4.4,8.6,1.9,4,9.7,14648,18326,7864,17039,6497,6571,8278,80.8,25.3,61.7,23188,48.5
"University of Wisconsin-Eau Claire","WI",240268,1,"Higher Learning Commission",3,4,"Public","Midwest","City",44.798284,-91.501906,76.6,24,1190,0,9138,86.7,1,3.8,2.9,5.7,7,16435,20478,8914,17627,6376,8263,8367,76.4,19.5,65.3,20909,60.2
"University of Wisconsin-Green Bay","WI",240277,1,"Higher Learning Commission",3,4,"Public","Midwest","City",44.532298,-87.919973,89.6,22,1090,0,6305,78.1,2.6,8.2,3.9,7.3,23.5,13404,17641,7873,16091,5108,6311,7272,67.8,22.2,52.3,18500,63
"University of Wisconsin-La Crosse","WI",240329,1,"Higher Learning Commission",3,4,"Public","Midwest","City",43.81568,-91.23186,74.2,24,1190,0,9137,89.3,0.5,3.8,2.3,4.1,4.5,15217,17946,9232,18051,7362,7774,7824,80.1,15.9,69.8,22500,56.8
"Wisconsin Lutheran College","WI",240338,1,"Higher Learning Commission",3,4,"Private","Midwest","City",43.036943,-88.022718,93.8,25,1181,0,990,73.6,5.6,9.7,1.3,9.8,2.6,NA,45903,33762,33762,13331,9626,6907,93.5,24.5,67.1,26000,54.9
"University of Wisconsin-Oshkosh","WI",240365,1,"Higher Learning Commission",3,4,"Public","Midwest","City",44.026206,-88.549369,88.5,21,1050,0,7812,79.8,2.8,6.2,4.3,6.9,14.4,14899,18642,7795,15368,6087,10456,8002,69.5,17.1,57.6,21500,57.5
"University of Wisconsin-Parkside","WI",240374,1,"Higher Learning Commission",3,4,"Public","Midwest","Rural",42.647718,-87.855231,72.8,21,1090,0,2969,62.2,7.5,20,2.9,7.3,19.5,9923,15328,7466,15736,6601,7763,7855,70.6,34.3,40.1,20492,55.7
"University of Wisconsin-Stout","WI",240417,1,"Higher Learning Commission",3,4,"Public","Midwest","Town",44.873187,-91.926653,86.3,23,1120,0,6176,84.8,1.4,3.8,3.3,6.6,17.6,16384,20440,9663,17930,7179,8352,7770,67.7,23.4,51.9,23000,42.5
"University of Wisconsin-Superior","WI",240426,1,"Higher Learning Commission",3,4,"Public","Midwest","Suburb",46.717629,-92.091007,95.6,21,1050,0,2021,79.2,2.2,3.8,1.1,13.7,21.1,13370,18487,8167,15740,6861,9795,6676,80.3,32,40.2,22500,63.9
"University of Wisconsin-Madison","WI",240444,1,"Higher Learning Commission",3,4,"Public","Midwest","City",43.075409,-89.404098,49.1,29,1374,0,35184,62.5,2.2,7.5,9.7,18,4.7,16834,27100,10796,39427,17670,18772,14140,84.2,14.9,89.2,20484,53.1
"University of Wisconsin-Milwaukee","WI",240453,1,"Higher Learning Commission",3,4,"Public","Midwest","City",43.076848,-87.880488,86.3,22,1090,0,17076,64.2,7,14.2,6.5,8.1,13.6,16427,21812,9620,21485,7965,9784,9192,62.8,29.2,47.9,23000,54
"University of Wisconsin-Platteville","WI",240462,1,"Higher Learning Commission",3,4,"Public","Midwest","Town",42.733451,-90.48622,85.4,23,1150,0,5920,89.6,1.2,4.5,1.2,3.5,10.2,15049,19916,7862,16800,6117,7064,7531,80.1,21.8,61.1,21977,36.8
"University of Wisconsin-River Falls","WI",240471,1,"Higher Learning Commission",3,4,"Public","Midwest","Town",44.8534,-92.622641,84.5,22,1090,0,4327,87.1,1.8,3.9,2.7,4.5,8.6,13581,18312,8135,16128,6138,7996,8174,61.3,22.2,59.1,20500,64.9
"University of Wisconsin-Stevens Point","WI",240480,1,"Higher Learning Commission",3,4,"Public","Midwest","Town",44.529582,-89.570934,89,22,1120,0,6995,86.1,1.6,4.4,2.8,5.1,10.1,14009,18407,8376,17080,5389,7343,7398,76.9,28.9,56,21503,56.5
"University of Wyoming","WY",240727,1,"Higher Learning Commission",3,4,"Public","West","Town",41.311773,-105.57931,96,NA,NA,0,8363,77.9,1,8.4,1.2,11.5,15.6,11995,21423,6621,21771,7486,15926,10262,99.1,21.6,60.9,18000,53.1
"University of Guam","GU",240754,1,"Western Association of Schools and Colleges Senior Colleges and University Commission",3,4,"Public","Territories","Suburb",13.433047,144.803978,NA,NA,NA,0,2629,1.9,0.3,0.5,49.8,47.4,23,8190,14380,6110,11414,5122,8135,8266,59.9,44.7,37.7,16786,57.7
"American University of Puerto Rico","PR",241100,1,NA,3,4,"Private","Territories","City",18.407058,-66.186631,NA,NA,NA,0,196,0,0,100,0,0,13.8,NA,18357,7056,7056,1366,5772,3008,17.1,77,24.5,5750,48.5
"American University of Puerto Rico","PR",241128,0,NA,3,4,"Private","Territories","Suburb",18.434072,-66.478655,NA,NA,NA,0,200,0,0,100,0,0,17.5,NA,18167,7056,7056,1397,5903,3102,25,80.8,39.6,5750,51
"Universidad Adventista de las Antillas","PR",241191,1,"Middle States Commission on Higher Education",3,4,"Private","Territories","Suburb",18.205685,-67.111207,83.1,NA,NA,0,787,1.5,1,94.7,0,2.8,13.3,NA,13305,7700,7700,6434,4426,2718,50,74.9,43.1,15750,60.4
"Atlantic University","PR",241216,1,"Accrediting Commission of Career Schools and Colleges",3,4,"Private","Territories","City",18.357395,-66.111714,NA,NA,NA,0,1577,0,0,100,0,0,40.6,NA,11548,7060,7060,5873,1500,3276,75,84.2,34.9,5457,37.2
"Universidad Central de Bayamon","PR",241225,1,"Middle States Commission on Higher Education",3,4,"Private","Territories","City",18.398864,-66.180773,80.4,NA,NA,0,602,0,0,99.2,0,0.8,29.9,NA,11022,5594,5594,9468,4392,2789,100,83.1,30.9,9393,68.1
"Albizu University-San Juan","PR",241331,1,"Middle States Commission on Higher Education",3,4,"Private","Territories","City",18.466573,-66.113908,100,NA,NA,0,701,0.4,0,98.9,0,0.7,21.4,NA,18932,7665,7665,6529,2613,4240,22.8,64.9,70.6,5500,84.4
"Caribbean University-Bayamon","PR",241377,1,"Middle States Commission on Higher Education",3,4,"Private","Territories","City",18.383136,-66.168315,NA,NA,NA,0,645,0,0,100,0,0,14.7,NA,8997,5966,5966,9743,6353,2398,14.1,96.4,21.9,10500,61.4
"Caribbean University-Carolina","PR",241386,0,"Middle States Commission on Higher Education",3,4,"Private","Territories","Suburb",18.380193,-65.960036,NA,NA,NA,0,131,0,0,100,0,0,20.6,NA,10146,5952,5952,3218,2098,NA,NA,81.1,38.1,10500,79.4
"Pontifical Catholic University of Puerto Rico-Arecibo","PR",241395,0,"Middle States Commission on Higher Education",3,4,"Private","Territories","Suburb",18.446006,-66.679114,98.2,NA,NA,0,290,0,0,99.7,0,0.3,17.2,NA,15169,5818,5818,16845,12715,4315,51.6,78.1,42.1,15500,66.6
"Pontifical Catholic University of Puerto Rico-Ponce","PR",241410,1,"Middle States Commission on Higher Education",3,4,"Private","Territories","City",18.00165,-66.617138,94.7,NA,NA,0,4075,0,0,99.6,0,0.4,13,NA,16013,5920,5920,5462,4123,4399,71.1,79,42.9,15500,64
"CEM College-San Juan","PR",241517,1,"Accrediting Commission of Career Schools and Colleges",3,3,"Profit","Territories","City",18.393955,-66.035797,NA,NA,NA,0,210,0,0,100,0,0,29,NA,17096,12300,12300,7840,1232,2700,7.1,79.7,38,5000,73.8
"Universidad Teologica del Caribe","PR",241614,1,"Association for Biblical Higher Education",3,4,"Private","Territories","Suburb",18.373928,-66.010617,NA,NA,NA,0,280,0,0,57.1,0,42.9,47.5,NA,14360,6510,6510,4696,1848,840,25.9,45.4,45.2,12050,43.9
"Colegio Universitario de San Juan","PR",241720,1,"Middle States Commission on Higher Education",3,3,"Public","Territories","City",18.428528,-66.066529,98.5,NA,NA,0,596,0,0,100,0,0,27.4,2489,5705,2340,2340,495,4961,3660,100,77.2,27.7,NA,60.6
"Universidad Ana G. Mendez-Cupey Campus","PR",241739,1,"Middle States Commission on Higher Education",3,4,"Private","Territories","City",18.387183,-66.061647,NA,NA,NA,0,4780,0,0,100,0,0,34.2,NA,13201,6920,6920,7093,4267,4113,100,82.4,34,14250,68.3
"Puerto Rico Conservatory of Music","PR",241766,1,"Middle States Commission on Higher Education",3,4,"Public","Territories","City",18.454016,-66.078811,84.5,NA,NA,0,282,0,0.4,96.8,0,2.8,38.3,7216,10420,3370,3370,5101,17944,3632,45.6,67.7,73.9,8875,30.1
"Escuela de Artes Plasticas y Diseno de Puerto Rico","PR",241951,1,"Middle States Commission on Higher Education",3,3,"Public","Territories","City",18.46778,-66.121348,100,NA,890,0,489,0,0.2,99.8,0,0,26.8,5241,8060,4304,7304,3503,4136,2851,100,73,37.1,NA,74.6
"Inter American University of Puerto Rico-San German","PR",242617,1,"Middle States Commission on Higher Education",3,4,"Private","Territories","Suburb",18.08353,-67.05082,40.1,NA,NA,0,2699,0.1,0.1,99.7,0,0.1,12.8,NA,14911,5580,5580,4856,3998,5845,100,83.4,42.7,8500,53.8
"Inter American University of Puerto Rico-Aguadilla","PR",242626,1,"Middle States Commission on Higher Education",3,4,"Private","Territories","Suburb",18.467886,-67.121671,45.7,NA,NA,0,2908,0.1,0.1,99.8,0,0.1,17.5,NA,14521,5542,5542,4826,3216,5037,100,82.7,37.6,6250,59
"Inter American University of Puerto Rico-Arecibo","PR",242635,1,"Middle States Commission on Higher Education",3,4,"Private","Territories","City",18.47509,-66.75901,33.3,NA,NA,0,2352,0.1,0,99.9,0,0,16.6,NA,14570,5580,5580,4820,3102,5600,100,82.7,33,9000,63.9
"Inter American University of Puerto Rico-Barranquitas","PR",242644,1,"Middle States Commission on Higher Education",3,4,"Private","Territories","Suburb",18.182777,-66.303153,67.8,NA,NA,0,996,0,0.1,99.8,0,0.1,19.9,NA,14255,5542,5542,4788,4130,4944,100,87.4,43,5200,66.6
"Inter American University of Puerto Rico-Metro","PR",242653,1,"Middle States Commission on Higher Education",3,4,"Private","Territories","City",18.368988,-66.077711,46.8,NA,NA,0,3099,0.7,0.6,98.3,0.2,0.3,24.8,NA,15073,5580,5580,4861,4044,5826,100,63.9,35.3,10975,56.6
"Inter American University of Puerto Rico-Ponce","PR",242662,1,"Middle States Commission on Higher Education",3,4,"Private","Territories","Rural",18.007388,-66.578498,52.8,NA,NA,0,2752,0.2,0.1,99.6,0,0.1,22.6,NA,14628,5580,5580,5167,3671,5503,100,82,43.5,6375,63.9
"Inter American University of Puerto Rico-Fajardo","PR",242680,1,"Middle States Commission on Higher Education",3,4,"Private","Territories","Suburb",18.329222,-65.648052,44.6,NA,NA,0,1185,0.3,0.2,99.2,0,0.3,17.3,NA,14674,5580,5580,5670,3829,5226,100,82.8,36.5,5750,63.5
"Inter American University of Puerto Rico-Guayama","PR",242699,1,"Middle States Commission on Higher Education",3,4,"Private","Territories","City",17.96635,-66.108164,47,NA,NA,0,1473,0.7,0.2,99.1,0,0.1,17.4,NA,14966,5580,5580,5238,3000,4625,100,76.2,40.5,9500,69.6
"Inter American University of Puerto Rico-Bayamon","PR",242705,1,"Middle States Commission on Higher Education",3,4,"Private","Territories","City",18.351631,-66.182473,33.8,NA,NA,0,3730,0.4,0.1,99.2,0,0.3,16.3,NA,14630,5580,5580,5431,2877,5527,100,80.4,32.6,8250,44
"University of Puerto Rico-Aguadilla","PR",243106,1,"Middle States Commission on Higher Education",3,3,"Public","Territories","Suburb",18.498652,-67.13793,76.8,NA,974,0,1960,0.2,0.4,99.4,0,0,9.7,5632,12114,5954,5954,354,5359,7168,75.4,80.4,43.9,5500,55.2
"University of Puerto Rico-Arecibo","PR",243115,1,"Middle States Commission on Higher Education",3,3,"Public","Territories","City",18.469199,-66.74114,60,NA,NA,0,2855,0,0,100,0,0,6.8,9455,18118,5324,5324,1090,5660,8037,75.6,82.4,48.8,4500,61.8
"University of Puerto Rico-Bayamon","PR",243133,1,"Middle States Commission on Higher Education",3,3,"Public","Territories","City",18.371398,-66.143541,93.2,NA,NA,0,3022,0,0,100,0,0,14.7,8424,11195,6284,6284,995,5678,5783,83.1,75.3,39.5,5500,50.8
"University of Puerto Rico-Carolina","PR",243142,1,"Middle States Commission on Higher Education",3,3,"Public","Territories","Suburb",18.392069,-65.990165,55.4,NA,930,0,2197,0,3.8,95.2,0,1,20.3,13292,19780,7986,7986,1633,6246,7455,60.3,73.4,38,5500,63.1
"University of Puerto Rico at Cayey","PR",243151,1,"Middle States Commission on Higher Education",3,3,"Public","Territories","Suburb",18.11882,-66.162066,49.3,NA,1023,0,2200,0,0,100,0,0,10.3,6726,15146,5354,5354,492,5209,5644,92.2,69.7,47.2,5000,68.2
"University of Puerto Rico-Humacao","PR",243179,1,"Middle States Commission on Higher Education",3,3,"Public","Territories","Suburb",18.146589,-65.838602,52,NA,NA,0,2591,0,3.9,88.7,0,7.3,8.9,13098,18858,5364,5364,887,8379,5815,76.7,77.4,48.5,5500,66.4
"University of Puerto Rico-Mayaguez","PR",243197,1,"Middle States Commission on Higher Education",3,4,"Public","Territories","City",18.211142,-67.139172,54.4,NA,NA,0,9999,0,0,93,0,7,10.5,10658,18788,5274,5274,1555,5414,8631,94.7,64.7,42.2,8250,44.4
"University of Puerto Rico-Medical Sciences","PR",243203,1,"Middle States Commission on Higher Education",3,4,"Public","Territories","City",18.396548,-66.074894,NA,NA,NA,0,264,0,0,100,0,0,7.2,NA,NA,NA,NA,10790,31109,6777,68.9,70.5,NA,NA,84.9
"University of Puerto Rico at Ponce","PR",243212,1,"Middle States Commission on Higher Education",3,3,"Public","Territories","City",17.993314,-66.606215,54,NA,NA,0,2123,0,0,100,0,0,5.2,5006,14524,5354,5354,1105,4560,5697,55.1,80.6,44.2,5500,54.1
"University of Puerto Rico-Rio Piedras","PR",243221,1,"Middle States Commission on Higher Education",3,4,"Public","Territories","City",18.402826,-66.050009,51.6,NA,NA,0,9112,0.1,5.5,84.7,0,9.7,11.7,9119,14944,5324,5324,2252,11474,6235,72.3,63.4,47.1,5500,63.7
"Universidad Ana G. Mendez-Carolina Campus","PR",243346,1,"Middle States Commission on Higher Education",3,4,"Private","Territories","Suburb",18.414805,-65.983869,NA,NA,NA,0,4651,0,0,100,0,0,33.6,NA,12890,6920,6920,7469,3753,4071,100,83.8,34.8,14500,61.4
"Universidad del Sagrado Corazon","PR",243443,1,"Middle States Commission on Higher Education",3,4,"Private","Territories","City",18.441166,-66.059617,55.2,NA,NA,0,3675,0.1,0,99.8,0,0.1,17.8,NA,19699,6170,6170,7486,3926,3947,26.1,69.1,39.3,16250,63.7
"Universidad Central Del Caribe","PR",243568,1,"Middle States Commission on Higher Education",3,4,"Private","Territories","City",18.366171,-66.153758,77.8,NA,NA,0,112,1.8,0,83.9,0,14.3,23.2,NA,14697,6597,6602,28989,9647,3733,71.7,96.9,25,7363,87.5
"Universidad Politecnica de Puerto Rico","PR",243577,1,"Middle States Commission on Higher Education",3,4,"Private","Territories","City",18.422195,-66.056084,NA,NA,NA,0,3649,0.1,0.1,99.6,0.1,0.1,54.6,NA,21057,9102,9102,8217,4161,4101,67,63.4,19.8,22564,28.2
"Pontifical Catholic University of Puerto Rico-Mayaguez","PR",243586,0,"Middle States Commission on Higher Education",3,4,"Private","Territories","City",18.182375,-67.145695,99.8,NA,NA,0,647,0,0,99.9,0,0.1,14.2,NA,14460,5818,5818,16773,12661,4013,67.7,80.3,35.8,15500,64.3
"Universidad Ana G. Mendez-Gurabo Campus","PR",243601,1,"Middle States Commission on Higher Education",3,4,"Private","Territories","Suburb",18.239647,-66.006259,NA,NA,NA,0,7923,0,0,100,0,0,28.2,NA,12740,6920,6920,7340,3641,4374,100,81.5,32.6,13448,59.7
"University of the Virgin Islands","VI",243665,1,"Middle States Commission on Higher Education",3,4,"Public","Territories","Rural",18.344193,-64.972866,96.9,17,911,0,1325,5.4,70.5,12.9,0.4,10.7,32.2,8892,16096,5235,14496,7914,12705,7069,100,45.9,27.3,16800,72.4
"Stanford University","CA",243744,1,"Western Association of Schools and Colleges Senior Colleges and University Commission",3,4,"Private","West","Suburb",37.429434,-122.167359,3.7,35,1553,0,7761,25.9,7.4,17.6,26.4,22.8,0,NA,78898,58416,58416,28879,130671,22538,98.7,18.8,95.1,12000,51.8
"Purdue University-Main Campus","IN",243780,1,"Higher Learning Commission",3,4,"Public","Midwest","City",40.428206,-86.914435,52.7,30,1354,0,38438,61.1,2.5,6.6,12.6,17.2,5.1,14000,22508,9992,28794,18015,17545,13441,96.8,14.1,83,19500,42.4
"Parker University","TX",243823,1,"Southern Association of Colleges and Schools Commission on Colleges",3,4,"Private","West","City",32.880335,-96.893564,NA,NA,NA,0,411,44.3,27.7,3.2,6.6,18.3,23.6,NA,31277,15718,15718,24572,9148,6494,53.7,42.9,88.2,12288,72
"St. John's College","NM",245652,1,"Higher Learning Commission",3,4,"Private","West","Rural",35.666974,-105.912478,54.1,28,1383,0,364,65.7,1.9,11.3,1.7,19.5,2.5,NA,51688,37090,37090,11453,13613,9291,76.3,29.6,71.6,NA,48.4
"Bais Medrash Elyon","NY",245777,1,"Association of Institutions of Jewish Studies",3,3,"Private","Northeast","Suburb",41.114079,-74.069798,100,NA,NA,0,45,97.8,0,0,0,2.2,4.4,NA,NA,8600,8600,3761,7354,2502,NA,22.5,NA,NA,0
"Antioch University-Los Angeles","CA",245838,0,"Higher Learning Commission",3,4,"Private","West","Suburb",33.988533,-118.384458,NA,NA,NA,0,74,48.6,6.8,13.5,4,27,64.9,NA,NA,NA,NA,23907,12167,6345,NA,33.1,NA,23501,59.5
"Antioch University-Santa Barbara","CA",245847,0,"Higher Learning Commission",3,4,"Private","West","City",34.419203,-119.6958,NA,NA,NA,0,60,36.7,0,33.3,0,30,58.3,NA,NA,NA,NA,17981,9152,6861,NA,44.7,NA,23501,65
"Antioch University","OH",245892,1,"Higher Learning Commission",3,4,"Private","Midwest","Rural",39.80321,-83.908684,NA,NA,NA,0,105,42.9,16.2,14.3,2.9,23.8,51.4,NA,NA,NA,NA,17039,8672,7355,NA,43.8,NA,23501,77.1
"Mid-America Christian University","OK",245953,1,"Higher Learning Commission",3,4,"Private","West","City",35.347785,-97.578297,NA,NA,NA,0,1415,49.4,14.9,14.3,0.9,20.5,47.6,NA,29094,18838,18838,13075,3963,5683,100,54.8,39.3,26394,66.4
"Yeshiva Gedolah of Greater Detroit","MI",247773,1,"Association of Advanced Rabbinical and Talmudic Schools",3,3,"Private","Midwest","Suburb",42.471924,-83.200754,84,NA,NA,0,68,100,0,0,0,0,0,NA,16533,8600,8600,13026,23349,4443,NA,38.9,76.9,NA,0
"South University-Columbia","SC",251312,0,"Southern Association of Colleges and Schools Commission on Colleges",3,4,"Profit","Southeast","Suburb",34.098042,-80.961839,NA,NA,NA,0,420,19.8,66.9,5.7,0.5,7.1,23.3,NA,30064,17014,17014,15786,11161,6032,20.9,60.8,7.7,26123,85.5
"Platt College-Aurora","CO",260813,1,"Accrediting Commission of Career Schools and Colleges",3,3,"Profit","West","Suburb",39.613133,-104.899235,64.7,NA,NA,0,232,54.3,7.3,27.2,5.6,5.6,0,NA,42416,20590,20590,19109,7691,7459,27.7,42.2,NA,42125,88.8
"University of Massachusetts Global","CA",262086,1,"Western Association of Schools and Colleges Senior Colleges and University Commission",3,4,"Public","West","City",33.656401,-117.769012,NA,NA,NA,0,4545,59.7,11,9.8,4.5,15,77.9,32849,35619,12520,12520,15177,4269,9663,12.1,23.8,50,24276,66.1
"New College of Florida","FL",262129,1,"Southern Association of Colleges and Schools Commission on Colleges",3,4,"Public","Southeast","City",27.384925,-82.55858,75.4,26,1236,0,669,64.6,4,17,4.2,10.2,1.2,7091,22236,6916,29944,0,24566,8847,80.3,29.8,62.6,17375,68
"Yeshivah Gedolah Rabbinical College","FL",363712,1,"Association of Advanced Rabbinical and Talmudic Schools",3,3,"Private","Southeast","City",25.782445,-80.141334,NA,NA,NA,0,44,90.9,0,0,0,9.1,0,NA,17200,8800,8800,7071,15804,3768,NA,65.4,8.3,NA,0
"Caribbean University-Ponce","PR",363907,0,"Middle States Commission on Higher Education",3,4,"Private","Territories","City",18.006633,-66.59425,NA,NA,NA,0,405,0,0,100,0,0,25.9,NA,9038,5966,5966,2018,1316,2281,29.1,86.5,44.6,10500,36.3
"Caribbean University-Vega Baja","PR",363916,0,"Middle States Commission on Higher Education",3,4,"Private","Territories","Suburb",18.444882,-66.40315,NA,NA,NA,0,141,0,0,100,0,0,20.6,NA,9109,5966,5966,3448,2248,2185,NA,80.5,17.2,10500,68.8
"University of Advancing Technology","AZ",363934,1,"Higher Learning Commission",3,4,"Profit","West","City",33.377712,-111.976087,91.5,NA,NA,0,802,47.4,14.6,16.7,2.7,18.6,48,NA,30202,18794,18794,20122,5007,5758,60.3,56.8,44.9,28812,20.3
"California State University-San Marcos","CA",366711,1,"Western Association of Schools and Colleges Senior Colleges and University Commission",3,4,"Public","West","Suburb",33.130569,-117.159013,95.2,NA,NA,0,13844,25.3,3.5,51.3,9.8,10.1,19.7,10774,19750,7733,19613,5994,8152,10894,47.1,45.3,56.7,17350,59.6
"Hodges University","FL",367884,1,NA,3,4,"Private","Southeast","City",26.610865,-81.821419,NA,NA,NA,0,337,30.3,14.2,39.2,2.1,14.2,38.3,NA,25380,15500,15500,21929,10997,7030,18.4,52.8,19.5,27675,64.1
"Nossi College of Art and Design","TN",368452,1,"Accrediting Commission of Career Schools and Colleges",3,3,"Profit","Southeast","City",36.24323,-86.738561,56.7,NA,NA,0,298,64.4,23.2,6,2.4,4,0,NA,26907,19150,19150,15526,7090,6250,9.3,60,58.4,33498,63.4
"Yeshiva Gedolah Imrei Yosef D'spinka","NY",375230,1,"Association of Advanced Rabbinical and Talmudic Schools",3,3,"Private","Northeast","City",40.628468,-73.992328,NA,NA,NA,0,196,100,0,0,0,0,0,NA,14400,11500,11500,2024,3101,5624,NA,91.5,57.9,NA,0
"Northwest College of Art & Design","WA",377546,1,"Accrediting Commission of Career Schools and Colleges",3,3,"Profit","West","City",47.25249,-122.43885,67.9,NA,NA,0,119,58.8,5,15.1,8.4,12.6,4.2,NA,28076,18100,18100,19638,3789,NA,NA,52.9,56.2,30750,64.7
"University of Washington-Bothell Campus","WA",377555,0,"Northwest Commission on Colleges and Universities",3,4,"Public","West","Suburb",47.759773,-122.191293,88.1,NA,1322,0,5166,29.4,10.2,10.3,35.8,14.3,13.9,10495,23503,12224,40722,3929,5869,12224,63.9,29.7,68.8,14615,45.1
"University of Washington-Tacoma Campus","WA",377564,0,"Northwest Commission on Colleges and Universities",3,4,"Public","West","City",47.244594,-122.438541,88.3,NA,NA,0,4054,34,11.3,15.3,24.2,15.2,11.5,10897,22627,12458,40956,4655,6953,11157,78.8,40.9,54.2,14615,48.2
"Provo College","UT",380438,1,"Accrediting Bureau of Health Education Schools",3,3,"Profit","West","City",40.245294,-111.68431,NA,NA,NA,0,711,74.4,1.3,12.8,2,9.6,0,NA,36448,17112,17112,16834,5756,6595,53.3,50.6,51.2,41733,86.6
"Beacon College","FL",384254,1,"Southern Association of Colleges and Schools Commission on Colleges",3,3,"Private","Southeast","Suburb",28.811281,-81.87415,51.9,NA,NA,0,469,67.6,12.8,8.7,4.5,6.4,2.6,NA,64462,47110,47110,29544,7746,5801,100,26.7,57.6,25000,33.7
"University of the Potomac-Washington DC Campus","DC",384412,1,"Middle States Commission on Higher Education",3,4,"Profit","Northeast","City",38.90054,-77.032531,NA,NA,NA,0,228,10.1,17.1,4,42.1,26.7,0,NA,20087,6660,6660,6264,2332,2917,100,8.9,50,8769,45.2
"Rabbi Jacob Joseph School","NJ",384421,1,"Association of Advanced Rabbinical and Talmudic Schools",3,3,"Private","Northeast","Suburb",40.501001,-74.397954,73.3,NA,NA,0,94,93.6,0,0,0,6.4,0,NA,19800,12700,12700,15447,19033,5283,NA,25.8,NA,NA,0
"Everglades University","FL",385619,1,"Southern Association of Colleges and Schools Commission on Colleges",3,4,"Private","Southeast","City",26.391218,-80.108331,70.3,NA,NA,0,2246,44.6,18.7,19,1.4,16.3,0,NA,38573,20000,20000,19742,5385,5189,23.8,31.2,56,38996,50.7
"College of Biblical Studies-Houston","TX",388520,1,"Association for Biblical Higher Education",3,3,"Private","West","City",29.716676,-95.506559,NA,NA,NA,0,205,14.6,48.3,28.3,5.4,3.4,64.4,NA,16729,7475,9275,8599,11972,5249,44.1,53.8,100,25570,39.5
"Soka University of America","CA",399911,1,"Western Association of Schools and Colleges Senior Colleges and University Commission",3,4,"Private","West","Suburb",33.554546,-117.735344,56.6,26,1350,0,445,14.4,2,12.6,12.1,58.9,0,NA,51096,35544,35544,5963,39926,12467,72.6,19.1,87.5,15650,64.9
"World Mission University","CA",401223,1,"Association for Biblical Higher Education",3,4,"Private","West","City",34.064918,-118.289484,NA,NA,NA,0,192,0,0,25,44.8,30.2,53.6,NA,22025,6680,6680,4748,2078,5780,55.6,48.6,33.3,NA,67.2
"Schiller International University","FL",404338,1,"Accrediting Council for Independent Colleges and Schools",3,4,"Profit","Southeast","City",27.947866,-82.459292,NA,NA,NA,0,23,34.8,4.3,13,4.3,43.5,0,NA,25320,13880,13880,12515,4132,NA,NA,18.8,NA,35758,60.9
"Yeshivas Novominsk","NY",405058,1,"Association of Advanced Rabbinical and Talmudic Schools",3,0,"Private","Northeast","City",40.623395,-73.989968,78,NA,NA,0,149,99.3,0,0,0,0.7,0,NA,19000,11800,11800,18842,17941,5676,100,31.6,NA,NA,0
"Rabbinical College of Ohr Shimon Yisroel","NY",405854,1,"Association of Advanced Rabbinical and Talmudic Schools",3,3,"Private","Northeast","City",40.704389,-73.956772,NA,NA,NA,0,237,100,0,0,0,0,0,NA,21860,22600,22600,18795,6821,2764,NA,84.9,46.7,NA,0
"Florida National University-Main Campus","FL",408844,1,"Southern Association of Colleges and Schools Commission on Colleges",3,4,"Profit","Southeast","Suburb",25.86178,-80.321846,NA,NA,NA,0,2465,2.9,4.3,81.2,0.5,11.1,35.8,NA,29826,14888,14888,11957,2834,4488,50.7,88.4,34.2,27554,69.7
"California State University-Monterey Bay","CA",409698,1,"Western Association of Schools and Colleges Senior Colleges and University Commission",3,4,"Public","West","Suburb",36.652397,-121.796178,92.4,NA,NA,0,6129,26.6,2.5,54.1,6.5,10.3,12.6,11649,20441,7323,19203,5967,10013,10863,48.9,44.3,61.5,12750,60.5
"Capella University","MN",413413,1,"Higher Learning Commission",3,4,"Profit","Midwest","City",44.976286,-93.268796,NA,NA,NA,1,13275,49.8,23,12.8,3.5,11,75.2,NA,21572,14328,14328,13317,2217,7335,13.7,35.8,NA,14968,83.2
"Trine University-Regional/Non-Traditional Campuses","IN",414878,0,"Higher Learning Commission",3,4,"Private","Midwest","Town",41.632502,-85.008009,24.4,NA,NA,0,266,65.4,4.1,7.1,0.8,22.6,41,NA,22052,9576,9576,17008,8649,7989,32.2,26.9,NA,25000,60.9
"The University of Texas MD Anderson Cancer Center","TX",416801,1,"Southern Association of Colleges and Schools Commission on Colleges",3,4,"Public","West","City",29.707016,-95.396804,NA,NA,NA,0,337,22.9,8,30.9,29.4,8.9,12.5,NA,NA,NA,NA,4473,15436,11542,100,31.1,NA,12500,79.2
"Messenger College","TX",417752,1,"Transnational Association of Christian Colleges and Schools",3,3,"Private","West","Suburb",32.85076,-97.161015,50,NA,NA,0,19,57.9,5.3,26.3,0,10.5,10.5,NA,23025,11040,11040,10962,3163,2857,NA,84.4,16.7,NA,57.9
"University of Phoenix-Hawaii","HI",420042,0,"Higher Learning Commission",3,3,"Profit","West","Suburb",21.334103,-158.08161,NA,NA,NA,0,24,0,0,4.2,8.3,87.5,0,NA,NA,NA,NA,9731,1019,NA,NA,20,NA,31553,41.7
"Yeshiva D'monsey Rabbinical College","NY",420325,1,"Association of Advanced Rabbinical and Talmudic Schools",3,3,"Private","Northeast","Suburb",41.114173,-74.064721,31.8,NA,NA,0,79,100,0,0,0,0,0,NA,16500,8600,8600,8163,3818,2960,NA,84.6,NA,NA,0
"Arizona College of Nursing-Tempe","AZ",421708,1,"Accrediting Bureau of Health Education Schools",3,3,"Profit","West","City",33.403079,-111.965808,100,NA,NA,0,1177,45,8.8,27.4,3.6,15.2,21.4,NA,35080,24000,24000,21584,6455,7558,0,43.3,60,9500,87.7
"Embry-Riddle Aeronautical University-Worldwide","FL",426314,0,"Southern Association of Colleges and Schools Commission on Colleges",3,4,"Private","Southeast","City",29.189903,-81.048367,57.7,NA,1247,0,8278,53.8,8.7,18.4,3.7,15.3,73.9,NA,20778,11185,11185,12398,5326,8242,19.8,24.9,17.4,23666,15
"Ottawa University-Milwaukee","WI",428259,0,"Higher Learning Commission",3,4,"Private","Midwest","Suburb",43.02963,-88.115185,NA,NA,NA,0,62,72.6,9.7,8.1,1.6,8.1,80.7,NA,NA,NA,NA,5876,1281,6340,NA,47.2,NA,21500,88.7
"Strayer University-Maryland","MD",430184,0,"Middle States Commission on Higher Education",3,4,"Profit","Northeast","Suburb",38.827438,-76.918039,NA,NA,NA,0,1298,15.8,67.9,6.6,1.5,8.3,87.1,NA,23985,13515,13515,12998,1864,8550,20,58.3,35.7,40621,69.2
"San Juan Bautista School of Medicine","PR",430670,1,"Middle States Commission on Higher Education",3,4,"Private","Territories","City",18.220528,-66.050389,100,NA,NA,0,73,0,0,100,0,0,0,NA,14109,9489,15685,15469,10364,NA,NA,93.7,50,NA,76.7
"Texas Health and Science University","TX",430704,1,"Accrediting Council for Independent Colleges and Schools",3,4,"Profit","West","City",30.233143,-97.785289,NA,NA,NA,0,23,8.7,0,8.7,43.5,39.1,4.3,NA,NA,NA,NA,10091,6090,4946,36.8,39.1,NA,NA,78.3
"Yeshiva of the Telshe Alumni","NY",431983,1,"Association of Advanced Rabbinical and Talmudic Schools",3,0,"Private","Northeast","City",40.896668,-73.911096,NA,NA,NA,0,74,100,0,0,0,0,0,NA,NA,11200,11200,13417,15395,5425,NA,44.3,NA,NA,0
"American University of Health Sciences","CA",433004,1,"Western Association of Schools and Colleges Senior Colleges and University Commission",3,4,"Profit","West","Suburb",33.796849,-118.171366,NA,NA,NA,0,347,4.3,10.4,31.4,43.5,10.4,0,NA,40135,24575,24575,28272,10189,11554,55.2,45,66.7,40326,74.1
"Western Governors University","UT",433387,1,"Northwest Commission on Colleges and Universities",3,4,"Private","West","Suburb",40.68481,-111.869752,NA,NA,NA,1,112807,58.5,11.2,13.3,3.8,13.2,0,NA,14042,8010,8010,7757,2782,5960,72.8,33.6,48.8,11116,59.9
"California Aeronautical University","CA",433420,1,"Accrediting Commission of Career Schools and Colleges",3,4,"Profit","West","Suburb",35.434905,-119.049264,NA,NA,NA,0,330,43.3,7.6,32.7,10.3,6.1,0,NA,47830,33037,33037,41995,21429,5363,34,47.4,31.8,30705,13.6
"Florida Gulf Coast University","FL",433660,1,"Southern Association of Colleges and Schools Commission on Colleges",3,4,"Public","Southeast","Suburb",26.463638,-81.7726,74.4,22,1114,0,13788,59.8,6,24.3,1.9,8,19.8,10161,17054,6118,25162,5407,6425,9071,65.7,29.6,58.5,17622,56.5
"Yeshiva College of the Nations Capital","MD",434937,1,"Association of Advanced Rabbinical and Talmudic Schools",3,3,"Private","Northeast","Suburb",39.042404,-77.030566,NA,NA,NA,0,43,100,0,0,0,0,0,NA,23800,10600,10600,4055,21636,7813,NA,30.3,NA,NA,0
"Louisiana State University Health Sciences Center-Shreveport","LA",435000,1,"Southern Association of Colleges and Schools Commission on Colleges",3,4,"Public","Southeast","City",32.480683,-93.761018,NA,NA,NA,0,23,65.2,21.7,8.7,0,4.3,4.3,NA,NA,NA,NA,19508,138695,7382,95.2,14.8,NA,NA,60.9
"International Baptist College and Seminary","AZ",436614,1,"Transnational Association of Christian Colleges and Schools",3,4,"Private","West","City",33.273788,-111.879629,NA,NA,NA,0,55,83.6,3.6,7.3,0,5.4,50.9,NA,27737,13200,13200,7746,6439,3548,30.8,39.1,54.5,NA,43.6
"University of Connecticut-Waterbury Campus","CT",436818,0,"New England Commission on Higher Education",3,4,"Public","Northeast","City",41.555617,-73.039242,97.9,23,1110,0,751,44.3,8.9,27.7,10.9,8.1,7.3,9525,20033,16640,39308,2730,3910,16081,64,50.3,59.9,21500,57.3
"University of Connecticut-Avery Point","CT",436827,0,"New England Commission on Higher Education",3,4,"Public","Northeast","Suburb",41.316419,-72.065336,97.4,25,1180,0,480,61.5,3.1,18.1,9.2,8.1,3.5,12479,20905,16640,39308,11294,16174,16081,64,36.8,58.9,21500,44
"University of Connecticut-Stamford","CT",436836,0,"New England Commission on Higher Education",3,4,"Public","Northeast","City",41.056081,-73.542206,92.2,25,1116,0,2246,30.5,14.7,34.1,10.2,10.5,6.3,13933,25463,16650,39318,1870,2677,16081,64,49,63.6,21500,48.8
"University of Management and Technology","VA",437097,1,"Distance Education Accrediting Commission",3,4,"Profit","Southeast","City",38.89743,-77.072001,NA,NA,NA,0,372,5.4,6.7,2.4,4.8,80.6,8.3,NA,NA,9450,9450,1951,459,1527,100,3.4,100,NA,42.5
"American InterContinental University-Atlanta","GA",438586,0,"Higher Learning Commission",3,4,"Profit","Southeast","City",33.938779,-84.354907,NA,NA,NA,0,958,8.3,47.2,0.2,0.2,44,17.3,NA,22061,13267,13267,16532,1125,6993,NA,81.2,19.7,31000,65.6
"Atlantic Institute of Oriental Medicine","FL",439446,1,"Accrediting Commission for Acupuncture and Oriental Medicine",3,4,"Private","Southeast","City",26.121964,-80.142235,NA,NA,NA,0,1,0,0,0,0,100,0,NA,NA,NA,NA,15443,16670,4690,100,0,NA,NA,0
"The King's University","TX",439701,1,"Transnational Association of Christian Colleges and Schools",3,4,"Private","West","Suburb",32.93973,-97.121526,93.8,NA,NA,0,255,57.2,8.6,13.3,2.8,18,54.1,NA,27335,12720,12720,13795,5850,7707,100,42.8,52,27000,63.1
"Pacific Islands University","GU",439862,1,"Transnational Association of Christian Colleges and Schools",3,3,"Private","Territories","Suburb",13.465046,144.835821,68.9,NA,NA,0,68,10.3,4.4,10.3,1.5,73.5,7.3,NA,13226,6866,6866,0,1113,2958,NA,100,22.2,NA,61.8
"Acupuncture and Massage College","FL",439969,1,NA,3,4,"Profit","Southeast","City",25.686382,-80.364141,NA,NA,NA,0,67,25.4,11.9,53.7,7.5,1.5,0,NA,37935,11843,11843,43988,17506,4977,NA,69.7,66.7,7600,61.2
"New Saint Andrews College","ID",440396,1,"Northwest Commission on Colleges and Universities",3,4,"Private","West","Town",46.731422,-117.001804,83,NA,1283,0,226,72.6,1.3,4.9,1.3,19.9,6.2,NA,NA,14500,14500,11997,11292,4715,100,0,81.6,NA,56.6
"National American University-Ellsworth","SD",440749,0,NA,3,3,"Profit","Midwest","Town",44.131301,-103.072726,NA,NA,NA,0,47,55.3,6.4,0,2.1,36.2,87.2,NA,NA,6675,6675,8940,445,NA,NA,26.2,16.7,29020,31.9
"Pillar College","NJ",440794,1,"Middle States Commission on Higher Education",3,4,"Private","Northeast","City",40.738539,-74.169153,NA,NA,NA,0,378,19.3,17.2,50,0.8,12.7,6.9,NA,37989,23668,23668,18509,10698,6806,12.6,67.9,44.4,21483,76.2
"Oregon State University-Cascades Campus","OR",440828,0,"Northwest Commission on Colleges and Universities",3,4,"Public","West","City",44.042795,-121.333703,79,25,NA,0,1040,75.2,0.8,10.3,2.7,11.1,43.8,16836,25731,11628,32763,3834,3636,12129,75,29,58.3,21221,47.7
"Southern University Law Center","LA",440916,0,"Southern Association of Colleges and Schools Commission on Colleges",3,4,"Public","Southeast","City",30.523898,-91.194417,NA,NA,NA,0,629,0.6,95.9,0.6,0,2.9,12.1,NA,NA,NA,NA,25889,7831,8877,43.8,NA,NA,29251,67.7
"Yeshiva Shaarei Torah of Rockland","NY",441609,1,"Association of Institutions of Jewish Studies",3,3,"Private","Northeast","Suburb",41.12362,-74.090159,40,NA,NA,0,141,90.1,0,0,0,9.9,0,NA,23065,15775,15775,7941,8806,5700,71.4,42.2,NA,NA,0
"Universidad Pentecostal Mizpa","PR",441690,1,"Association for Biblical Higher Education",3,4,"Private","Territories","City",18.358258,-66.085117,NA,NA,NA,0,110,0,0,100,0,0,53.6,NA,11303,4220,4220,6447,1959,NA,0,56,5.3,NA,37.3
"Nevada State University","NV",441900,1,"Northwest Commission on Colleges and Universities",3,4,"Public","West","Rural",35.982345,-114.938044,82.5,NA,NA,0,4581,20.8,9.4,43.5,10.8,15.5,57.7,13866,21983,6225,19964,2296,5481,7777,100,23.7,32.5,19691,77.2
"California State University-Channel Islands","CA",441937,1,"Western Association of Schools and Colleges Senior Colleges and University Commission",3,4,"Public","West","Rural",34.162949,-119.04356,89.6,NA,NA,0,5717,23.4,2,60,6.5,8.1,24.7,12887,23676,6817,18697,4785,9804,11102,54.2,48.2,56.7,15000,66
"Franklin W Olin College of Engineering","MA",441982,1,"New England Commission on Higher Education",3,3,"Private","Northeast","Suburb",42.293527,-71.263378,19.1,35,1533,0,356,41.6,3.4,9.8,21.1,24.2,0,NA,79024,60766,60766,19005,34718,13159,87.7,12.6,93.7,19500,50
"University of Arkansas Grantham","AR",442569,1,"Distance Education Accrediting Commission",3,4,"Public","Southeast","City",34.775996,-92.343582,NA,NA,NA,1,4598,43.7,34.9,9,1.5,11,68.4,9175,15321,8280,8280,3057,1208,4913,4.5,55,24.7,21956,61.8
"University of the Potomac-VA Campus","VA",442639,0,"Middle States Commission on Higher Education",3,4,"Profit","Southeast","Suburb",38.906944,-77.216062,NA,NA,NA,0,223,15.2,22.9,4,35.4,22.4,0,NA,NA,6660,6660,9305,3464,NA,NA,0,38.5,8769,37.2
"Faith International University","WA",443049,1,"Transnational Association of Christian Colleges and Schools",3,4,"Private","West","City",47.280168,-122.51687,NA,NA,NA,0,177,35.6,32.2,12.4,8.5,11.3,50.3,NA,20830,8685,8685,5517,2338,3871,37,48.6,16.7,17650,44.1
"Family of Faith Christian University","OK",443058,1,"Association for Biblical Higher Education",3,4,"Private","West","Rural",35.462234,-96.901413,71.4,NA,NA,0,33,69.7,3,9.1,0,18.2,90.9,NA,13632,8160,8160,7513,2806,2262,NA,25.6,25,NA,63.6
"West Coast University-Los Angeles","CA",443331,1,"Western Association of Schools and Colleges Senior Colleges and University Commission",3,3,"Profit","West","City",34.187134,-118.39941,NA,NA,NA,0,2620,35.1,3.6,32.6,21.1,7.6,20.2,NA,51618,36140,36140,35634,12101,8982,23.1,48.5,100,32946,80
"Williamson Christian College","TN",443340,1,"Association for Biblical Higher Education",3,4,"Private","Southeast","City",35.95616,-86.828311,NA,NA,NA,0,46,71.7,4.3,6.5,4.3,13,0,NA,28700,13940,13940,13895,7509,1000,NA,44.2,33.3,NA,54.4
"DigiPen Institute of Technology","WA",443410,1,"Accrediting Commission of Career Schools and Colleges",3,4,"Profit","West","City",47.68871,-122.150603,66.4,28,1301,0,1058,53.5,2.1,9.2,10.5,24.8,8.1,NA,48239,36100,36100,26491,11479,9669,52,23.3,60.1,27000,30.6
"Dewey University-Hato Rey","PR",443562,0,"Accrediting Bureau of Health Education Schools",3,4,"Private","Territories","City",18.417614,-66.043033,NA,NA,NA,0,279,0,0,100,0,0,47.3,NA,10772,6970,6970,4739,3909,1901,100,80,67.5,5185,85.7
"Strayer University-Tennessee","TN",443766,0,"Middle States Commission on Higher Education",3,4,"Profit","Southeast","City",35.076643,-89.901042,NA,NA,NA,0,2598,31.3,62.5,1.8,0.1,4.3,94.4,NA,23985,13515,13515,14973,2147,7420,21.7,84.2,100,40621,80.6
"Strayer University-Pennsylvania","PA",443784,0,"Middle States Commission on Higher Education",3,4,"Profit","Northeast","Suburb",40.13955,-74.962991,NA,NA,NA,0,1222,28.4,49.6,15,1,6,94.5,NA,NA,13515,13515,15112,2167,8550,20,65.2,50,40621,76.3
"Brookline College-Albuquerque","NM",444088,0,"Accrediting Bureau of Health Education Schools",3,3,"Profit","West","City",35.08781,-106.68749,NA,NA,NA,0,528,20.8,6.2,57.8,5.1,10,0,NA,NA,NA,NA,17076,5135,7488,32.7,54,64.4,9500,86.4
"Northcentral University","CA",444130,1,"Western Association of Schools and Colleges Senior Colleges and University Commission",3,4,"Private","West","City",32.829299,-117.127296,NA,NA,NA,1,106,44.3,28.3,10.4,1.9,15.1,85.9,NA,NA,NA,NA,18067,4442,9399,10.1,29.1,NA,12500,76.4
"Baptist University of the Americas","TX",444398,1,"Association for Biblical Higher Education",3,3,"Private","West","City",29.342919,-98.541223,NA,NA,NA,0,108,3.7,1.8,47.2,2.8,44.4,28.7,NA,13183,6768,6768,11417,5494,NA,0,35,10.5,NA,51.8
"Beis Medrash Heichal Dovid","NY",444413,1,"Association of Advanced Rabbinical and Talmudic Schools",3,4,"Private","Northeast","City",40.596845,-73.751633,57.8,NA,NA,0,145,97.2,0,0,0,2.8,0,NA,19900,11700,11700,11802,3961,11618,NA,20.6,41,NA,0
"Charlotte Christian College and Theological Seminary","NC",444778,1,"Transnational Association of Christian Colleges and Schools",3,4,"Private","Southeast","City",35.159664,-80.737194,NA,NA,NA,0,44,13.6,81.8,4.6,0,0,45.5,NA,NA,13923,13923,5810,3273,2254,25,53.6,25,18000,56.8
"Nightingale College","UT",444787,1,"Northwest Commission on Colleges and Universities",3,4,"Profit","West","City",40.767465,-111.887917,NA,NA,NA,0,2988,37,17.1,21,16.2,8.7,40,NA,NA,NA,NA,14799,6357,6507,91.6,45.9,68.7,25250,86.6
"American InterContinental University System","AZ",445027,1,"Higher Learning Commission",3,4,"Profit","West","City",33.278816,-111.804036,NA,NA,NA,1,10317,22.9,26.6,3.9,1.3,45.3,8.8,NA,20088,12422,12422,13805,1445,6328,NA,70.4,22.8,31000,63.6
"American InterContinental University-Houston","TX",445133,0,"Higher Learning Commission",3,4,"Profit","West","City",29.728216,-95.548302,NA,NA,NA,0,122,10.7,32.8,0,4.1,52.4,30.3,NA,24626,14725,14725,15804,4009,7517,NA,71.1,28,31000,61.5
"University of California-Merced","CA",445188,1,"Western Association of Schools and Colleges Senior Colleges and University Commission",3,4,"Public","West","Suburb",37.366237,-120.424944,89.5,NA,NA,0,8343,8.5,4.6,55.3,21.4,10.1,1.7,13450,36949,13791,43863,8800,12588,13206,95.3,61.3,67.4,16144,49
"Central Methodist University-College of Graduate and Extended Studies","MO",445267,0,"Higher Learning Commission",3,4,"Private","Midwest","Rural",39.150497,-92.685253,100,NA,NA,0,1493,84.5,5.8,4,0.9,4.8,43.3,NA,NA,6960,6960,3121,2396,6481,100,24.1,NA,17619,79.1
"Neumont College of Computer Science","UT",445692,1,"Northwest Commission on Colleges and Universities",3,3,"Profit","West","City",40.766096,-111.890573,87.6,NA,1120,0,517,53.4,6.2,16,4.1,20.3,7.9,NA,38822,26505,26505,17097,4748,10559,42.9,66.5,59.2,NA,18.4
"Roseman University of Health Sciences","NV",445735,1,"Northwest Commission on Colleges and Universities",3,4,"Private","West","City",36.073182,-115.064633,NA,NA,NA,0,574,27.4,2.8,13.2,41.5,15.2,0,NA,NA,NA,NA,48859,18709,11047,55.2,20.2,NA,25000,73.9
"Ave Maria University","FL",446048,1,"Southern Association of Colleges and Schools Commission on Colleges",3,4,"Private","Southeast","Rural",26.335983,-81.438945,44.2,NA,NA,0,1230,70.7,4.1,12.8,4.2,8.3,0.7,NA,41590,26354,26354,7756,11240,8396,100,27.2,50.4,20776,54.5
"Los Angeles College of Music","CA",446385,1,"National Association of Schools of Music",3,3,"Profit","West","City",34.139293,-118.150113,82.8,NA,NA,0,239,29.3,7.5,13.4,5.9,43.9,5.9,NA,48155,25650,25650,21182,9170,4110,7.9,23.9,34.9,27938,42.3
"Uta Mesivta of Kiryas Joel","NY",446604,1,"Association of Advanced Rabbinical and Talmudic Schools",3,3,"Private","Northeast","City",41.333864,-74.161179,NA,NA,NA,0,2590,99.5,0,0,0,0.5,0,NA,21730,14500,14500,12847,6697,3312,100,88.9,84.8,NA,0
"Harrisburg University of Science and Technology","PA",446640,1,"Middle States Commission on Higher Education",3,4,"Private","Northeast","City",40.26193,-76.880261,84.3,NA,NA,0,629,42.9,28.1,14.3,5.6,9.1,8.1,NA,34051,23900,23900,17840,12196,8014,43.8,50.7,31.8,27000,30
"United States University","CA",447050,1,"Western Association of Schools and Colleges Senior Colleges and University Commission",3,4,"Profit","West","City",32.761148,-117.162166,NA,NA,NA,0,197,50.8,11.7,23.9,9.1,4.6,64,NA,NA,6630,6630,11365,2936,7295,100,11.7,NA,15244,71.1
"Eagle Gate College-Layton","UT",447421,0,"Accrediting Bureau of Health Education Schools",3,3,"Profit","West","Suburb",41.073374,-111.973885,NA,NA,NA,0,223,70,4,13.9,2.2,9.9,0,NA,36448,17112,17112,16761,5914,7002,NA,55.6,46.5,43021,90.1
"Georgia Gwinnett College","GA",447689,1,"Southern Association of Colleges and Schools Commission on Colleges",3,3,"Public","Southeast","Suburb",33.979409,-84.00459,93.6,20,NA,0,10451,22.5,31.6,26.9,10.8,8.1,32,11648,17493,4458,13244,4292,4819,7689,77.9,51.1,19.7,20076,58.2
"SUM Bible College and Theological Seminary","CA",447953,1,"Western Association of Schools and Colleges Senior Colleges and University Commission",3,4,"Private","West","Suburb",38.620833,-121.054758,83.5,NA,NA,0,416,30,9.6,23.1,2.9,34.4,32.7,NA,26270,10730,10730,5160,2188,5000,14.8,51.4,43.9,26677,49.3
"Careers Unlimited","UT",448239,1,"Accrediting Commission of Career Schools and Colleges",3,3,"Profit","West","City",40.275775,-111.731006,NA,NA,NA,0,118,87.3,1.7,6.8,1.7,2.5,0,NA,NA,NA,NA,22655,6824,9769,NA,52.5,NA,NA,96.6
"Strayer University-Florida","FL",449038,0,NA,3,4,"Profit","Southeast","Suburb",27.997442,-82.35991,NA,NA,NA,0,1257,28,50.4,14.1,0.8,6.7,83,NA,NA,13515,13515,14364,2060,8550,20,73,22.2,40621,71.3
"American Public University System","WV",449339,1,"Higher Learning Commission",3,4,"Profit","Southeast","Town",39.287826,-77.860121,NA,NA,NA,1,37569,47.9,16,18.1,2.7,15.2,92.2,NA,16779,7360,7360,7732,1785,6066,19.6,23.5,55.5,21743,35.9
"Huntsville Bible College","AL",449348,1,"Association for Biblical Higher Education",3,4,"Private","Southeast","City",34.750363,-86.594888,NA,NA,NA,0,66,7.6,92.4,0,0,0,86.4,NA,17595,4730,4730,5882,6230,NA,NA,44.3,NA,40500,65.1
"Bais Medrash Toras Chesed","NJ",449658,1,"Association of Advanced Rabbinical and Talmudic Schools",3,3,"Private","Northeast","City",40.099704,-74.21127,70.5,NA,NA,0,110,99.1,0,0,0,0.9,2.7,NA,12500,7800,7800,7670,3913,3869,NA,32.5,44,NA,0
"University of the West","CA",449870,1,"Western Association of Schools and Colleges Senior Colleges and University Commission",3,4,"Private","West","Suburb",34.045985,-118.082964,78.3,NA,NA,0,59,3.4,8.5,25.4,10.2,52.6,3.4,NA,27218,14018,14018,18392,17531,7312,23.7,43,20,NA,59.3
"American College of Education","IN",449889,1,"Higher Learning Commission",3,4,"Profit","Midwest","City",39.76975,-86.160161,NA,NA,NA,1,142,47.9,22.5,15.5,4.2,9.9,0,NA,NA,NA,NA,NA,NA,3245,29.3,0,NA,NA,74.7
"South University-Tampa","FL",449898,0,"Southern Association of Colleges and Schools Commission on Colleges",3,4,"Profit","Southeast","City",27.982269,-82.500357,NA,NA,NA,0,421,27.8,28,35.4,3.6,5.2,25.7,NA,29812,17014,17014,14604,8171,6816,27,49.3,11.8,26123,82.2
"Strayer University-Delaware","DE",450298,0,NA,3,4,"Profit","Northeast","City",39.743357,-75.547914,NA,NA,NA,0,239,28,55.6,10.9,0.4,5,91.6,NA,NA,13515,13515,18907,2712,12290,14.3,65.5,NA,40621,76.1
"Strayer University-Alabama","AL",450377,0,NA,3,4,"Profit","Southeast","City",33.513375,-86.80574,NA,NA,NA,0,1237,27.7,65.9,2.4,0,4,93.1,NA,NA,13515,13515,16099,2309,8550,20,77.6,NA,40621,80.8
"Columbia Southern University","AL",450933,1,"Southern Association of Colleges and Schools Commission on Colleges",3,4,"Profit","Southeast","Town",30.329288,-87.653162,NA,NA,NA,1,11208,61.9,16,1.9,1.5,18.7,42.8,NA,16520,6015,6015,4391,1546,4268,40.1,20.3,32.6,21339,34.6
"Yeshivas Be'er Yitzchok","NJ",451370,1,"Association of Institutions of Jewish Studies",3,3,"Private","Northeast","Suburb",40.682465,-74.213255,88.9,NA,NA,0,59,94.9,0,0,0,5.1,0,NA,30150,11450,11450,7543,7076,4235,NA,47.1,20,NA,0
"Yeshiva Toras Chaim","NJ",451398,1,"Association of Advanced Rabbinical and Talmudic Schools",3,3,"Private","Northeast","Suburb",40.098692,-74.182143,59,NA,NA,0,213,86.4,0,0,0,13.6,0,NA,21110,12750,12750,11551,8914,4920,NA,40.4,18.2,NA,0
"Talmudical Seminary of Bobov","NY",451404,1,"Association of Advanced Rabbinical and Talmudic Schools",3,3,"Private","Northeast","City",40.634485,-73.995378,91.9,NA,NA,0,459,100,0,0,0,0,0,NA,18000,12600,12600,7243,3597,3564,100,96,26.9,NA,0
"The Art Institute of Austin","TX",451820,0,NA,3,3,"Profit","West","Town",30.110905,-97.313486,NA,NA,NA,0,78,39.7,18,35.9,1.3,5.1,35.9,NA,44078,20794,20794,30433,3229,6250,NA,44.3,33.7,31000,39.7
"Patrick Henry College","VA",451927,1,"Transnational Association of Christian Colleges and Schools",3,3,"Private","Southeast","Town",39.138687,-77.690939,75.8,30,1356,0,376,65.4,0.5,5.9,8.2,20,5.6,NA,NA,28425,28425,14384,11727,6948,100,0,64.7,NA,45.5
"Strayer University-North Carolina","NC",453163,0,NA,3,4,"Profit","Southeast","City",36.051694,-79.882713,NA,NA,NA,0,2646,21.6,67.3,4.1,0.4,6.5,92.8,NA,23985,13515,13515,14142,2028,7420,21.7,79.6,28.6,40621,80.7
"Strayer University-New Jersey","NJ",453215,0,NA,3,4,"Profit","Northeast","Suburb",40.554506,-74.474974,NA,NA,NA,0,474,17.7,55.5,18.1,1.9,6.8,96.8,NA,NA,13515,13515,19450,2790,12290,14.3,65.5,25,40621,78.3
"The King's College","NY",454184,1,NA,3,3,"Private","Northeast","City",40.706677,-74.012342,45.3,27,1302,0,290,63.4,6.9,10.3,4.1,15.2,4.8,NA,58199,21690,21690,13065,19466,10373,96.6,22.7,56.2,21500,60.3
"Chamberlain University-Illinois","IL",454227,1,"Higher Learning Commission",3,4,"Profit","Midwest","Suburb",41.949727,-88.038558,90.9,NA,NA,0,11535,49.2,18.6,16.8,9,6.4,76,NA,34822,20410,20410,18294,2928,7777,10.6,29.9,37.5,20919,89.4
"Chamberlain University-Ohio","OH",454236,0,"Higher Learning Commission",3,3,"Profit","Midwest","City",40.054055,-82.912163,78.6,NA,NA,0,537,51.2,36.3,5.6,4.8,2.1,61.1,NA,40545,19629,19629,23581,7091,8411,9.8,50.4,11.1,20919,88.8
"Chamberlain University-Arizona","AZ",454245,0,"Higher Learning Commission",3,3,"Profit","West","City",33.565758,-112.104601,83.3,NA,NA,0,818,46.6,9,27.4,11.1,5.9,63.8,NA,43266,20142,20142,24978,6571,8411,9.8,41.7,NA,20919,82.6
"Ottawa University-Online","KS",454582,0,"Higher Learning Commission",3,4,"Private","Midwest","City",38.932055,-94.635461,NA,NA,NA,1,101,60.4,8.9,9.9,3,17.8,76.2,NA,NA,NA,NA,62828,13694,8002,100,36,NA,21500,59.4
"Taft University System","CO",454689,1,"Distance Education Accrediting Commission",3,4,"Profit","West","City",39.692532,-104.941215,NA,NA,NA,1,2,0,0,0,50,50,0,NA,NA,NA,NA,3516,460,NA,15.9,0,NA,NA,50
"Aspen University","AZ",454829,1,"Distance Education Accrediting Commission",3,4,"Profit","West","City",33.412164,-111.981317,NA,NA,NA,0,4067,50.9,20.3,14,5,9.9,84.3,NA,17556,5355,5355,9172,2308,5925,100,19.8,NA,15756,86.6
"Denver College of Nursing","CO",454856,1,"Higher Learning Commission",3,4,"Profit","West","City",39.75303,-104.994725,NA,NA,NA,0,1034,51.7,13.4,18.6,6.8,9.5,0,NA,NA,NA,NA,14956,5152,6362,19.1,24.9,NA,26500,87.1
"Yeshiva of Machzikai Hadas","NY",455257,1,"Association of Advanced Rabbinical and Talmudic Schools",3,3,"Private","Northeast","City",40.636104,-73.990592,71.7,NA,NA,0,431,97.4,0,0,0,2.5,0,NA,29350,10800,10800,9510,6696,2216,60.7,87.3,65.8,NA,0
"The Chicago School at Los Angeles","CA",455664,1,"Western Association of Schools and Colleges Senior Colleges and University Commission",3,4,"Private","West","City",34.049478,-118.257045,54,NA,NA,0,284,43.3,19.4,21.8,0.7,14.8,95.1,NA,42000,13224,13224,30315,9531,7657,85.9,56,NA,20000,85.6
"Providence Christian College","CA",455770,1,"Western Association of Schools and Colleges Senior Colleges and University Commission",3,3,"Private","West","City",34.149327,-118.141062,87.1,NA,NA,0,136,45.6,2.2,41.9,2.2,8.1,0.7,NA,50947,33884,33884,30829,9440,6348,80,38.2,35.6,25000,42.6
"Polytechnic University of Puerto Rico-Miami","FL",456481,0,"Middle States Commission on Higher Education",3,4,"Private","Southeast","City",25.80915,-80.328482,NA,NA,NA,0,34,0,0,100,0,0,100,NA,NA,13827,13827,12025,2902,3736,NA,63.8,NA,22564,47.1
"Polytechnic University of Puerto Rico-Orlando","FL",456490,0,"Middle States Commission on Higher Education",3,4,"Private","Southeast","Suburb",28.55158,-81.253943,NA,NA,NA,0,115,0,2.6,94.8,0,2.6,68.7,NA,23701,13827,13827,12332,8673,5805,32.4,60.3,20,22564,33
"Strayer University-West Virginia","WV",456621,0,NA,3,4,"Profit","Southeast","Suburb",38.454588,-81.92619,NA,NA,NA,0,288,82.6,10.8,1,0,5.6,92.7,NA,NA,13515,13515,17751,2546,12290,14.3,80,NA,40621,69.4
"University of Minnesota-Rochester","MN",456959,0,"Higher Learning Commission",3,3,"Public","Midwest","City",44.022339,-92.463471,71.7,26,1190,0,617,54.6,15.6,9.1,14.4,6.3,4.4,15193,26219,13464,13464,13879,5676,8158,100,37,58.6,19500,80.1
"Chamberlain University-Florida","FL",457129,0,"Higher Learning Commission",3,3,"Profit","Southeast","City",30.243517,-81.586421,90,NA,NA,0,918,22,48.4,20.4,5,4.2,74.4,NA,40545,19629,19629,24353,7090,7764,10.7,52.8,NA,20919,89.8
"Horizon University","IN",457226,1,"Association for Biblical Higher Education",3,3,"Private","Midwest","Suburb",39.894654,-85.986809,NA,NA,NA,0,40,82.5,0,10,0,7.5,57.5,NA,27996,9840,9840,5835,4083,NA,NA,22.5,NA,NA,32.5
"University of Fort Lauderdale","FL",457402,1,"Transnational Association of Christian Colleges and Schools",3,4,"Private","Southeast","Suburb",26.147098,-80.204938,NA,NA,NA,0,193,7.8,56.5,21.2,0,14.5,76.7,NA,14929,7410,7410,9090,2754,4889,10,56.4,NA,NA,11.4
"Pacific Rim Christian University","HI",457484,1,"Association for Biblical Higher Education",3,4,"Private","West","City",21.328198,-157.888379,NA,NA,NA,0,95,23.2,3.2,17.9,22.1,33.7,52.6,NA,23502,12380,12380,12325,2829,NA,NA,85.6,54.5,NA,55.8
"City Vision University","MO",457697,1,"Distance Education Accrediting Commission",3,4,"Private","Midwest","City",39.101164,-94.569475,NA,NA,NA,1,132,37.9,15.2,13.6,1.5,31.8,84.9,NA,12256,6000,6000,5043,1341,NA,NA,64.6,NA,NA,52.3
"Ascent College","VA",458113,1,"Association for Biblical Higher Education",3,3,"Private","Southeast","Suburb",38.805988,-77.624657,NA,NA,NA,0,68,42.6,23.5,5.9,5.9,22.1,98.5,NA,NA,7300,7300,3904,2688,3333,NA,33.8,14.3,NA,57.4
"West Coast University-Orange County","CA",458210,0,"Western Association of Schools and Colleges Senior Colleges and University Commission",3,4,"Profit","West","City",33.81104,-117.911811,NA,NA,NA,0,3023,16.1,2.5,32,40,9.3,24.3,NA,36552,22889,22889,28947,9830,8687,17,42.9,73.3,32946,77.5
"West Coast University-Ontario","CA",458229,0,"Western Association of Schools and Colleges Senior Colleges and University Commission",3,3,"Profit","West","City",34.066591,-117.590035,NA,NA,NA,0,2579,14.1,5.5,46.8,24.2,9.3,18.8,NA,47991,36140,36140,35775,12149,8707,15.3,52,64.3,32946,78.1
"The Art Institute of Virginia Beach","VA",458496,0,NA,3,3,"Profit","Southeast","City",36.842383,-76.131737,NA,NA,NA,0,88,35.2,50,6.8,0,7.9,33,NA,43151,20794,20794,25095,3854,6042,NA,54.1,39.1,30977,48.9
"Strayer University-Arkansas","AR",458885,0,NA,3,4,"Profit","Southeast","City",34.745489,-92.271192,NA,NA,NA,0,275,42.2,50.9,2.5,0,4.4,97.8,NA,NA,13515,13515,13285,1905,12290,14.3,87.3,NA,40621,83.6
"Strayer University-Georgia","GA",458919,0,"Middle States Commission on Higher Education",3,4,"Profit","Southeast","Suburb",33.870686,-84.267177,NA,NA,NA,0,4319,17.7,74.1,3.1,0.4,4.8,89.4,NA,23985,13515,13515,14500,2080,7346,21.4,78.9,29.2,40621,77.4
"Strayer University-Mississippi","MS",458955,0,NA,3,4,"Profit","Southeast","City",32.300562,-90.188097,NA,NA,NA,0,277,8.7,87,1.1,0,3.3,95.7,NA,NA,13515,13515,13071,1875,12290,14.3,82,NA,40621,80.5
"Strayer University-South Carolina","SC",458964,0,NA,3,4,"Profit","Southeast","City",34.839766,-82.399535,NA,NA,NA,0,1625,23.3,68.2,3.3,0.2,5.1,91.6,NA,23985,13515,13515,13846,1986,8193,21.6,76.8,25,40621,77.5
"Strayer University-Texas","TX",458973,0,"Middle States Commission on Higher Education",3,4,"Profit","West","Suburb",32.910744,-96.887509,NA,NA,NA,0,2251,22.3,53.8,17.4,0.8,5.8,86.7,NA,23985,13515,13515,14875,2133,7647,21.1,73.4,11.1,40621,71.9
"The Art Institute of San Antonio","TX",458982,0,NA,3,3,"Profit","West","City",29.532925,-98.56556,NA,NA,NA,0,180,22.8,16.7,51.7,0,8.9,30,NA,39220,20794,20794,24819,3274,5455,NA,48.6,18.3,31000,47.8
"South University-Richmond","VA",459259,0,"Southern Association of Colleges and Schools Commission on Colleges",3,4,"Profit","Southeast","Suburb",37.64706,-77.599967,NA,NA,NA,0,274,31.4,52.2,4.4,3.3,8.8,23,NA,30280,17014,17014,15922,10642,6851,33.3,38,21.4,26123,84.7
"South University-Virginia Beach","VA",459268,0,"Southern Association of Colleges and Schools Commission on Colleges",3,4,"Profit","Southeast","City",36.8336,-76.124288,NA,NA,NA,0,205,14.6,58.1,16.1,3.9,7.3,25.9,NA,33088,17014,17014,13830,14123,6188,21.3,47.6,33.3,26123,86.3
"Compass College of Film and Media","MI",459417,1,NA,3,3,"Private","Midwest","City",42.961875,-85.667065,100,NA,954,0,50,68,8,6,2,16,20,NA,27547,18450,18450,16991,4514,4611,37.5,35.1,70.4,27500,28
"Touro University Worldwide","CA",459727,1,"Western Association of Schools and Colleges Senior Colleges and University Commission",3,4,"Private","West","Suburb",33.808683,-118.057754,NA,NA,NA,0,387,33.3,25.1,7.2,3.4,31,43.9,NA,29149,14600,14600,11533,2913,6497,7.3,52.8,55.6,25000,71.6
"Touro University Nevada","NV",459824,0,"Western Association of Schools and Colleges Senior Colleges and University Commission",3,4,"Private","West","City",36.043189,-115.024012,NA,NA,NA,0,15,46.7,13.3,20,20,0,0,NA,NA,NA,NA,36181,13089,9742,47.1,3.6,NA,12500,93.3
"Herzing University-Kenosha","WI",459842,0,"Higher Learning Commission",3,4,"Private","Midwest","City",42.582628,-87.820105,93.5,NA,NA,0,626,33.4,19.5,34,7.7,5.4,48.2,NA,27329,12750,12750,13729,5716,7090,36.5,59,25,21500,89.3
"Herzing University-Brookfield","WI",459851,0,"Higher Learning Commission",3,4,"Private","Midwest","Suburb",43.035738,-88.110994,95.1,NA,NA,0,390,40,30.5,12.8,5.9,10.8,49.5,NA,27517,12750,12750,12327,7075,7373,40.6,55.2,60,21500,88.2
"Texas A&M University-San Antonio","TX",459949,1,"Southern Association of Colleges and Schools Commission on Colleges",3,4,"Public","West","City",29.304762,-98.52417,96.1,20,954,0,6404,12.3,5.8,76.9,1.4,3.7,39.1,10923,22127,9548,22764,6057,9040,7906,100,49.1,31.4,18401,65.3
"Strayer University-Global Region","DC",459994,0,"Middle States Commission on Higher Education",3,4,"Profit","Northeast","City",38.904881,-77.034133,NA,NA,NA,0,8358,47,31,13.1,1.2,7.7,94.2,NA,23985,13515,13515,15333,2199,7374,22.1,51.9,31.6,40621,68.3
"Johnson & Wales University-Online","RI",460349,0,"New England Commission on Higher Education",3,4,"Private","Northeast","City",41.819956,-71.41277,67.5,NA,NA,1,1838,45.2,23.4,17.2,3.1,11.1,73.7,NA,25859,13365,13365,9444,5869,9462,100,43.2,NA,26000,70
"Fairfax University of America","VA",460376,1,NA,3,4,"Private","Southeast","Suburb",38.84905,-77.347751,1.1,NA,NA,0,11,0,0,9.1,9.1,81.8,0,NA,NA,10128,10128,15785,36981,9550,100,0,10,NA,45.5
"Chamberlain University-Virginia","VA",460871,0,"Higher Learning Commission",3,3,"Profit","Southeast","Suburb",38.910459,-77.220505,50,NA,NA,0,663,11.9,53.5,19.8,10,4.8,67.9,NA,39462,20142,20142,25306,5444,8411,9.8,41.7,100,20919,89.1
"Carolina College of Biblical Studies","NC",461032,1,"Association for Biblical Higher Education",3,4,"Private","Southeast","City",35.05141,-78.939514,NA,NA,NA,0,112,31.2,51.8,9.8,0,7.1,60.7,NA,21943,6276,6276,7746,3853,NA,NA,53,NA,25750,51.8
"New York Film Academy","CA",461148,1,"Western Association of Schools and Colleges Senior Colleges and University Commission",3,4,"Profit","West","City",34.152076,-118.335567,NA,NA,NA,0,996,19,9.3,13.8,2.8,55.1,0,NA,57666,35557,35557,21514,8054,4167,6.2,22.2,68.3,16000,39.7
"American Medical Sciences Center","CA",461263,1,"Accrediting Bureau of Health Education Schools",3,3,"Profit","West","City",34.147117,-118.256991,NA,NA,NA,0,161,23,5.6,60.9,6.2,4.3,0,NA,NA,NA,NA,9008,1847,NA,NA,63.1,68.4,NA,93.2
"Manna University","NC",461528,1,"Association for Biblical Higher Education",3,4,"Private","Southeast","City",35.058616,-78.961305,100,NA,NA,0,180,52.2,14.4,17.2,0.6,15.6,60,NA,13882,6863,6863,5510,1443,998,35.9,39.1,75,13450,50.6
"Bergin University of Canine Studies","CA",461643,1,NA,3,4,"Private","West","Suburb",38.302849,-122.68099,NA,NA,NA,0,17,58.8,0,11.8,0,29.4,0,NA,NA,NA,NA,11886,27050,5958,NA,15,NA,NA,94.1
"Simmons College of Kentucky","KY",461759,1,"Association for Biblical Higher Education",3,3,"Private","Southeast","City",38.239519,-85.764811,67.1,14,NA,0,212,0.5,89.1,0.5,0,9.9,18.9,NA,28538,16398,16398,24113,6554,3830,100,53.4,28.6,NA,48.1
"North American University","TX",461795,1,"Accrediting Commission of Career Schools and Colleges",3,4,"Private","West","Suburb",29.646303,-95.588338,NA,NA,NA,0,453,2.6,17.9,5.3,1.6,72.6,5.3,NA,22520,12300,12300,10343,7370,4403,42.3,54.3,43.7,4925,26.5
"Keser Torah-Mayan Hatalmud","NJ",461847,1,"Association of Institutions of Jewish Studies",3,3,"Private","Northeast","Suburb",40.098369,-74.17029,81.2,NA,NA,0,54,81.5,0,0,0,18.5,0,NA,16600,11060,11060,8660,3927,5824,NA,31.8,NA,NA,0
"Millennia Atlantic University","FL",461883,1,"Accrediting Commission of Career Schools and Colleges",3,4,"Profit","Southeast","City",25.808134,-80.352717,NA,NA,NA,0,42,0,2.4,23.8,0,73.8,26.2,NA,NA,12202,12202,11390,2625,1025,40.6,7,33.3,NA,52.4
"John Paul the Great Catholic University","CA",462354,1,"Western Association of Schools and Colleges Senior Colleges and University Commission",3,3,"Private","West","Suburb",33.12085,-117.082401,79.6,22,1066,0,300,43.7,1,30.7,5,19.7,6,NA,47306,28000,28000,10762,18018,7617,30.8,38.4,73,26968,50
"University of Connecticut-Hartford Campus","CT",463056,0,"New England Commission on Higher Education",3,4,"Public","Northeast","City",41.762673,-72.672175,97.3,19,1118,0,1500,43.7,14.2,19.1,16.1,6.8,5.2,11477,23005,16650,39318,2562,3669,16081,64,47.4,62.2,21500,49.9
"Ottawa University-Surprise","AZ",464226,0,"Higher Learning Commission",3,4,"Private","West","Suburb",33.628923,-112.368233,28.7,19,1079,0,1098,40.4,10.6,33.7,1.6,13.8,19.2,NA,50861,33000,33000,17729,3864,6307,93.3,43.1,NA,21500,45.1
"Chamberlain University-Missouri","MO",466921,0,"Higher Learning Commission",3,3,"Profit","Midwest","Suburb",38.701907,-90.436283,71.4,NA,NA,0,375,62.9,26.4,4.3,2.9,3.5,69.3,NA,36209,19629,19629,24487,7621,8411,9.8,48.4,25,20919,94.4
"Chamberlain University-Texas","TX",466930,0,"Higher Learning Commission",3,3,"Profit","West","City",29.838386,-95.560414,85.7,NA,NA,0,2167,15.9,39.7,24.6,15.8,4,76.5,NA,35342,19629,19629,25180,5902,7764,10.6,50.9,75,20919,86.8
"Los Angeles Pacific University","CA",474863,1,"Western Association of Schools and Colleges Senior Colleges and University Commission",3,4,"Private","West","Suburb",34.110723,-117.827484,NA,NA,NA,1,1352,20.8,17.5,43.4,7.2,11,59.5,NA,28579,11400,11400,12664,1882,7819,9,46.4,31,18750,80.8
"South University-Savannah Online","GA",475121,0,"Southern Association of Colleges and Schools Commission on Colleges",3,4,"Profit","Southeast","City",31.999481,-81.105531,NA,NA,NA,1,5738,35.7,42,13,0.6,8.6,29.2,NA,29901,15394,15394,6786,2556,5817,11.2,73.8,6,26123,77.7
"Whitworth University-Adult Degree Programs","WA",475200,0,"Northwest Commission on Colleges and Universities",3,3,"Private","West","Suburb",47.751642,-117.411568,NA,NA,NA,0,177,74.6,4,10.2,1.7,9.6,84.2,NA,NA,NA,NA,17363,9435,3908,NA,48,NA,25000,70.1
"Springfield College-Regional Online and Continuing Education","MA",475273,0,"New England Commission on Higher Education",3,4,"Private","Northeast","City",42.1022,-72.556647,NA,NA,NA,0,307,24.4,35.8,30.3,1,8.5,83.4,NA,NA,NA,NA,12551,8029,8643,100,60,NA,26250,80.8
"Criswell College","TX",475608,1,"Southern Association of Colleges and Schools Commission on Colleges",3,4,"Private","West","City",32.793513,-96.77669,100,NA,NA,0,121,64.5,12.4,14.1,2.5,6.6,35.5,NA,24744,13350,13350,9343,27042,6686,52.9,40.9,70,25346,35.5
"Chamberlain University-Georgia","GA",475732,0,"Higher Learning Commission",3,3,"Profit","Southeast","City",33.911943,-84.351949,68.4,NA,NA,0,1420,17.8,62.7,9.2,5.3,4.9,75,NA,37943,19629,19629,25486,5932,7764,10.7,52.8,100,20919,90.6
"Chamberlain University-Indiana","IN",475741,0,"Higher Learning Commission",3,3,"Profit","Midwest","City",39.91916,-86.111061,100,NA,NA,0,202,55.9,26.7,8.4,4.5,4.4,54.5,NA,40545,19629,19629,24081,6015,8411,10,51.6,100,20919,92.1
"Bais HaMedrash and Mesivta of Baltimore","MD",476601,1,"Association of Advanced Rabbinical and Talmudic Schools",3,3,"Private","Northeast","Suburb",39.379528,-76.674414,100,NA,NA,0,86,100,0,0,0,0,0,NA,22800,13100,13100,26302,20015,4792,NA,46.9,85,NA,0
"Yeshiva Gedolah Zichron Leyma","NJ",476692,1,"Association of Advanced Rabbinical and Talmudic Schools",3,3,"Private","Northeast","Suburb",40.6992,-74.268351,48.8,NA,NA,0,38,92.1,0,0,0,7.9,0,NA,16750,11350,11350,9926,7736,2833,NA,47.2,NA,NA,0
"Be'er Yaakov Talmudic Seminary","NY",476717,1,"Association of Advanced Rabbinical and Talmudic Schools",3,3,"Private","Northeast","Suburb",41.138206,-74.029573,NA,NA,NA,0,638,100,0,0,0,0,0,NA,18214,12200,12200,14053,3887,1635,63.8,86.1,56.9,NA,0
"Colorado State University Global","CO",476975,1,"Higher Learning Commission",3,4,"Public","West","City",39.724786,-104.786666,96.9,17,NA,1,6333,57.8,7.9,16.2,4.2,13.8,75.9,14826,20440,8400,8400,10359,2648,5406,7.2,25.9,NA,25000,53.9
"West Coast University-Dallas","TX",477039,0,"Western Association of Schools and Colleges Senior Colleges and University Commission",3,4,"Profit","West","City",32.98221,-96.716284,NA,NA,NA,0,975,23.2,28.6,26.3,12.6,9.3,36.3,NA,29530,17090,17090,22400,8275,7989,35.2,54.4,66.7,32946,87.2
"Pennsylvania State University-World Campus","PA",479956,0,"Middle States Commission on Higher Education",3,4,"Public","Northeast","City",40.7965,-77.862848,81.7,NA,1158,1,7798,64.8,7.6,11.6,5.6,10.3,57.6,19961,25935,15054,15054,3220,1727,NA,NA,28.1,36.3,25000,53
"South University-Austin","TX",480073,0,"Southern Association of Colleges and Schools Commission on Colleges",3,4,"Profit","West","City",30.479474,-97.689972,NA,NA,NA,0,288,24.3,30.6,31.9,3.5,9.7,20.8,NA,33088,17014,17014,14802,9982,7167,34.2,50.4,3.7,26123,83
"Warner Pacific University Professional and Graduate Studies","OR",480198,0,"Northwest Commission on Colleges and Universities",3,4,"Private","West","City",45.506265,-122.592498,NA,NA,NA,0,269,43.9,20.4,17.1,6.3,12.3,29.7,NA,23400,6240,6240,15447,6570,7753,100,55,41.7,25000,68
"Florida Institute of Technology-Online","FL",480569,0,"Southern Association of Colleges and Schools Commission on Colleges",3,4,"Private","Southeast","City",28.065773,-80.623123,92,NA,NA,1,776,48.1,18.7,18.7,2.6,12,36.2,NA,28203,12240,12240,6877,1391,8437,NA,46.8,NA,27000,62.5
"California Miramar University","CA",480781,1,"Distance Education Accrediting Commission",3,4,"Profit","West","City",32.77942,-117.11851,22.4,NA,NA,0,99,17.2,22.2,31.3,9.1,20.2,8.1,NA,15394,9994,9994,12418,2102,NA,NA,44.7,30,31000,19.2
"Midwives College of Utah","UT",480985,1,"Midwifery Education Accreditation Council",3,4,"Private","West","City",40.71089,-111.857036,42.9,NA,NA,1,279,63.1,14.7,7.9,0.7,13.6,0,NA,31922,7919,7919,5025,1893,NA,NA,38.1,NA,21054,99.6
"Grace Mission University","CA",481058,1,"Transnational Association of Christian Colleges and Schools",3,4,"Private","West","Suburb",33.867663,-117.958208,NA,NA,NA,0,100,0,0,19,81,0,15,NA,NA,3480,3480,5453,738,NA,NA,54.2,83.3,NA,58
"Mid-South Christian College","TN",481225,1,"Association for Biblical Higher Education",3,3,"Private","Southeast","City",35.064172,-89.911799,100,NA,NA,0,17,23.5,5.9,29.4,0,41.2,0,NA,20492,11905,11905,2697,6489,4306,50,29.4,NA,NA,41.2
"Grace School of Theology","TX",481401,1,"Transnational Association of Christian Colleges and Schools",3,4,"Private","West","City",30.205731,-95.472493,NA,NA,NA,0,184,14.1,16.3,9.2,0,60.3,88,NA,23565,6760,6760,2283,3287,6333,21.4,13.7,NA,NA,34.8
"Yeshiva Gedolah Kesser Torah","NY",481410,1,"Association of Advanced Rabbinical and Talmudic Schools",3,3,"Private","Northeast","Suburb",41.124819,-74.068553,52.3,NA,NA,0,79,97.5,0,0,0,2.5,0,NA,19300,12100,12100,8126,4602,2500,NA,35.1,42.1,NA,0
"Yeshiva Yesodei Hatorah","NJ",481438,1,"Association of Advanced Rabbinical and Talmudic Schools",3,3,"Private","Northeast","Suburb",40.065908,-74.202016,92.6,NA,NA,0,67,94,0,0,0,6,0,NA,18586,12500,12500,14444,15170,3433,NA,34.8,5.3,NA,0
"South University-High Point","NC",481720,0,"Southern Association of Colleges and Schools Commission on Colleges",3,4,"Profit","Southeast","City",36.040441,-79.963547,NA,NA,NA,0,47,27.7,59.6,2.1,2.1,8.5,31.9,NA,35428,19354,19354,12373,9922,NA,NA,55.3,12.5,26123,91.5
"Augusta University","GA",482149,1,"Southern Association of Colleges and Schools Commission on Colleges",3,4,"Public","Southeast","City",33.47037,-81.989071,85.5,25,1105,0,5098,47.1,27.1,10,7.9,7.9,15,13417,21924,8122,23500,12031,14197,9387,66.2,37.9,50.1,20500,65.2
"Middle Georgia State University","GA",482158,1,"Southern Association of Colleges and Schools Commission on Colleges",3,4,"Public","Southeast","City",32.808092,-83.732058,99.7,22,1020,0,6589,51.2,32.2,7.1,3,6.5,36,13910,19127,3958,12430,4161,6541,8044,72.1,41.9,23.8,19000,55.4
"Veritas Baptist College","IN",482228,1,"Transnational Association of Christian Colleges and Schools",3,4,"Private","Midwest","Town",39.093747,-84.848698,100,NA,NA,1,123,80.5,4.1,6.5,5.7,3.3,69.1,NA,12876,7676,7676,8229,2814,2998,NA,32.1,40,NA,39
"DeVry College of New York","NY",482413,0,"Higher Learning Commission",3,4,"Profit","Northeast","City",40.747747,-73.983492,26.7,NA,NA,0,423,20.8,36.2,25.5,5.7,11.8,43.7,NA,40652,17488,17488,8734,1846,10055,26.8,54.4,21.4,24807,49.9
"DeVry University-Arizona","AZ",482422,0,"Higher Learning Commission",3,4,"Profit","West","City",33.565758,-112.104601,NA,NA,NA,0,60,53.3,8.3,21.7,1.7,15,55,NA,40652,17488,17488,14222,7890,9365,23.8,46.6,22.2,24807,38.3
"DeVry University-California","CA",482431,0,"Higher Learning Commission",3,4,"Profit","West","City",34.068481,-117.5876,40.1,NA,NA,0,1582,24.4,14.6,37.5,10.2,13.3,47.6,NA,37922,17488,17488,7248,2487,8973,16,49,8.9,24807,44.6
"DeVry University-Florida","FL",482459,0,"Higher Learning Commission",3,4,"Profit","Southeast","City",28.456226,-81.456099,33.3,NA,NA,0,281,26.7,31.7,31.7,1.4,8.6,59.4,NA,36277,17488,17488,20964,1820,9078,21.4,58,15.4,24807,56.6
"DeVry University-Georgia","GA",482468,0,"Higher Learning Commission",3,4,"Profit","Southeast","Suburb",33.775112,-84.297316,50,NA,NA,0,508,19.7,61,6.1,1,12.2,55.5,NA,36036,17488,17488,4675,1291,8855,17,62.1,10,24807,58.3
"DeVry University-Nevada","NV",482547,0,"Higher Learning Commission",3,4,"Profit","West","City",36.020266,-115.096601,NA,NA,NA,0,10,40,10,40,10,0,60,NA,40652,17488,17488,13922,5697,7740,NA,55.2,NA,24807,40
"DeVry University-New Jersey","NJ",482556,0,"Higher Learning Commission",3,4,"Profit","Northeast","Suburb",40.557503,-74.311372,100,NA,NA,0,88,29.5,29.5,23.9,4.6,12.5,48.9,NA,35581,17488,17488,14367,9215,11271,22.6,56.9,NA,24807,39.8
"DeVry University-North Carolina","NC",482565,0,NA,3,4,"Profit","Southeast","City",35.13766,-80.931971,NA,NA,NA,0,8,0,50,50,0,0,75,NA,25440,17488,17488,14861,2435,NA,NA,52.4,33.3,24807,62.5
"DeVry University-Ohio","OH",482574,0,"Higher Learning Commission",3,4,"Profit","Midwest","City",40.046679,-82.906219,50,NA,NA,0,218,59.6,25.2,2.8,2.8,9.6,52.3,NA,35193,17488,17488,3811,2052,8511,35,53.8,23.5,24807,49.5
"DeVry University-Texas","TX",482635,0,"Higher Learning Commission",3,4,"Profit","West","City",32.934524,-97.012494,0,NA,NA,0,84,31,23.8,31,3.6,10.7,44,NA,33242,17488,17488,14148,7533,8372,38.5,50,16.7,24807,34.5
"DeVry University-Virginia","VA",482653,0,"Higher Learning Commission",3,4,"Profit","Southeast","City",38.861096,-77.049759,33.3,NA,NA,0,59,20.3,52.5,8.5,0,18.6,35.6,NA,40652,17488,17488,14639,4696,8936,12.5,46.6,14.3,24807,45.8
"University of North Georgia","GA",482680,1,"Southern Association of Colleges and Schools Commission on Colleges",3,4,"Public","Southeast","Town",34.530219,-83.985694,69.6,23,1083,0,15815,70.7,3.7,16.4,3.1,6.1,26.7,10998,17892,4995,15391,4942,5581,7877,77.4,27.9,38.6,17750,55.8
"Northeastern University Professional Programs","MA",482705,0,"New England Commission on Higher Education",3,4,"Private","Northeast","City",42.339992,-71.088782,NA,NA,NA,0,1958,36.3,12.9,12.9,8.9,29,67.7,NA,NA,NA,NA,15247,6638,8924,12.4,7.9,NA,24250,66.3
"Florida Polytechnic University","FL",482936,1,"Southern Association of Colleges and Schools Commission on Colleges",3,4,"Public","Southeast","Rural",28.150149,-81.845995,56,29,1292,0,1517,57.4,6.9,23.5,4.4,7.8,10.3,8900,20179,4940,21005,1235,7618,9971,78.9,31.5,47.3,14250,18.7
"Antioch College","OH",483018,1,"Higher Learning Commission",3,3,"Private","Midwest","Rural",39.799806,-83.888077,83,23,NA,0,127,47.2,20.5,18.9,0.8,12.6,0,NA,49593,37143,37143,7975,16135,6751,88.9,72.9,25,NA,70.1
"Texas A&M University-Central Texas","TX",483036,1,"Southern Association of Colleges and Schools Commission on Colleges",3,4,"Public","West","Rural",31.053407,-97.775182,95.7,NA,NA,0,1706,37,24.7,28.1,3.9,6.2,65.8,2457,11349,6627,16419,7434,8515,8328,50.3,50.1,NA,17750,60.5
"Arizona State University Digital Immersion","AZ",483124,0,"Higher Learning Commission",3,4,"Public","West","City",33.463517,-111.924487,64.5,NA,NA,1,46412,53.5,7.6,23.3,4.7,10.9,61.3,NA,NA,NA,NA,6444,4589,10364,64.1,37.6,52.4,19500,63.3
"Ana G. Mendez University","FL",483595,1,"Middle States Commission on Higher Education",3,4,"Private","Southeast","City",28.482195,-81.30843,NA,NA,NA,0,4662,0.5,0,61.6,0,37.9,44.2,NA,23650,12980,12980,8355,3132,6427,100,75.8,NA,12188,77.1
"Washington University of Science and Technology","VA",483780,1,"Accrediting Commission of Career Schools and Colleges",3,0,"Profit","Southeast","Suburb",38.915226,-77.227315,NA,NA,NA,0,176,0,0,1.1,4.6,94.3,5.1,NA,NA,NA,NA,NA,NA,8333,NA,NA,78,NA,34.7
"University of Florida-Online","FL",484473,0,"Southern Association of Colleges and Schools Commission on Colleges",3,3,"Public","Southeast","City",29.649413,-82.339848,64.6,29,1331,1,4650,58,4.3,23.2,5.1,9.3,45.9,6072,17518,3876,16579,2219,4561,4477,11.1,20.6,78.7,15000,53
"University of Phoenix-Arizona","AZ",484613,1,"Higher Learning Commission",3,4,"Profit","West","City",33.41128,-112.012761,NA,NA,NA,0,66792,24.2,19.8,10.1,0.9,45.1,0,NA,18985,9552,9552,12405,1299,8092,5.8,44.1,18.1,31553,70.6
"University of Phoenix-California","CA",484631,0,"Higher Learning Commission",3,4,"Profit","West","City",34.065748,-117.58377,NA,NA,NA,0,438,11.9,11.4,26.7,2.5,47.5,0,NA,NA,NA,NA,10732,1124,NA,5.6,24.2,24.5,31553,37
"University of Phoenix-Nevada","NV",484710,0,NA,3,4,"Profit","West","Suburb",36.12164,-115.322506,NA,NA,NA,0,30,13.3,30,10,3.3,43.3,0,NA,NA,NA,NA,11171,1170,NA,NA,25,33.3,31553,26.7
"University of Phoenix-Texas","TX",484756,0,"Higher Learning Commission",3,4,"Profit","West","City",32.917551,-96.768673,NA,NA,NA,0,54,9.3,24.1,14.8,0,51.9,0,NA,NA,NA,NA,10206,1069,NA,NA,38.1,NA,31553,51.8
"Minerva University","CA",484844,0,NA,3,4,"Private","West","City",37.782711,-122.408039,1,NA,NA,0,613,7,0,0.7,2.3,90.1,0,NA,NA,17650,17650,15170,14108,12252,86.3,0,83.1,NA,57.8
"Rabbinical College Ohr Yisroel","NY",484871,1,"Association of Advanced Rabbinical and Talmudic Schools",3,3,"Private","Northeast","City",40.629707,-73.896524,NA,NA,NA,0,115,100,0,0,0,0,0,NA,15850,9000,9000,10132,7546,3553,NA,32.7,39.5,NA,0
"University of North Texas at Dallas","TX",484905,1,"Southern Association of Colleges and Schools Commission on Colleges",3,4,"Public","West","City",32.659588,-96.803446,93.6,18,1047,0,2923,9.4,27.2,50.3,2.7,10.4,43.5,9165,20965,9518,21758,8129,8133,8668,100,50.2,44,18606,66.1
"West Coast University-Miami","FL",485272,0,"Western Association of Schools and Colleges Senior Colleges and University Commission",3,3,"Profit","Southeast","City",25.81071,-80.347651,NA,NA,NA,0,914,4.8,13.7,77.6,1.6,2.3,42.3,NA,37131,23866,23866,24623,12808,7833,23.9,64.2,28.6,32946,89.6
"California Intercontinental University","SD",485546,1,"Distance Education Accrediting Commission",3,4,"Profit","Midwest","City",43.547576,-96.723619,NA,NA,NA,1,155,14.8,36.1,33.6,1.3,14.2,96.1,NA,NA,9054,9054,8398,1716,6333,0,65.3,NA,NA,45.8
"American College of the Building Arts","SC",485698,1,"Accrediting Commission of Career Schools and Colleges",3,3,"Private","Southeast","City",32.805094,-79.946888,76.7,24,1133,0,141,92.9,2.1,2.1,0,2.8,1.4,NA,36067,20572,20572,16544,13760,7852,76,20.7,53.3,12500,14.2
"Atlantis University","FL",485768,1,"Accrediting Commission of Career Schools and Colleges",3,4,"Profit","Southeast","City",25.786495,-80.211287,NA,NA,NA,0,443,5.9,19.4,44,0.2,30.5,0,NA,22583,12720,12720,10114,2978,2592,59.7,53.6,73.1,25870,32
"Bet Medrash Gadol Ateret Torah","NY",485999,1,"Association of Advanced Rabbinical and Talmudic Schools",3,3,"Private","Northeast","City",40.607809,-73.969945,92.1,NA,NA,0,91,100,0,0,0,0,0,NA,16000,10700,10700,3177,6804,3507,94.4,56.2,37.5,NA,0
"Yeshiva Ohr Yisrael","NY",486017,1,"Association of Advanced Rabbinical and Talmudic Schools",3,3,"Private","Northeast","City",40.61359,-73.944041,100,NA,NA,0,23,87,0,0,0,13,0,NA,17800,8950,8950,32038,46131,7648,NA,28.1,100,NA,0
"Yeshiva Sholom Shachna","NY",486026,1,"Association of Advanced Rabbinical and Talmudic Schools",3,3,"Private","Northeast","City",40.6275,-73.973431,100,NA,NA,0,117,100,0,0,0,0,0,NA,19450,10750,10750,12811,6090,7788,NA,38.7,38.1,NA,0
"Bethlehem College & Seminary","MN",486053,0,NA,3,4,"Private","Midwest","City",44.968872,-93.255399,NA,NA,NA,0,115,78.3,0.9,2.6,7.8,10.4,27.8,NA,NA,7244,7244,5856,9094,5504,82.3,0,63.3,NA,41.7
"Beth Medrash Meor Yitzchok","NY",486196,1,"Association of Advanced Rabbinical and Talmudic Schools",3,3,"Private","Northeast","Suburb",41.100906,-74.060843,56,NA,NA,0,189,96.8,0,0,0,3.2,0,NA,22270,11600,11600,6911,8818,5032,NA,49.5,3.8,NA,0
"San Ignacio University","FL",486239,1,"Distance Education Accrediting Commission",3,4,"Profit","Southeast","City",25.81067,-80.367975,NA,NA,NA,0,70,1.4,0,52.9,0,45.7,20,NA,21605,10405,10405,15115,2445,NA,3.6,5.7,81.8,NA,52.9
"Bethany Global University","MN",486284,1,"Association for Biblical Higher Education",3,4,"Private","Midwest","City",44.795501,-93.371754,96.2,NA,NA,0,222,71.2,5,5,3.1,15.8,7.2,NA,28738,16270,16270,3490,5602,4764,8.3,43.2,75.3,12000,71.2
"California Jazz Conservatory","CA",486488,1,"National Association of Schools of Music",3,3,"Private","West","City",37.871235,-122.268878,NA,NA,NA,0,23,60.9,4.3,26.1,0,8.7,13,NA,44554,22800,22800,30233,4411,8126,NA,30.4,50,NA,21.7
"Kennesaw State University","GA",486840,1,"Southern Association of Colleges and Schools Commission on Colleges",3,4,"Public","Southeast","Suburb",34.038807,-84.583052,67.8,23,1133,0,38051,45.5,25.2,14.6,5.5,9.1,25,17993,24808,5786,17040,5912,6121,8895,65,36,46.4,23833,49.9
"Milligan University","TN",486901,1,"Southern Association of Colleges and Schools Commission on Colleges",3,4,"Private","Southeast","Suburb",36.300147,-82.29407,66.7,25,1190,0,726,76.2,4.8,7.3,1.1,10.6,2.5,NA,47587,37550,37550,13363,8910,6865,63.9,26.7,63.4,25219,49.2
"Chamberlain University-Nevada","NV",486938,0,"Higher Learning Commission",3,3,"Profit","West","City",36.185176,-115.313525,81.8,NA,NA,0,567,27.9,9,26.5,28.6,8.1,62.6,NA,43266,20142,20142,24846,5809,8411,9.8,42.9,33.3,20919,82.7
"Chamberlain University-Michigan","MI",486947,0,"Higher Learning Commission",3,3,"Profit","Midwest","City",42.557063,-83.150571,40,NA,NA,0,637,63.7,18.2,5,7.1,6,58.9,NA,40545,19629,19629,25531,6056,8411,9.8,45.2,100,20919,88.1
"Chamberlain University-New Jersey","NJ",486956,0,"Higher Learning Commission",3,3,"Profit","Northeast","Suburb",40.465934,-74.438877,90,NA,NA,0,1261,27.4,39.2,19,9.4,4.9,66.1,NA,34136,20142,20142,25554,5438,7764,10.7,33,NA,20919,86.5
"Hussian College-Los Angeles","CA",486965,0,NA,3,3,"Profit","West","City",34.054877,-118.26069,47.7,NA,NA,0,262,52.7,10.3,21.4,3,12.6,0,NA,63440,41923,41923,20119,9034,6250,NA,28.6,51,18446,62.6
"The University of Tennessee Health Science Center","TN",487010,1,"Southern Association of Colleges and Schools Commission on Colleges",3,4,"Public","Southeast","City",35.138847,-90.033196,NA,NA,NA,0,295,40.7,20.3,3.4,2.7,32.9,4.8,NA,NA,NA,NA,25400,100480,11670,66.6,10.2,NA,12500,92.5
"Arizona College of Nursing-Las Vegas","NV",487375,0,"Accrediting Bureau of Health Education Schools",3,3,"Profit","West","Suburb",36.067353,-115.274149,100,NA,NA,0,1142,17.2,16.3,30.8,22.8,12.9,30.2,NA,33698,21653,21653,20585,5272,7409,0,51.7,75,9500,86.5
"Husson University","ME",487524,1,"New England Commission on Higher Education",3,4,"Private","Northeast","City",44.829002,-68.791476,91.3,NA,1100,0,2338,83.4,6.3,1,0.9,8.4,12.8,NA,33378,21090,21090,11447,6642,7944,100,37.4,59.9,27000,58.2
"Northwest University-Center for Online and Extended Education","WA",487603,0,"Northwest Commission on Colleges and Universities",3,4,"Private","West","Suburb",47.657502,-122.195774,NA,NA,NA,0,519,58.2,5.4,11.2,1.4,23.9,44.1,NA,27153,12210,12210,5709,3011,5721,NA,14.2,38.1,20891,62.8
"Yeshiva Zichron Aryeh","NY",487746,1,"Association of Advanced Rabbinical and Talmudic Schools",3,3,"Private","Northeast","City",40.606105,-73.764423,33.3,NA,NA,0,28,89.3,0,0,0,10.7,0,NA,NA,8750,8750,8351,35721,5112,NA,25,NA,NA,0
"Central Yeshiva Beth Joseph","NY",488004,1,"Association of Advanced Rabbinical and Talmudic Schools",3,3,"Private","Northeast","City",40.615411,-73.959386,NA,NA,NA,0,28,75,0,0,0,25,0,NA,NA,NA,NA,5622,13560,3369,NA,40,NA,NA,0
"Abraham Lincoln University","CA",488031,1,"Distance Education Accrediting Commission",3,4,"Profit","West","City",34.146294,-118.256726,NA,NA,NA,1,48,39.6,10.4,25,8.3,16.7,2.1,NA,NA,6480,6480,7354,1083,NA,NA,43.9,NA,NA,60.4
"Huntington University of Health Sciences","TN",488068,1,NA,3,4,"Profit","Southeast","Suburb",36.027559,-83.99327,NA,NA,NA,1,39,79.5,2.6,10.3,0,7.7,64.1,NA,28305,8242,8242,10721,2169,1098,NA,24.3,50,NA,87.2
"Beth Medrash of Asbury Park","NJ",488314,1,"Association of Advanced Rabbinical and Talmudic Schools",3,3,"Private","Northeast","Suburb",40.043705,-74.210816,75,NA,NA,0,96,85.4,0,0,0,14.6,0,NA,19300,12010,12010,8271,7012,4359,NA,48.1,NA,NA,0
"Seattle Film Institute","WA",488448,1,"Accrediting Commission of Career Schools and Colleges",3,4,"Profit","West","City",47.64894,-122.377121,NA,NA,NA,0,69,59.4,15.9,7.2,4.3,13,7.2,NA,48377,33000,33000,17529,3856,5542,NA,54.6,66.7,13000,31.9
"Indiana Wesleyan University-National & Global","IN",488679,0,"Higher Learning Commission",3,4,"Private","Midwest","Rural",40.510655,-85.677641,NA,NA,NA,0,5451,61.6,24.8,6,1.2,6.4,7.7,NA,21901,8120,8120,10406,3646,7679,100,47.7,40.4,24250,76
"John Patrick University of Health and Applied Sciences","IN",488776,1,"Accrediting Commission of Career Schools and Colleges",3,4,"Profit","Midwest","City",41.67338,-86.24973,100,NA,NA,0,152,40.1,9.2,10.5,7.9,32.2,45.4,NA,21338,17207,17207,11964,3052,NA,NA,24,NA,NA,67.1
"University of Saint Katherine","CA",488785,1,NA,3,4,"Private","West","Suburb",33.138387,-117.160766,65.6,NA,NA,0,204,24.5,5.9,49,3.9,16.7,6.9,NA,44473,28800,28800,16070,6575,7255,22,35,NA,21500,52.4
"Chamberlain University-North Carolina","NC",489344,0,"Higher Learning Commission",3,3,"Profit","Southeast","City",35.13766,-80.931971,50,NA,NA,0,268,34,45.1,11.9,3,6,68.7,NA,40545,19629,19629,25338,5518,8411,10,45,100,20919,91.8
"Chamberlain University-California","CA",489353,0,"Higher Learning Commission",3,3,"Profit","West","City",38.596193,-121.278258,0,NA,NA,0,597,35.2,6.4,18.1,30.1,10.2,47.1,NA,43266,20142,20142,26741,7039,8411,9.8,35,NA,20919,77.7
"Purdue University Global","IN",489779,1,"Higher Learning Commission",3,4,"Public","Midwest","City",40.45655,-86.928449,NA,NA,NA,0,33339,52.8,17.3,15.4,2.9,11.6,84,4765,13945,10134,14445,7283,1366,5306,17.8,48.6,20,26078,58.3
"Carolina University","NC",489937,1,"Transnational Association of Christian Colleges and Schools",3,4,"Private","Southeast","City",36.087962,-80.250153,52,NA,NA,0,350,43.4,16.3,15.1,0.9,24.3,15.1,NA,27373,15050,15050,8702,4841,5022,62.7,57.4,32.1,20287,46.9
"Presbyterian Theological Seminary in America","CA",490045,1,"Association for Biblical Higher Education",3,4,"Private","West","Suburb",33.88856,-118.047065,NA,NA,NA,0,36,0,0,0,55.6,44.4,55.6,NA,15189,8835,8835,5575,1480,1433,NA,48.8,50,NA,63.9
"America Evangelical University","CA",490081,1,"Association for Biblical Higher Education",3,4,"Private","West","City",33.883102,-118.295931,NA,NA,NA,0,18,0,0,0,27.8,72.2,22.2,NA,NA,6200,6200,3836,2981,1863,NA,27.1,66.7,NA,55.6
"Los Angeles Academy of Figurative Art","CA",490124,1,"National Association of Schools of Arts and Design",3,3,"Profit","West","City",34.208209,-118.5021,NA,NA,NA,0,5,40,0,20,40,0,0,NA,34694,31618,31618,25466,17430,1908,NA,37.5,33.3,NA,60
"Westcliff University","CA",490133,1,"Western Association of Schools and Colleges Senior Colleges and University Commission",3,4,"Profit","West","City",33.685537,-117.847973,67.4,NA,NA,0,1817,9.4,2.8,3.1,1.1,83.6,5.4,NA,31538,17550,17550,8553,1617,6685,13.1,10.7,44.4,23750,37.9
"Reformed University","GA",490230,1,"Transnational Association of Christian Colleges and Schools",3,4,"Private","Southeast","Suburb",33.971966,-84.07814,65,NA,NA,0,252,2,1.2,6.3,10.7,79.8,0.4,NA,NA,5360,5360,6762,1442,1063,100,0,NA,NA,57.1
"Yeshiva Bais Aharon","NJ",490319,1,"Association of Institutions of Jewish Studies",3,0,"Private","Northeast","City",40.101002,-74.203094,60,NA,NA,0,12,100,0,0,0,0,0,NA,15544,9950,9950,19236,18515,1316,NA,94.4,57.1,NA,0
"Mechon L'hoyroa","NY",490328,1,"Association of Institutions of Jewish Studies",3,3,"Private","Northeast","Suburb",41.117029,-74.058177,NA,NA,NA,0,94,100,0,0,0,0,0,NA,NA,11050,11050,8012,8596,1857,NA,74.6,66.7,NA,0
"Purdue University Northwest","IN",490805,1,"Higher Learning Commission",3,4,"Public","Midwest","Suburb",41.584324,-87.474236,72.8,23,1055,0,6083,53.7,10.9,25.3,3.2,7,23,8732,15746,8174,15165,7954,9940,8875,96.9,29.5,44.4,21229,54.7
"Yeshiva Kollel Tifereth Elizer","NY",491057,1,"Association of Advanced Rabbinical and Talmudic Schools",3,3,"Private","Northeast","City",40.637096,-73.992171,82.3,NA,NA,0,292,100,0,0,0,0,0,NA,26124,12300,12300,10218,5020,2990,82.3,89.4,16.7,NA,0
"University of Wisconsin-Milwaukee Flex","WI",491288,0,"Higher Learning Commission",3,3,"Public","Midwest","City",43.076848,-87.880488,37.5,NA,NA,1,606,76.6,5.6,6.8,2.3,8.7,87.5,21310,21310,6750,6750,2233,2743,11019,60,18.2,NA,23000,71.8
"University of Wisconsin-Parkside Flex","WI",491297,0,"Higher Learning Commission",3,3,"Public","Midwest","Rural",42.645603,-87.855007,0,NA,NA,1,145,75.9,6.9,5.5,2.1,9.6,93.1,NA,NA,6750,6750,1361,1600,12413,50,19.1,NA,20492,59.3
"Union Bible College","IN",491525,1,"Association for Biblical Higher Education",3,3,"Private","Midwest","Suburb",40.038757,-86.126025,89.1,NA,NA,0,92,81.5,1.1,16.3,1.1,0,33.7,NA,15001,6230,6230,1525,1641,910,38.5,35.1,54.5,NA,47.8
"Yeshiva Gedolah Tiferes Boruch","NJ",491613,1,"Association of Institutions of Jewish Studies",3,0,"Private","Northeast","Suburb",40.619593,-74.4346,86.4,NA,NA,0,69,100,0,0,0,0,0,NA,15300,9850,9850,8840,5482,3854,NA,55.4,15.4,NA,0
"Women's Institute of Torah Seminary and College","MD",491631,1,"Association of Institutions of Jewish Studies",3,3,"Private","Northeast","City",39.361349,-76.699496,100,NA,NA,0,134,100,0,0,0,0,9.7,NA,28455,9010,9010,7186,4062,NA,NA,20.1,100,NA,100
"Yeshiva Gedolah of Cliffwood","NJ",491710,1,"Association of Advanced Rabbinical and Talmudic Schools",3,3,"Private","Northeast","Suburb",40.442213,-74.224235,50,NA,NA,0,64,98.4,0,0,0,1.6,0,NA,15550,8550,8550,7094,6142,4792,NA,12.7,57.1,NA,0
"Yeshivas Emek Hatorah","NJ",491765,1,"Association of Institutions of Jewish Studies",3,3,"Private","Northeast","Rural",40.112501,-74.232083,100,NA,NA,0,89,100,0,0,0,0,0,NA,15150,9750,9750,15057,10762,6831,NA,9.2,30,NA,0
"Champion Christian College","AR",492069,1,"Transnational Association of Christian Colleges and Schools",3,3,"Private","Southeast","City",34.499589,-93.065945,NA,NA,NA,0,77,41.6,33.8,10.4,2.6,11.7,7.8,NA,19614,7755,7755,7950,3012,2188,55.6,62.1,NA,NA,42.9
"Texas Tech University Health Sciences Center-El Paso","TX",492689,1,"Southern Association of Colleges and Schools Commission on Colleges",3,4,"Public","West","City",31.771891,-106.43122,NA,NA,NA,0,257,8.2,3.5,83.7,0.4,4.3,16.3,NA,NA,NA,NA,13999,136573,11506,86.5,48.3,NA,12500,83.3
"Chamberlain University-Louisiana","LA",492759,0,"Higher Learning Commission",3,3,"Profit","Southeast","Suburb",29.962307,-90.152655,80,NA,NA,0,361,34.6,49,8.3,3.6,4.4,57.1,NA,36209,19629,19629,22087,5704,8411,10,41.4,NA,20919,90.6
"Drury University-College of Continuing Professional Studies","MO",492801,0,"Higher Learning Commission",3,3,"Private","Midwest","City",37.219681,-93.286192,NA,NA,NA,0,712,69.2,7.2,10.5,1.5,11.5,40.5,NA,20255,7924,7924,11542,6306,6352,75,58.2,18.4,20979,66.3
"Indiana Institute of Technology-College of Professional Studies","IN",492962,0,"Higher Learning Commission",3,3,"Private","Midwest","City",41.078365,-85.116479,NA,NA,NA,0,2457,32,16.5,3.9,0.8,46.9,55.6,NA,25603,10224,10224,13109,5619,NA,NA,55.6,NA,26391,61.9
"Yeshiva of Ocean","NY",493594,1,"Association of Institutions of Jewish Studies",3,3,"Private","Northeast","Rural",41.732961,-74.501698,64,NA,NA,0,40,100,0,0,0,0,0,NA,14550,8150,8150,8821,4645,NA,NA,69.4,100,NA,0
"Congregation Talmidei Mesivta Tiferes Shmiel Aleksander","NY",493600,1,"Association of Advanced Rabbinical and Talmudic Schools",3,3,"Private","Northeast","City",40.624233,-73.994778,NA,NA,NA,0,175,100,0,0,0,0,0,NA,25625,20000,20000,17027,6428,4769,74.1,72.7,14,NA,0
"Yeshivat Hechal Shemuel","NY",493664,1,"Association of Institutions of Jewish Studies",3,3,"Private","Northeast","City",40.610906,-73.955944,100,NA,NA,0,59,100,0,0,0,0,5.1,NA,18180,12380,12380,5811,20164,10909,NA,44.4,100,NA,0
"College Unbound","RI",493822,1,"New England Commission on Higher Education",3,3,"Private","Northeast","City",41.80644,-71.412848,NA,NA,NA,0,247,16.2,31.2,35.6,2.4,14.6,33.6,NA,25690,9984,9984,6212,9803,NA,NA,61.1,NA,12500,77.7
"Arizona College of Nursing-Dallas","TX",494162,0,"Accrediting Bureau of Health Education Schools",3,3,"Profit","West","City",32.923106,-96.75999,100,NA,NA,0,296,21.3,44.9,22,7.1,4.7,37.8,NA,32261,22826,22826,21910,9487,7262,0,51.6,NA,9500,89.5
"Christ Mission College","TX",494630,1,"Association for Biblical Higher Education",3,3,"Private","West","Suburb",29.543412,-98.70699,NA,NA,NA,0,47,6.4,2.1,80.8,0,10.6,8.5,NA,14398,8229,8229,8255,1337,NA,NA,56.8,43.8,NA,44.7
"Urshan College","MO",494685,1,"Higher Learning Commission",3,3,"Private","Midwest","Suburb",38.808034,-90.830252,85.3,NA,1039,0,467,71.3,4.5,14.3,1.5,8.3,16.9,NA,13598,7420,7420,8131,2175,4260,NA,38.2,57.1,NA,59.5
"Yeshiva Yesoda Hatorah Vetz Chaim","NY",494737,1,"Association of Advanced Rabbinical and Talmudic Schools",3,3,"Private","Northeast","City",40.706959,-73.961026,NA,NA,NA,0,171,100,0,0,0,0,0,NA,24800,20000,20000,17222,7735,4333,100,87,22.2,NA,0
"Oak Valley College","CA",495059,1,"Western Association of Schools and Colleges Senior Colleges and University Commission",3,3,"Private","West","Suburb",34.150067,-117.39089,NA,NA,NA,0,45,26.7,13.3,55.6,0,4.4,4.4,NA,19990,16080,16080,3921,2042,6667,NA,44,38.5,NA,48.9
"Arizona College of Nursing-Tampa","FL",495420,0,"Accrediting Bureau of Health Education Schools",3,3,"Profit","Southeast","City",27.955614,-82.523369,100,NA,NA,0,320,23.8,26.9,36.9,3.4,9.1,40,NA,30038,22346,22346,16640,5597,6792,0,55.5,NA,9500,87.8
"Arizona College of Nursing-Fort Lauderdale","FL",495439,0,"Accrediting Bureau of Health Education Schools",3,3,"Profit","Southeast","City",26.205783,-80.138479,100,NA,NA,0,321,10.3,65.1,16.5,2.2,5.9,34.3,NA,41981,25120,25120,18905,6310,7665,0,55.7,NA,9500,93.2
"Arizona College of Nursing-Tucson","AZ",495448,0,"Accrediting Bureau of Health Education Schools",3,3,"Profit","West","City",32.22113,-110.880434,100,NA,NA,0,516,33.7,4.5,53.3,3.5,5,25.4,NA,35415,22826,22826,20896,5026,7562,0,57.1,NA,9500,88.6
"Arizona College of Nursing-Phoenix","AZ",495457,0,"Accrediting Bureau of Health Education Schools",3,0,"Profit","West","City",33.635804,-112.117327,100,NA,NA,0,746,32.6,11.8,40.2,4.6,10.9,32.6,NA,37481,24000,24000,16234,2971,7656,0,50.5,NA,9500,89.5
"California Northstate University","CA",496627,1,"Western Association of Schools and Colleges Senior Colleges and University Commission",3,4,"Profit","West","Suburb",38.405942,-121.481542,94.7,NA,NA,0,146,13.7,4.1,0.7,67.1,14.4,0,NA,NA,52685,52685,53712,22761,11694,61,0,76,NA,56.9
"Antigua College International","FL",496636,1,"Accrediting Bureau of Health Education Schools",3,3,"Profit","Southeast","Suburb",25.904817,-80.327618,NA,NA,NA,0,213,1.9,8.9,89.2,0,0,0,NA,25860,23155,23155,29663,7186,4502,74.2,62,NA,NA,81.2
"NewU University","DC",496803,0,NA,3,0,"Private","Northeast","City",38.903529,-77.033557,90.4,NA,NA,0,18,0,61.1,27.8,0,11.1,0,NA,NA,16500,16500,NA,NA,5000,NA,NA,NA,NA,50
"Herzing University-Tampa","FL",496973,0,"Higher Learning Commission",3,0,"Private","Southeast","Suburb",27.976414,-82.335773,93.8,NA,NA,0,185,27,38.4,21.1,3.2,10.3,36.2,NA,28645,12750,12750,4151,4334,6833,NA,50,NA,21500,84.3
"Abilene Christian University-Undergraduate Online","TX",497037,0,"Southern Association of Colleges and Schools Commission on Colleges",3,3,"Private","West","Suburb",32.977065,-96.826833,99.2,NA,NA,1,766,38.4,19.6,31.3,1.4,9.3,40,NA,19042,14520,14520,3888,2592,NA,NA,72.5,NA,24250,80.6
"Great Northern University","WA",497213,1,"Transnational Association of Christian Colleges and Schools",3,3,"Private","West","City",47.675837,-117.400562,85.7,NA,NA,0,35,80,0,5.7,2.9,11.4,42.9,NA,30955,16500,16500,15107,34202,3806,NA,40,NA,NA,51.4
"Arizona College of Nursing-Salt Lake City","UT",497268,0,"Accrediting Bureau of Health Education Schools",3,0,"Profit","West","City",40.656372,-111.903426,100,NA,NA,0,258,61.2,5.4,21.3,4.7,7.4,29.8,NA,34085,21946,21946,17809,3907,7673,0,55.9,NA,9500,90.7
"Bridges Christian College","LA",497408,1,"Association for Biblical Higher Education",3,3,"Private","Southeast","City",29.935984,-90.103551,NA,NA,NA,1,60,66.7,25,6.7,0,1.7,21.7,NA,20508,6600,6600,849,3758,NA,NA,22.5,100,NA,43.3
"Jackson Theological Seminary","AR",497453,1,"Transnational Association of Christian Colleges and Schools",3,0,"Private","Southeast","City",34.758689,-92.261249,NA,NA,NA,0,2,0,100,0,0,0,50,NA,NA,NA,NA,0,38348,1125,NA,0,NA,NA,100
"Atlantis University-Florida Palms University","FL",497790,0,NA,3,0,"Profit","Southeast","City",25.786495,-80.211287,NA,NA,NA,0,107,15.9,10.3,46.7,0.9,26.2,0,NA,NA,12720,12720,180928,53276,2667,NA,0,NA,25870,3.7
"Evangel University-College of Online Learning","MO",497824,0,"Higher Learning Commission",3,3,"Private","Midwest","City",37.220956,-93.262614,92.3,NA,NA,1,226,76.6,0.9,11.5,0.9,10.2,58.4,NA,25014,8025,8025,4879,2812,NA,NA,55.2,NA,24736,56.6
"Arizona College of Nursing-Southfield","MI",498049,0,"Accrediting Bureau of Health Education Schools",3,0,"Profit","Midwest","City",42.48156,-83.260202,100,NA,NA,0,297,21.2,64,8.1,2.4,4.4,37.7,NA,41092,22826,22826,9458,1467,7621,0,72.1,NA,9500,93.3
"Pathways College-Arizona","AZ",498243,0,NA,3,0,"Private","West","City",33.472223,-112.06553,NA,NA,NA,1,6,33.3,0,50,0,16.7,0,NA,NA,7056,7056,NA,NA,6631,NA,NA,NA,NA,83.3
"Arizona College of Nursing-Falls Church","VA",498447,0,"Accrediting Bureau of Health Education Schools",3,0,"Profit","Southeast","Suburb",38.860531,-77.218156,100,NA,NA,0,144,16,56.9,15.3,5.6,6.2,49.3,NA,NA,22826,22826,4797,759,8750,NA,NA,NA,9500,93.8
"Arizona College of Nursing-Ontario","CA",498456,0,"Accrediting Bureau of Health Education Schools",3,0,"Profit","West","City",34.06676,-117.578071,100,NA,NA,0,210,10.5,13.3,53.8,10,12.4,32.9,NA,NA,29146,29146,3142,209,8542,0,NA,NA,9500,89
"Commonwealth University of Pennsylvania","PA",498562,1,"Middle States Commission on Higher Education",3,4,"Public","Northeast","Town",41.00782,-76.447844,94,NA,1067,0,9778,80,6.3,6.4,1.2,6.1,7.5,18756,24881,10848,18919,8396,10302,10782,84,31.8,53.6,26000,60.9
"Pennsylvania Western University","PA",498571,1,"Middle States Commission on Higher Education",3,4,"Public","Northeast","Town",40.064964,-79.88679,93.6,NA,1057,0,9203,77.6,9,3.9,1.1,8.4,14.7,18472,25365,10958,15630,9349,10320,10667,79.1,36.3,48.1,23725,61
